{"type":"FeatureCollection","meta":{"title":"红塘村建筑安全查询图层","source":"../平台素材/地图服务素材/红塘村建筑图层_WFS_原始.geojson","sourceGeneratedAt":"2026-07-29T03:39:56.363Z","generatedAt":"2026-07-29","privacyNote":"只保留建筑编号、新旧类型、高度、估算占地、中心坐标和几何轮廓；不包含姓名、电话、住址、家庭成员和人口等字段。","buildingCount":1490,"stats":{"oldCount":564,"newCount":926,"averageHeightM":13.6}},"bbox":[99.88847360814586,24.632635116577156,99.9179187771809,24.678653682650815],"features":[{"type":"Feature","id":"building-1","geometry":{"type":"MultiPolygon","coordinates":[[[[99.90866340108514,24.642826208064626],[99.90869634201836,24.64273667890214],[99.90860364502029,24.642708501991404],[99.90857070408708,24.642798031174095],[99.90866340108514,24.642826208064626]]]]},"properties":{"id":"1","kind":"old","heightM":11.6,"areaM2":103.2,"centerLongitude":99.908634,"centerLatitude":24.642767}},{"type":"Feature","id":"building-2","geometry":{"type":"MultiPolygon","coordinates":[[[[99.90902874834597,24.643767055229713],[99.90902859861264,24.643649038111523],[99.90897408162692,24.643649095253494],[99.90897423136026,24.643767112371627],[99.90902874834597,24.643767055229713]]]]},"properties":{"id":"2","kind":"new","heightM":14.5,"areaM2":72,"centerLongitude":99.909001,"centerLatitude":24.643708}},{"type":"Feature","id":"building-3","geometry":{"type":"MultiPolygon","coordinates":[[[[99.90849134041427,24.643075418427046],[99.90842772844445,24.6430893957569],[99.90845455613473,24.643190263370393],[99.90851816810452,24.643176286051826],[99.90849134041427,24.643075418427046]]]]},"properties":{"id":"3","kind":"new","heightM":12.7,"areaM2":76,"centerLongitude":99.908473,"centerLatitude":24.643133}},{"type":"Feature","id":"building-4","geometry":{"type":"MultiPolygon","coordinates":[[[[99.90853553236985,24.64316900446652],[99.90859935314431,24.643155828978326],[99.90857792333954,24.64307007244514],[99.90851410256508,24.643083247942386],[99.90853553236985,24.64316900446652]]]]},"properties":{"id":"4","kind":"old","heightM":10.8,"areaM2":64.4,"centerLongitude":99.908557,"centerLatitude":24.64312}},{"type":"Feature","id":"building-5","geometry":{"type":"MultiPolygon","coordinates":[[[[99.9079279396959,24.643134166927144],[99.9079428963738,24.64308219323778],[99.90784204136986,24.64305821578578],[99.90782708469196,24.643110189485117],[99.9079279396959,24.643134166927144]]]]},"properties":{"id":"5","kind":"old","heightM":11.6,"areaM2":62.6,"centerLongitude":99.907885,"centerLatitude":24.643096}},{"type":"Feature","id":"building-6","geometry":{"type":"MultiPolygon","coordinates":[[[[99.90890530571043,24.643788550892015],[99.90894822105189,24.64378853683527],[99.90894819340227,24.643718799405473],[99.90890527806081,24.64371881346223],[99.90890530571043,24.643788550892015]]]]},"properties":{"id":"6","kind":"new","heightM":8.5,"areaM2":33.5,"centerLongitude":99.908927,"centerLatitude":24.643754}},{"type":"Feature","id":"building-7","geometry":{"type":"MultiPolygon","coordinates":[[[[99.90784298686212,24.64300328206425],[99.90780561963263,24.642999910188056],[99.90780081575605,24.64304389124309],[99.90783818298554,24.6430472631181],[99.90784298686212,24.64300328206425]]]]},"properties":{"id":"7","kind":"old","heightM":5.4,"areaM2":18.6,"centerLongitude":99.907822,"centerLatitude":24.643024}},{"type":"Feature","id":"building-8","geometry":{"type":"MultiPolygon","coordinates":[[[[99.90689391641682,24.641385610837794],[99.90696618579621,24.64146485525559],[99.90707200094569,24.641385129424922],[99.90699973156627,24.64130588495654],[99.90689391641682,24.641385610837794]]]]},"properties":{"id":"8","kind":"new","heightM":15.3,"areaM2":158.2,"centerLongitude":99.906983,"centerLatitude":24.641385}},{"type":"Feature","id":"building-9","geometry":{"type":"MultiPolygon","coordinates":[[[[99.9065953385772,24.641105854387042],[99.90652165790475,24.64103568219135],[99.90641108518916,24.641131601152615],[99.90648476586165,24.641201773294416],[99.9065953385772,24.641105854387042]]]]},"properties":{"id":"9","kind":"new","heightM":17,"areaM2":165.8,"centerLongitude":99.906503,"centerLatitude":24.641119}},{"type":"Feature","id":"building-10","geometry":{"type":"MultiPolygon","coordinates":[[[[99.90672404352448,24.64143719045971],[99.90664688896838,24.641364192408876],[99.90655850306908,24.641441371385845],[99.90663565762516,24.641514369391576],[99.90672404352448,24.64143719045971]]]]},"properties":{"id":"10","kind":"new","heightM":13.6,"areaM2":138.7,"centerLongitude":99.906641,"centerLatitude":24.641439}},{"type":"Feature","id":"building-11","geometry":{"type":"MultiPolygon","coordinates":[[[[99.90709461184284,24.641426500580046],[99.90715447756959,24.64151064061033],[99.90726069269199,24.641448205746926],[99.90720082696524,24.641364065674583],[99.90709461184284,24.641426500580046]]]]},"properties":{"id":"11","kind":"new","heightM":14.1,"areaM2":141.7,"centerLongitude":99.907178,"centerLatitude":24.641437}},{"type":"Feature","id":"building-12","geometry":{"type":"MultiPolygon","coordinates":[[[[99.90643087620992,24.641854147618375],[99.90632810809583,24.64179203031395],[99.9062760599974,24.641863170242825],[99.90637882811149,24.64192528751187],[99.90643087620992,24.641854147618375]]]]},"properties":{"id":"12","kind":"new","heightM":13.7,"areaM2":117.9,"centerLongitude":99.906353,"centerLatitude":24.641859}},{"type":"Feature","id":"building-13","geometry":{"type":"MultiPolygon","coordinates":[[[[99.90640306124324,24.64105005637927],[99.90647803540467,24.64099265644218],[99.90640136758023,24.640909922837174],[99.9063263934188,24.640967322812287],[99.90640306124324,24.64105005637927]]]]},"properties":{"id":"13","kind":"new","heightM":13.2,"areaM2":118.6,"centerLongitude":99.906402,"centerLatitude":24.64098}},{"type":"Feature","id":"building-14","geometry":{"type":"MultiPolygon","coordinates":[[[[99.90638939213224,24.64127832499853],[99.90644956028851,24.641226214628276],[99.90638516954054,24.64116479135297],[99.90632500138429,24.641216901748844],[99.90638939213224,24.64127832499853]]]]},"properties":{"id":"14","kind":"new","heightM":10.4,"areaM2":78.9,"centerLongitude":99.906387,"centerLatitude":24.641222}},{"type":"Feature","id":"building-15","geometry":{"type":"MultiPolygon","coordinates":[[[[99.9070754258576,24.640816681217835],[99.9070389707428,24.64076175109147],[99.90694624722818,24.640812591349146],[99.90698270234297,24.640867521453156],[99.9070754258576,24.640816681217835]]]]},"properties":{"id":"15","kind":"new","heightM":12.1,"areaM2":77.7,"centerLongitude":99.907011,"centerLatitude":24.640815}},{"type":"Feature","id":"building-16","geometry":{"type":"MultiPolygon","coordinates":[[[[99.90864218115959,24.640338932335194],[99.90859335913554,24.6404207537503],[99.90868888015017,24.640467842842952],[99.90873770217421,24.640386021458692],[99.90864218115959,24.640338932335194]]]]},"properties":{"id":"16","kind":"old","heightM":12.1,"areaM2":113.1,"centerLongitude":99.908666,"centerLatitude":24.640403}},{"type":"Feature","id":"building-17","geometry":{"type":"MultiPolygon","coordinates":[[[[99.90903124901759,24.640558036452024],[99.90900361389302,24.640607415496145],[99.90913048385639,24.64066607640529],[99.90915811898097,24.64061669738436],[99.90903124901759,24.640558036452024]]]]},"properties":{"id":"17","kind":"new","heightM":15.8,"areaM2":88.2,"centerLongitude":99.909081,"centerLatitude":24.640612}},{"type":"Feature","id":"building-18","geometry":{"type":"MultiPolygon","coordinates":[[[[99.90897802364265,24.640617221304712],[99.90900855880878,24.64056734372546],[99.9088993044968,24.640512084468977],[99.90886876933067,24.640561962070297],[99.90897802364265,24.640617221304712]]]]},"properties":{"id":"18","kind":"old","heightM":13.9,"areaM2":79.8,"centerLongitude":99.908939,"centerLatitude":24.640565}},{"type":"Feature","id":"building-19","geometry":{"type":"MultiPolygon","coordinates":[[[[99.90874503271523,24.64047508848969],[99.90877954524535,24.64041639381765],[99.90873806341106,24.64039624226214],[99.90870355088093,24.640454936943648],[99.90874503271523,24.64047508848969]]]]},"properties":{"id":"19","kind":"old","heightM":8.2,"areaM2":35,"centerLongitude":99.908742,"centerLatitude":24.640436}},{"type":"Feature","id":"building-20","geometry":{"type":"MultiPolygon","coordinates":[[[[99.909139524096,24.640514289090273],[99.90908238425676,24.640496837424113],[99.90906512412211,24.640543526813875],[99.90912226396136,24.640560978473516],[99.909139524096,24.640514289090273]]]]},"properties":{"id":"20","kind":"new","heightM":6.7,"areaM2":33.2,"centerLongitude":99.909102,"centerLatitude":24.640529}},{"type":"Feature","id":"building-21","geometry":{"type":"MultiPolygon","coordinates":[[[[99.91178585562793,24.639911111424343],[99.91175240854638,24.639828646581847],[99.91163395764634,24.63986833869366],[99.9116674047279,24.639950803509947],[99.91178585562793,24.639911111424343]]]]},"properties":{"id":"21","kind":"new","heightM":14.1,"areaM2":124.1,"centerLongitude":99.91171,"centerLatitude":24.63989}},{"type":"Feature","id":"building-22","geometry":{"type":"MultiPolygon","coordinates":[[[[99.91082725811488,24.64203866860197],[99.9109197789904,24.642071328441574],[99.91095098683961,24.641998290122103],[99.91085846596407,24.641965630263403],[99.91082725811488,24.64203866860197]]]]},"properties":{"id":"22","kind":"old","heightM":11,"areaM2":87,"centerLongitude":99.910889,"centerLatitude":24.642018}},{"type":"Feature","id":"building-23","geometry":{"type":"MultiPolygon","coordinates":[[[[99.91089952368841,24.641867557822245],[99.9107927760079,24.64182706070862],[99.91076858744219,24.641879736017806],[99.9108753351227,24.641920233114355],[99.91089952368841,24.641867557822245]]]]},"properties":{"id":"23","kind":"old","heightM":12.9,"areaM2":73.8,"centerLongitude":99.910834,"centerLatitude":24.641874}},{"type":"Feature","id":"building-24","geometry":{"type":"MultiPolygon","coordinates":[[[[99.91071672086898,24.641961716139026],[99.91069611252996,24.64201398709739],[99.91080126982062,24.642048238898102],[99.91082187815962,24.64199596795407],[99.91071672086898,24.641961716139026]]]]},"properties":{"id":"24","kind":"old","heightM":12.4,"areaM2":69.4,"centerLongitude":99.910759,"centerLatitude":24.642005}},{"type":"Feature","id":"building-25","geometry":{"type":"MultiPolygon","coordinates":[[[[99.91097724620374,24.641952087305096],[99.91099975540435,24.64188939390779],[99.91091202546777,24.641863371447936],[99.91088951626718,24.641926064858303],[99.91097724620374,24.641952087305096]]]]},"properties":{"id":"25","kind":"old","heightM":10.3,"areaM2":68.1,"centerLongitude":99.910945,"centerLatitude":24.641908}},{"type":"Feature","id":"building-26","geometry":{"type":"MultiPolygon","coordinates":[[[[99.91095610533998,24.641776390692506],[99.91093576052943,24.641815929007176],[99.91101899702001,24.64185131342901],[99.91103934183054,24.641811775125536],[99.91095610533998,24.641776390692506]]]]},"properties":{"id":"26","kind":"old","heightM":10.2,"areaM2":44.9,"centerLongitude":99.910988,"centerLatitude":24.641814}},{"type":"Feature","id":"building-27","geometry":{"type":"MultiPolygon","coordinates":[[[[99.91077502746742,24.641802526082454],[99.9107231096147,24.641788808298124],[99.91070118401579,24.641857364555616],[99.91075310186854,24.641871082332422],[99.91077502746742,24.641802526082454]]]]},"properties":{"id":"27","kind":"new","heightM":8.7,"areaM2":43.2,"centerLongitude":99.910738,"centerLatitude":24.64183}},{"type":"Feature","id":"building-28","geometry":{"type":"MultiPolygon","coordinates":[[[[99.91085361618696,24.641744430967563],[99.9108359340237,24.641779539724435],[99.9109176382879,24.64181353571977],[99.91093532045116,24.641778426972458],[99.91085361618696,24.641744430967563]]]]},"properties":{"id":"28","kind":"new","heightM":10,"areaM2":38.8,"centerLongitude":99.910886,"centerLatitude":24.641779}},{"type":"Feature","id":"building-29","geometry":{"type":"MultiPolygon","coordinates":[[[[99.90837760604036,24.636843084941436],[99.90832561218421,24.636887506327767],[99.90840307833872,24.636962421360348],[99.90845507219487,24.63691800000066],[99.90837760604036,24.636843084941436]]]]},"properties":{"id":"29","kind":"new","heightM":12.6,"areaM2":82,"centerLongitude":99.90839,"centerLatitude":24.636903}},{"type":"Feature","id":"building-30","geometry":{"type":"MultiPolygon","coordinates":[[[[99.90924342882317,24.63814912296356],[99.90931759324398,24.638256246912974],[99.9093760171739,24.638222828360373],[99.90930185275309,24.638115704382304],[99.90924342882317,24.63814912296356]]]]},"properties":{"id":"30","kind":"new","heightM":15.5,"areaM2":97.7,"centerLongitude":99.90931,"centerLatitude":24.638186}},{"type":"Feature","id":"building-31","geometry":{"type":"MultiPolygon","coordinates":[[[[99.90866918788095,24.637163030211664],[99.90864098986724,24.637208184100825],[99.90874887293032,24.637263847725535],[99.90877707094403,24.637218693856493],[99.90866918788095,24.637163030211664]]]]},"properties":{"id":"31","kind":"old","heightM":13.8,"areaM2":72,"centerLongitude":99.908709,"centerLatitude":24.637213}},{"type":"Feature","id":"building-32","geometry":{"type":"MultiPolygon","coordinates":[[[[99.90883106850856,24.63807180159646],[99.90889462023738,24.638113634498357],[99.90893517507324,24.63806273180417],[99.90887162334444,24.638020898885227],[99.90883106850856,24.63807180159646]]]]},"properties":{"id":"32","kind":"old","heightM":8.7,"areaM2":55.2,"centerLongitude":99.908883,"centerLatitude":24.638067}},{"type":"Feature","id":"building-33","geometry":{"type":"MultiPolygon","coordinates":[[[[99.90993556564665,24.637479082173993],[99.9099808276985,24.637444776120336],[99.9099102480965,24.63736783898925],[99.90986498604464,24.63740214506403],[99.90993556564665,24.637479082173993]]]]},"properties":{"id":"33","kind":"new","heightM":12.3,"areaM2":66,"centerLongitude":99.909923,"centerLatitude":24.637423}},{"type":"Feature","id":"building-34","geometry":{"type":"MultiPolygon","coordinates":[[[[99.90806570073525,24.637428117680383],[99.90804952877714,24.637467745824548],[99.90814541115111,24.637500074710406],[99.90816158310922,24.6374604465765],[99.90806570073525,24.637428117680383]]]]},"properties":{"id":"34","kind":"new","heightM":11.4,"areaM2":48.3,"centerLongitude":99.908106,"centerLatitude":24.637464}},{"type":"Feature","id":"building-35","geometry":{"type":"MultiPolygon","coordinates":[[[[99.90955265753234,24.63732728915066],[99.90960546358887,24.637309092657933],[99.90957873950582,24.63724501699355],[99.90952593344925,24.637263213495615],[99.90955265753234,24.63732728915066]]]]},"properties":{"id":"35","kind":"old","heightM":8.4,"areaM2":43.3,"centerLongitude":99.909566,"centerLatitude":24.637286}},{"type":"Feature","id":"building-36","geometry":{"type":"MultiPolygon","coordinates":[[[[99.91018848314482,24.638573508779825],[99.9102273406965,24.638537119796386],[99.91017742261695,24.638493079621956],[99.91013856506528,24.638529468618227],[99.91018848314482,24.638573508779825]]]]},"properties":{"id":"36","kind":"old","heightM":7.7,"areaM2":39.5,"centerLongitude":99.910183,"centerLatitude":24.638533}},{"type":"Feature","id":"building-37","geometry":{"type":"MultiPolygon","coordinates":[[[[99.90831999950355,24.63699284062498],[99.90826366867675,24.63694441502754],[99.90823081800264,24.63697598774749],[99.90828714882942,24.637024413332693],[99.90831999950355,24.63699284062498]]]]},"properties":{"id":"37","kind":"new","heightM":8.6,"areaM2":37.7,"centerLongitude":99.908275,"centerLatitude":24.636984}},{"type":"Feature","id":"building-38","geometry":{"type":"MultiPolygon","coordinates":[[[[99.90957004881568,24.6374229012052],[99.90958088857498,24.63745092185357],[99.90964550419967,24.6374302693702],[99.90963466444038,24.637402248717194],[99.90957004881568,24.6374229012052]]]]},"properties":{"id":"38","kind":"new","heightM":7.6,"areaM2":22.8,"centerLongitude":99.909608,"centerLatitude":24.637427}},{"type":"Feature","id":"building-39","geometry":{"type":"MultiPolygon","coordinates":[[[[99.90945613024218,24.638227103886503],[99.90945598186427,24.63818827143293],[99.90941843116455,24.638188389977167],[99.90941857954246,24.638227222430704],[99.90945613024218,24.638227103886503]]]]},"properties":{"id":"39","kind":"new","heightM":4.8,"areaM2":16.3,"centerLongitude":99.909437,"centerLatitude":24.638208}},{"type":"Feature","id":"building-40","geometry":{"type":"MultiPolygon","coordinates":[[[[99.90557726729814,24.635222877789772],[99.9056982993954,24.63526378775021],[99.90574959408345,24.635138400731144],[99.90562856198619,24.635097490729656],[99.90557726729814,24.635222877789772]]]]},"properties":{"id":"40","kind":"old","heightM":16.4,"areaM2":193.2,"centerLongitude":99.905663,"centerLatitude":24.635181}},{"type":"Feature","id":"building-41","geometry":{"type":"MultiPolygon","coordinates":[[[[99.90778129025705,24.636613649524975],[99.90782915165525,24.63660788476314],[99.90781674771507,24.63652279783096],[99.90776888631686,24.636528562596713],[99.90778129025705,24.636613649524975]]]]},"properties":{"id":"41","kind":"new","heightM":10.5,"areaM2":46.3,"centerLongitude":99.907799,"centerLatitude":24.636568}},{"type":"Feature","id":"building-42","geometry":{"type":"MultiPolygon","coordinates":[[[[99.91111000446121,24.636102221156396],[99.91112260161283,24.636187284622363],[99.91118639921443,24.636179478492487],[99.91117380206278,24.636094415021205],[99.91111000446121,24.636102221156396]]]]},"properties":{"id":"42","kind":"old","heightM":10.5,"areaM2":61.8,"centerLongitude":99.911148,"centerLatitude":24.636141}},{"type":"Feature","id":"building-43","geometry":{"type":"MultiPolygon","coordinates":[[[[99.90965236425035,24.64248937673283],[99.90964365977011,24.6423907171355],[99.909505626462,24.64240077824914],[99.90951433094226,24.642499437838524],[99.90965236425035,24.64248937673283]]]]},"properties":{"id":"43","kind":"new","heightM":15.4,"areaM2":153.3,"centerLongitude":99.909579,"centerLatitude":24.642445}},{"type":"Feature","id":"building-44","geometry":{"type":"MultiPolygon","coordinates":[[[[99.90888390942742,24.640408730293156],[99.90884461526207,24.64047410268585],[99.908987735602,24.64054517610465],[99.90902702976734,24.64047980374915],[99.90888390942742,24.640408730293156]]]]},"properties":{"id":"44","kind":"old","heightM":18.2,"areaM2":135.9,"centerLongitude":99.908936,"centerLatitude":24.640477}},{"type":"Feature","id":"building-45","geometry":{"type":"MultiPolygon","coordinates":[[[[99.91139647164913,24.63774827490558],[99.91150393233384,24.63767351765116],[99.91139474549475,24.637543842043264],[99.91128728481004,24.63761859937528],[99.91139647164913,24.63774827490558]]]]},"properties":{"id":"45","kind":"old","heightM":20,"areaM2":247.1,"centerLongitude":99.911396,"centerLatitude":24.637646}},{"type":"Feature","id":"building-46","geometry":{"type":"MultiPolygon","coordinates":[[[[99.90860257625663,24.643051768441044],[99.90860240303525,24.643011170701698],[99.9085519070037,24.64301134869816],[99.90855208022508,24.64305194643745],[99.90860257625663,24.643051768441044]]]]},"properties":{"id":"46","kind":"old","heightM":5.6,"areaM2":22.9,"centerLongitude":99.908577,"centerLatitude":24.643032}},{"type":"Feature","id":"building-47","geometry":{"type":"MultiPolygon","coordinates":[[[[99.90782406173925,24.64222343420415],[99.90776421578299,24.64213577089263],[99.90764199824383,24.642204701295427],[99.9077018442001,24.64229236455857],[99.90782406173925,24.64222343420415]]]]},"properties":{"id":"47","kind":"new","heightM":16,"areaM2":166,"centerLongitude":99.907733,"centerLatitude":24.642214}},{"type":"Feature","id":"building-48","geometry":{"type":"MultiPolygon","coordinates":[[[[99.90864759326915,24.643141123262545],[99.90870085808334,24.643128949492244],[99.90866835324293,24.643011455072052],[99.90861508842875,24.643023628853804],[99.90864759326915,24.643141123262545]]]]},"properties":{"id":"48","kind":"old","heightM":14.8,"areaM2":74.4,"centerLongitude":99.908658,"centerLatitude":24.643076}},{"type":"Feature","id":"building-49","geometry":{"type":"MultiPolygon","coordinates":[[[[99.90793866863459,24.643015431424253],[99.90794574599614,24.642945991314615],[99.90786562279062,24.642939244882204],[99.90785854542906,24.643008684995593],[99.90793866863459,24.643015431424253]]]]},"properties":{"id":"49","kind":"old","heightM":9,"areaM2":62.8,"centerLongitude":99.907902,"centerLatitude":24.642977}},{"type":"Feature","id":"building-50","geometry":{"type":"MultiPolygon","coordinates":[[[[99.90994693636017,24.640285500279905],[99.91005238136381,24.640229358553217],[99.90995286795544,24.64007494127815],[99.90984742295181,24.64013108307424],[99.90994693636017,24.640285500279905]]]]},"properties":{"id":"50","kind":"old","heightM":21.9,"areaM2":244.6,"centerLongitude":99.90995,"centerLatitude":24.64018}},{"type":"Feature","id":"building-51","geometry":{"type":"MultiPolygon","coordinates":[[[[99.909204750289,24.640218692720918],[99.90920893224884,24.640088529788194],[99.90905605116639,24.64008447170532],[99.90905186920656,24.64021463464227],[99.909204750289,24.640218692720918]]]]},"properties":{"id":"51","kind":"old","heightM":17,"areaM2":222.7,"centerLongitude":99.90913,"centerLatitude":24.640152}},{"type":"Feature","id":"building-52","geometry":{"type":"MultiPolygon","coordinates":[[[[99.90987204171257,24.639784679437565],[99.90995390726661,24.6399018047758],[99.9100584625814,24.639841427582674],[99.90997659702737,24.63972430218783],[99.90987204171257,24.639784679437565]]]]},"properties":{"id":"52","kind":"new","heightM":17,"areaM2":192.2,"centerLongitude":99.909965,"centerLatitude":24.639813}},{"type":"Feature","id":"building-53","geometry":{"type":"MultiPolygon","coordinates":[[[[99.90944730786576,24.64030194151438],[99.90944932745316,24.640210764885982],[99.90933669749963,24.6402087037489],[99.90933467791224,24.640299880378805],[99.90944730786576,24.64030194151438]]]]},"properties":{"id":"53","kind":"new","heightM":12.5,"areaM2":114.9,"centerLongitude":99.909392,"centerLatitude":24.640255}},{"type":"Feature","id":"building-54","geometry":{"type":"MultiPolygon","coordinates":[[[[99.90955750102769,24.64007962201983],[99.90956781335848,24.640146021215703],[99.90965578916547,24.64013473282946],[99.90964547683468,24.640068333627585],[99.90955750102769,24.64007962201983]]]]},"properties":{"id":"54","kind":"new","heightM":9.9,"areaM2":66.6,"centerLongitude":99.909607,"centerLatitude":24.640107}},{"type":"Feature","id":"building-55","geometry":{"type":"MultiPolygon","coordinates":[[[[99.90974730803293,24.64046610817485],[99.9097749190424,24.640405082580635],[99.90968994592792,24.640373319369335],[99.90966233491845,24.640434344979067],[99.90974730803293,24.64046610817485]]]]},"properties":{"id":"55","kind":"old","heightM":10.2,"areaM2":67.8,"centerLongitude":99.909719,"centerLatitude":24.64042}},{"type":"Feature","id":"building-56","geometry":{"type":"MultiPolygon","coordinates":[[[[99.90958408427662,24.640331595981284],[99.90963226549152,24.640334398411607],[99.90963980336724,24.64022732904627],[99.90959162215233,24.64022452661354],[99.90958408427662,24.640331595981284]]]]},"properties":{"id":"56","kind":"new","heightM":13.1,"areaM2":57.9,"centerLongitude":99.909612,"centerLatitude":24.640279}},{"type":"Feature","id":"building-57","geometry":{"type":"MultiPolygon","coordinates":[[[[99.9096300088344,24.64006483693742],[99.90962425883431,24.64001444637324],[99.90954052851417,24.640022340001117],[99.9095462785143,24.640072730562114],[99.9096300088344,24.64006483693742]]]]},"properties":{"id":"57","kind":"new","heightM":9.4,"areaM2":47.7,"centerLongitude":99.909585,"centerLatitude":24.640044}},{"type":"Feature","id":"building-58","geometry":{"type":"MultiPolygon","coordinates":[[[[99.91162114162836,24.639803058623848],[99.91164408453572,24.63985898433622],[99.91172779450484,24.63983061228715],[99.91170485159746,24.63977468656207],[99.91162114162836,24.639803058623848]]]]},"properties":{"id":"58","kind":"new","heightM":9.9,"areaM2":59.6,"centerLongitude":99.911674,"centerLatitude":24.639817}},{"type":"Feature","id":"building-59","geometry":{"type":"MultiPolygon","coordinates":[[[[99.91074048566108,24.64188516032925],[99.9106919990577,24.641869821219654],[99.9106621004093,24.641947900440236],[99.91071058701266,24.64196323954024],[99.91074048566108,24.64188516032925]]]]},"properties":{"id":"59","kind":"new","heightM":10.1,"areaM2":47.5,"centerLongitude":99.910701,"centerLatitude":24.641917}},{"type":"Feature","id":"building-60","geometry":{"type":"MultiPolygon","coordinates":[[[[99.91007753424567,24.63820844052183],[99.91017159281795,24.63839290626103],[99.91026898753285,24.638351875923505],[99.91017492896057,24.63816741012372],[99.91007753424567,24.63820844052183]]]]},"properties":{"id":"60","kind":"old","heightM":24.9,"areaM2":244.1,"centerLongitude":99.910173,"centerLatitude":24.63828}},{"type":"Feature","id":"building-61","geometry":{"type":"MultiPolygon","coordinates":[[[[99.90907739274174,24.637742366263122],[99.90901994016488,24.637792171288115],[99.90915728178179,24.63792306813432],[99.90921473435861,24.637873263161513],[99.90907739274174,24.637742366263122]]]]},"properties":{"id":"61","kind":"new","heightM":22.2,"areaM2":160.6,"centerLongitude":99.909117,"centerLatitude":24.637833}},{"type":"Feature","id":"building-62","geometry":{"type":"MultiPolygon","coordinates":[[[[99.91035338764696,24.63831596089078],[99.91028340348703,24.638175454952528],[99.91021646692397,24.638203000813085],[99.91028645108392,24.63834350672035],[99.91035338764696,24.63831596089078]]]]},"properties":{"id":"62","kind":"old","heightM":18.9,"areaM2":126.7,"centerLongitude":99.910285,"centerLatitude":24.638259}},{"type":"Feature","id":"building-63","geometry":{"type":"MultiPolygon","coordinates":[[[[99.90979327668708,24.638275126948486],[99.90970242197133,24.638282282246184],[99.90971362961297,24.638399858933823],[99.90980448432872,24.638392703642857],[99.90979327668708,24.638275126948486]]]]},"properties":{"id":"63","kind":"new","heightM":14.5,"areaM2":120.4,"centerLongitude":99.909753,"centerLatitude":24.638337}},{"type":"Feature","id":"building-64","geometry":{"type":"MultiPolygon","coordinates":[[[[99.90856745300908,24.637025396697652],[99.90850551510364,24.63707831421041],[99.90857682114184,24.637147271336392],[99.90863875904732,24.637094353852845],[99.90856745300908,24.637025396697652]]]]},"properties":{"id":"64","kind":"new","heightM":11.6,"areaM2":90,"centerLongitude":99.908572,"centerLatitude":24.637086}},{"type":"Feature","id":"building-65","geometry":{"type":"MultiPolygon","coordinates":[[[[99.9097440001372,24.637487776261082],[99.90968528603312,24.637536350531786],[99.90977628708553,24.637627231948297],[99.9098350011896,24.637578657712925],[99.9097440001372,24.637487776261082]]]]},"properties":{"id":"65","kind":"old","heightM":15,"areaM2":109.1,"centerLongitude":99.90976,"centerLatitude":24.637558}},{"type":"Feature","id":"building-66","geometry":{"type":"MultiPolygon","coordinates":[[[[99.9103337429712,24.63813593048895],[99.9103752674715,24.6382337799342],[99.91044374423463,24.638209770759605],[99.91040221973434,24.638111921295554],[99.9103337429712,24.63813593048895]]]]},"properties":{"id":"66","kind":"old","heightM":12.8,"areaM2":86.1,"centerLongitude":99.910389,"centerLatitude":24.638173}},{"type":"Feature","id":"building-67","geometry":{"type":"MultiPolygon","coordinates":[[[[99.90949883067637,24.63780594762006],[99.90955425202522,24.637753061649406],[99.9094726915684,24.637682444955324],[99.90941727021954,24.637735330955874],[99.90949883067637,24.63780594762006]]]]},"properties":{"id":"67","kind":"old","heightM":12.5,"areaM2":92,"centerLongitude":99.909486,"centerLatitude":24.637744}},{"type":"Feature","id":"building-68","geometry":{"type":"MultiPolygon","coordinates":[[[[99.9098441868232,24.6381370249516],[99.90985708689536,24.638232869882433],[99.9099316329552,24.638224580243385],[99.90991873288303,24.638128735306196],[99.9098441868232,24.6381370249516]]]]},"properties":{"id":"68","kind":"new","heightM":11.8,"areaM2":81.1,"centerLongitude":99.909888,"centerLatitude":24.638181}},{"type":"Feature","id":"building-69","geometry":{"type":"MultiPolygon","coordinates":[[[[99.91005065724498,24.637510494591705],[99.91004226200563,24.637570736443514],[99.9101677167651,24.637585181337176],[99.91017611200446,24.63752493949234],[99.91005065724498,24.637510494591705]]]]},"properties":{"id":"69","kind":"new","heightM":14.1,"areaM2":85.9,"centerLongitude":99.910109,"centerLatitude":24.637548}},{"type":"Feature","id":"building-70","geometry":{"type":"MultiPolygon","coordinates":[[[[99.90996661729478,24.6377062831414],[99.90991608727116,24.637761327593157],[99.90999530262876,24.637821408483735],[99.91004583265239,24.637766364058454],[99.90996661729478,24.6377062831414]]]]},"properties":{"id":"70","kind":"old","heightM":11.5,"areaM2":82.7,"centerLongitude":99.909981,"centerLatitude":24.637764}},{"type":"Feature","id":"building-71","geometry":{"type":"MultiPolygon","coordinates":[[[[99.90968033212178,24.637973114192715],[99.90966287068294,24.63802794278654],[99.9097782944161,24.63805831365827],[99.90979575585494,24.63800348507778],[99.90968033212178,24.637973114192715]]]]},"properties":{"id":"71","kind":"old","heightM":13.4,"areaM2":76.7,"centerLongitude":99.909729,"centerLatitude":24.638016}},{"type":"Feature","id":"building-72","geometry":{"type":"MultiPolygon","coordinates":[[[[99.90927048770865,24.637977124068122],[99.90919705277729,24.638042287873702],[99.90927518761646,24.63811503737868],[99.90934862254784,24.638049873611045],[99.90927048770865,24.637977124068122]]]]},"properties":{"id":"72","kind":"new","heightM":12.5,"areaM2":116.7,"centerLongitude":99.909273,"centerLatitude":24.638046}},{"type":"Feature","id":"building-73","geometry":{"type":"MultiPolygon","coordinates":[[[[99.91001513277547,24.63817017240769],[99.90999259100354,24.638080660819472],[99.90993267572459,24.63809312704585],[99.90995521749653,24.638182638625135],[99.91001513277547,24.63817017240769]]]]},"properties":{"id":"73","kind":"new","heightM":11.2,"areaM2":63.1,"centerLongitude":99.909974,"centerLatitude":24.638132}},{"type":"Feature","id":"building-74","geometry":{"type":"MultiPolygon","coordinates":[[[[99.90959521448194,24.639147409493678],[99.90956301300875,24.639059256936275],[99.9095130580712,24.639074333455078],[99.90954525954439,24.63916248600184],[99.90959521448194,24.639147409493678]]]]},"properties":{"id":"74","kind":"new","heightM":11.4,"areaM2":54.7,"centerLongitude":99.909554,"centerLatitude":24.639111}},{"type":"Feature","id":"building-75","geometry":{"type":"MultiPolygon","coordinates":[[[[99.9098910397744,24.637773677200965],[99.90985406323226,24.637821745340894],[99.90993236718948,24.637871512551406],[99.90996934373163,24.637823444430627],[99.9098910397744,24.637773677200965]]]]},"properties":{"id":"75","kind":"old","heightM":10.6,"areaM2":62.7,"centerLongitude":99.909912,"centerLatitude":24.637823}},{"type":"Feature","id":"building-76","geometry":{"type":"MultiPolygon","coordinates":[[[[99.90966817909373,24.63731058007548],[99.9096219541755,24.637313887204904],[99.90962916246292,24.637397130844267],[99.90967538738114,24.63739382371704],[99.90966817909373,24.63731058007548]]]]},"properties":{"id":"76","kind":"old","heightM":10.2,"areaM2":43.3,"centerLongitude":99.909649,"centerLatitude":24.637354}},{"type":"Feature","id":"building-77","geometry":{"type":"MultiPolygon","coordinates":[[[[99.90968190769705,24.63831406464516],[99.90963386404364,24.638318399410927],[99.90964260838994,24.638398472165285],[99.90969065204337,24.638394137402294],[99.90968190769705,24.63831406464516]]]]},"properties":{"id":"77","kind":"new","heightM":9.9,"areaM2":43.4,"centerLongitude":99.909662,"centerLatitude":24.638356}},{"type":"Feature","id":"building-78","geometry":{"type":"MultiPolygon","coordinates":[[[[99.91002290748241,24.63763603744446],[99.91001433747414,24.637685862591354],[99.91010228698467,24.637698361085818],[99.91011085699293,24.637648535943903],[99.91002290748241,24.63763603744446]]]]},"properties":{"id":"78","kind":"new","heightM":9.9,"areaM2":50.2,"centerLongitude":99.910063,"centerLatitude":24.637667}},{"type":"Feature","id":"building-79","geometry":{"type":"MultiPolygon","coordinates":[[[[99.90940787201079,24.637773733253095],[99.90937561332514,24.63780585948101],[99.90944026861933,24.637859498609135],[99.90947252730498,24.637827372395016],[99.90940787201079,24.637773733253095]]]]},"properties":{"id":"79","kind":"old","heightM":9.7,"areaM2":42.6,"centerLongitude":99.909424,"centerLatitude":24.637817}},{"type":"Feature","id":"building-80","geometry":{"type":"MultiPolygon","coordinates":[[[[99.90943213914173,24.638041924574324],[99.90937656151671,24.638018701143594],[99.90934520630633,24.638080698392873],[99.90940078393133,24.63810392181208],[99.90943213914173,24.638041924574324]]]]},"properties":{"id":"80","kind":"new","heightM":8.4,"areaM2":46.7,"centerLongitude":99.909389,"centerLatitude":24.638061}},{"type":"Feature","id":"building-81","geometry":{"type":"MultiPolygon","coordinates":[[[[99.91045069349907,24.63806961712016],[99.91044619414876,24.638018890614163],[99.91036868387796,24.638024570809318],[99.91037318322829,24.63807529731301],[99.91045069349907,24.63806961712016]]]]},"properties":{"id":"81","kind":"old","heightM":8.7,"areaM2":44.3,"centerLongitude":99.91041,"centerLatitude":24.638047}},{"type":"Feature","id":"building-82","geometry":{"type":"MultiPolygon","coordinates":[[[[99.90976639984505,24.637902066765964],[99.90975388059647,24.637951198078838],[99.90981024388951,24.63796306412488],[99.9098227631381,24.637913932816673],[99.90976639984505,24.637902066765964]]]]},"properties":{"id":"82","kind":"old","heightM":6.4,"areaM2":32.6,"centerLongitude":99.909788,"centerLatitude":24.637933}},{"type":"Feature","id":"building-83","geometry":{"type":"MultiPolygon","coordinates":[[[[99.90788967002,24.63661526709017],[99.90795831787014,24.636602889665202],[99.90793516317365,24.636496784877494],[99.9078665153235,24.636509162312976],[99.90788967002,24.63661526709017]]]]},"properties":{"id":"83","kind":"old","heightM":13.2,"areaM2":84.7,"centerLongitude":99.907912,"centerLatitude":24.636556}},{"type":"Feature","id":"building-84","geometry":{"type":"MultiPolygon","coordinates":[[[[99.91112810704969,24.63604268112303],[99.91114199931809,24.63607336158308],[99.91119996936969,24.636051673666035],[99.91118607710129,24.636020993200663],[99.91112810704969,24.63604268112303]]]]},"properties":{"id":"84","kind":"old","heightM":7,"areaM2":23.3,"centerLongitude":99.911164,"centerLatitude":24.636047}},{"type":"Feature","id":"building-85","geometry":{"type":"MultiPolygon","coordinates":[[[[99.91051523647519,24.63820363445705],[99.91046153097751,24.638093593429232],[99.91041584992605,24.63811201338988],[99.91046955542373,24.638222054401474],[99.91051523647519,24.63820363445705]]]]},"properties":{"id":"85","kind":"old","heightM":14.7,"areaM2":67.3,"centerLongitude":99.910466,"centerLatitude":24.638158}},{"type":"Feature","id":"building-86","geometry":{"type":"MultiPolygon","coordinates":[[[[99.9089310714963,24.637811387512517],[99.90888562532881,24.637843098597273],[99.90895729908692,24.637927965179927],[99.90900274525443,24.637896254116715],[99.9089310714963,24.637811387512517]]]]},"properties":{"id":"86","kind":"old","heightM":13.1,"areaM2":68.6,"centerLongitude":99.908944,"centerLatitude":24.63787}},{"type":"Feature","id":"building-87","geometry":{"type":"MultiPolygon","coordinates":[[[[99.90950492529888,24.63908581492468],[99.90944847433511,24.639094428883446],[99.90946365013052,24.63917659668571],[99.90952010109429,24.639167982732612],[99.90950492529888,24.63908581492468]]]]},"properties":{"id":"87","kind":"new","heightM":10.2,"areaM2":53.3,"centerLongitude":99.909484,"centerLatitude":24.639131}},{"type":"Feature","id":"building-88","geometry":{"type":"MultiPolygon","coordinates":[[[[99.9103593151178,24.637962356997487],[99.910363606482,24.637997303292405],[99.91043208816606,24.637990355319282],[99.91042779680188,24.637955409022425],[99.9103593151178,24.637962356997487]]]]},"properties":{"id":"88","kind":"old","heightM":7.7,"areaM2":27.1,"centerLongitude":99.910396,"centerLatitude":24.637976}},{"type":"Feature","id":"building-89","geometry":{"type":"MultiPolygon","coordinates":[[[[99.91007366469614,24.63775425593454],[99.91003942270179,24.63779032634103],[99.91009164900062,24.63783128899496],[99.91012589099496,24.637795218600303],[99.91007366469614,24.63775425593454]]]]},"properties":{"id":"89","kind":"old","heightM":7.7,"areaM2":36.8,"centerLongitude":99.910083,"centerLatitude":24.637793}},{"type":"Feature","id":"building-90","geometry":{"type":"MultiPolygon","coordinates":[[[[99.89340559455295,24.664319925839553],[99.8933613778163,24.66427266375819],[99.89326886104561,24.664344146416543],[99.89331307778225,24.664391408470827],[99.89340559455295,24.664319925839553]]]]},"properties":{"id":"90","kind":"new","heightM":13.5,"areaM2":84.2,"centerLongitude":99.893337,"centerLatitude":24.664332}},{"type":"Feature","id":"building-91","geometry":{"type":"MultiPolygon","coordinates":[[[[99.8936538562872,24.66413390241453],[99.89359751577686,24.664082797130483],[99.89350683341111,24.664165360135943],[99.89356317392146,24.66421646538617],[99.8936538562872,24.66413390241453]]]]},"properties":{"id":"91","kind":"old","heightM":14.3,"areaM2":103.8,"centerLongitude":99.89358,"centerLatitude":24.66415}},{"type":"Feature","id":"building-92","geometry":{"type":"MultiPolygon","coordinates":[[[[99.8936217925118,24.6640545834272],[99.89367312802214,24.664104457991822],[99.8937489578958,24.664039998472678],[99.89369762238543,24.663990123882286],[99.8936217925118,24.6640545834272]]]]},"properties":{"id":"92","kind":"new","heightM":11.6,"areaM2":79.3,"centerLongitude":99.893685,"centerLatitude":24.664047}},{"type":"Feature","id":"building-93","geometry":{"type":"MultiPolygon","coordinates":[[[[99.89341109872146,24.664228629872845],[99.8933721916308,24.664259445194016],[99.89346191100793,24.664352997583403],[99.89350081809859,24.66432218228534],[99.89341109872146,24.664228629872845]]]]},"properties":{"id":"93","kind":"old","heightM":15.2,"areaM2":71.6,"centerLongitude":99.893437,"centerLatitude":24.664291}},{"type":"Feature","id":"building-94","geometry":{"type":"MultiPolygon","coordinates":[[[[99.89352305660726,24.664202306780453],[99.89347991582918,24.664165002411657],[99.89342374893658,24.66421864575767],[99.8934668897147,24.664255950110427],[99.89352305660726,24.664202306780453]]]]},"properties":{"id":"94","kind":"old","heightM":9.1,"areaM2":49.3,"centerLongitude":99.893473,"centerLatitude":24.66421}},{"type":"Feature","id":"building-95","geometry":{"type":"MultiPolygon","coordinates":[[[[99.89357027500822,24.664271639511668],[99.89354156826847,24.664236814318784],[99.89348052865515,24.664278367935026],[99.89350923539489,24.66431319311632],[99.89357027500822,24.664271639511668]]]]},"properties":{"id":"95","kind":"old","heightM":8.5,"areaM2":37.1,"centerLongitude":99.893525,"centerLatitude":24.664275}},{"type":"Feature","id":"building-96","geometry":{"type":"MultiPolygon","coordinates":[[[[99.89337143963583,24.66439760559761],[99.8934018436328,24.664426603154137],[99.893466745053,24.66437040408176],[99.89343634105603,24.66434140651217],[99.89337143963583,24.66439760559761]]]]},"properties":{"id":"96","kind":"new","heightM":10,"areaM2":40.2,"centerLongitude":99.893419,"centerLatitude":24.664384}},{"type":"Feature","id":"building-97","geometry":{"type":"MultiPolygon","coordinates":[[[[99.89426298926881,24.663890741019955],[99.89421055117803,24.66383977241764],[99.89410666712445,24.663928040237185],[99.89415910521524,24.663979008803445],[99.89426298926881,24.663890741019955]]]]},"properties":{"id":"97","kind":"old","heightM":15.8,"areaM2":111,"centerLongitude":99.894185,"centerLatitude":24.663909}},{"type":"Feature","id":"building-98","geometry":{"type":"MultiPolygon","coordinates":[[[[99.89574880147529,24.6657733196699],[99.89569171383508,24.66579422477872],[99.89573201370497,24.665885109144657],[99.89578910134517,24.66586420405107],[99.89574880147529,24.6657733196699]]]]},"properties":{"id":"98","kind":"new","heightM":12,"areaM2":67.4,"centerLongitude":99.89574,"centerLatitude":24.665829}},{"type":"Feature","id":"building-99","geometry":{"type":"MultiPolygon","coordinates":[[[[99.89600000886249,24.665565497406472],[99.89596962409038,24.66550348480183],[99.89589392755501,24.665534115004906],[99.8959243123271,24.66559612759432],[99.89600000886249,24.665565497406472]]]]},"properties":{"id":"99","kind":"new","heightM":9.2,"areaM2":62.9,"centerLongitude":99.895947,"centerLatitude":24.66555}},{"type":"Feature","id":"building-100","geometry":{"type":"MultiPolygon","coordinates":[[[[99.89584910429713,24.665751244021187],[99.89579235001541,24.665776759695593],[99.89583580984717,24.66585659144535],[99.89589256412889,24.665831075787267],[99.89584910429713,24.665751244021187]]]]},"properties":{"id":"100","kind":"new","heightM":10.9,"areaM2":63.1,"centerLongitude":99.895842,"centerLatitude":24.665804}},{"type":"Feature","id":"building-101","geometry":{"type":"MultiPolygon","coordinates":[[[[99.89609032869923,24.665536255741262],[99.89606995644549,24.66548399554448],[99.89599410112226,24.6655084159081],[99.89601447337601,24.665560676094653],[99.89609032869923,24.665536255741262]]]]},"properties":{"id":"101","kind":"new","heightM":9,"areaM2":49.9,"centerLongitude":99.896042,"centerLatitude":24.665522}},{"type":"Feature","id":"building-102","geometry":{"type":"MultiPolygon","coordinates":[[[[99.89425798922994,24.663939908847098],[99.89429425093483,24.66396665122583],[99.89435358927545,24.66390020161117],[99.89431732757055,24.6638734592182],[99.89425798922994,24.663939908847098]]]]},"properties":{"id":"102","kind":"new","heightM":10.5,"areaM2":44.7,"centerLongitude":99.894306,"centerLatitude":24.66392}},{"type":"Feature","id":"building-103","geometry":{"type":"MultiPolygon","coordinates":[[[[99.89576523859525,24.66599802011241],[99.8958122476586,24.66598729016424],[99.89579054070488,24.66590875256378],[99.89574353164153,24.665919482518706],[99.89576523859525,24.66599802011241]]]]},"properties":{"id":"103","kind":"new","heightM":9.9,"areaM2":43.9,"centerLongitude":99.895778,"centerLatitude":24.665953}},{"type":"Feature","id":"building-104","geometry":{"type":"MultiPolygon","coordinates":[[[[99.90184056868998,24.665306747540495],[99.9019432067871,24.66535806655883],[99.90198683628584,24.66528600399209],[99.90188419818875,24.665234684944114],[99.90184056868998,24.665306747540495]]]]},"properties":{"id":"104","kind":"new","heightM":13,"areaM2":107.8,"centerLongitude":99.901914,"centerLatitude":24.665296}},{"type":"Feature","id":"building-105","geometry":{"type":"MultiPolygon","coordinates":[[[[99.90220209472248,24.66564900837797],[99.90223748906753,24.665585968079878],[99.90211347229418,24.665528464684268],[99.90207807794911,24.665591505011413],[99.90220209472248,24.66564900837797]]]]},"properties":{"id":"105","kind":"new","heightM":15.5,"areaM2":110.2,"centerLongitude":99.902158,"centerLatitude":24.665589}},{"type":"Feature","id":"building-106","geometry":{"type":"MultiPolygon","coordinates":[[[[99.9017089318424,24.66663486773106],[99.90175041363817,24.66658966461591],[99.90171077736322,24.66655962651631],[99.90166929556743,24.666604829642342],[99.9017089318424,24.66663486773106]]]]},"properties":{"id":"106","kind":"new","heightM":7.2,"areaM2":34,"centerLongitude":99.90171,"centerLatitude":24.666597}},{"type":"Feature","id":"building-107","geometry":{"type":"MultiPolygon","coordinates":[[[[99.90203976631167,24.665181040763837],[99.90199685096744,24.665181040763837],[99.90199685096744,24.66521859169002],[99.90203976631167,24.66521859169002],[99.90203976631167,24.665181040763837]]]]},"properties":{"id":"107","kind":"new","heightM":4.8,"areaM2":18,"centerLongitude":99.902018,"centerLatitude":24.6652}},{"type":"Feature","id":"building-108","geometry":{"type":"MultiPolygon","coordinates":[[[[99.90335657682402,24.665101316772457],[99.90337660478974,24.66505177157554],[99.90332314974012,24.665033926223003],[99.90330312177439,24.665083471427007],[99.90335657682402,24.665101316772457]]]]},"properties":{"id":"108","kind":"new","heightM":6.5,"areaM2":33.6,"centerLongitude":99.90334,"centerLatitude":24.665068}},{"type":"Feature","id":"building-109","geometry":{"type":"MultiPolygon","coordinates":[[[[99.90343932619759,24.665112247241083],[99.90348209198098,24.665026997344626],[99.90342433938325,24.665003071056383],[99.90338157359986,24.665088320969183],[99.90343932619759,24.665112247241083]]]]},"properties":{"id":"109","kind":"new","heightM":11.5,"areaM2":66.5,"centerLongitude":99.903432,"centerLatitude":24.665058}},{"type":"Feature","id":"building-110","geometry":{"type":"MultiPolygon","coordinates":[[[[99.90333578192607,24.664963654222916],[99.90332100691974,24.66500005271455],[99.90339477343849,24.665024781633264],[99.90340954844483,24.66498838314885],[99.90333578192607,24.664963654222916]]]]},"properties":{"id":"110","kind":"new","heightM":8.8,"areaM2":34.1,"centerLongitude":99.903365,"centerLatitude":24.664994}},{"type":"Feature","id":"building-111","geometry":{"type":"MultiPolygon","coordinates":[[[[99.90308224942623,24.665855765514298],[99.90303425639921,24.665872071923626],[99.90305721972048,24.665927886790676],[99.9031052127475,24.66591158038864],[99.90308224942623,24.665855765514298]]]]},"properties":{"id":"111","kind":"new","heightM":7.3,"areaM2":34.1,"centerLongitude":99.90307,"centerLatitude":24.665892}},{"type":"Feature","id":"building-112","geometry":{"type":"MultiPolygon","coordinates":[[[[99.90336001142349,24.665052772097066],[99.903370449921,24.665028121064367],[99.90332372993042,24.665011782761596],[99.90331329143291,24.66503643379753],[99.90336001142349,24.665052772097066]]]]},"properties":{"id":"112","kind":"new","heightM":5.6,"areaM2":14.8,"centerLongitude":99.903342,"centerLatitude":24.665032}},{"type":"Feature","id":"building-113","geometry":{"type":"MultiPolygon","coordinates":[[[[99.90973873010324,24.665909939145745],[99.90965821966445,24.665964966989847],[99.90972775748786,24.66604898754557],[99.90980826792665,24.665993959738522],[99.90973873010324,24.665909939145745]]]]},"properties":{"id":"113","kind":"old","heightM":12.9,"areaM2":118.4,"centerLongitude":99.909733,"centerLatitude":24.665979}},{"type":"Feature","id":"building-114","geometry":{"type":"MultiPolygon","coordinates":[[[[99.90932522690879,24.66564604533371],[99.9092831744954,24.665702674581997],[99.90940641651704,24.665778254348737],[99.90944846893044,24.66572162513475],[99.90932522690879,24.66564604533371]]]]},"properties":{"id":"114","kind":"new","heightM":16.6,"areaM2":113.6,"centerLongitude":99.909366,"centerLatitude":24.665712}},{"type":"Feature","id":"building-115","geometry":{"type":"MultiPolygon","coordinates":[[[[99.90944921129646,24.666124060963806],[99.9094569624135,24.66616123057538],[99.90956036140739,24.666143423765334],[99.90955261029036,24.666106254148456],[99.90944921129646,24.666124060963806]]]]},"properties":{"id":"115","kind":"new","heightM":11.7,"areaM2":44.5,"centerLongitude":99.909505,"centerLatitude":24.666134}},{"type":"Feature","id":"building-116","geometry":{"type":"MultiPolygon","coordinates":[[[[99.91095405259361,24.665504209494845],[99.91098492756734,24.665557448658486],[99.91109061224621,24.665506832960045],[99.91105973727251,24.665453593774803],[99.91095405259361,24.665504209494845]]]]},"properties":{"id":"116","kind":"old","heightM":13.3,"areaM2":80.4,"centerLongitude":99.911022,"centerLatitude":24.665506}},{"type":"Feature","id":"building-117","geometry":{"type":"MultiPolygon","coordinates":[[[[99.91095065872653,24.66556713966598],[99.9109028154337,24.66559417585844],[99.91095072410677,24.66566419019761],[99.91099856739962,24.665637154020317],[99.91095065872653,24.66556713966598]]]]},"properties":{"id":"117","kind":"old","heightM":10.1,"areaM2":51.9,"centerLongitude":99.910951,"centerLatitude":24.665616}},{"type":"Feature","id":"building-118","geometry":{"type":"MultiPolygon","coordinates":[[[[99.89049437666839,24.66191361386436],[99.89050439340494,24.661956655982625],[99.89056010372688,24.661945948408466],[99.89055008699033,24.66190290628651],[99.89049437666839,24.66191361386436]]]]},"properties":{"id":"118","kind":"new","heightM":6.3,"areaM2":28,"centerLongitude":99.890527,"centerLatitude":24.66193}},{"type":"Feature","id":"building-119","geometry":{"type":"MultiPolygon","coordinates":[[[[99.89454570445618,24.66369468484372],[99.8946353339232,24.663662204888475],[99.89457957879024,24.663535138333724],[99.89448994932322,24.66356761832205],[99.89454570445618,24.66369468484372]]]]},"properties":{"id":"119","kind":"new","heightM":16.8,"areaM2":147.6,"centerLongitude":99.894563,"centerLatitude":24.663615}},{"type":"Feature","id":"building-120","geometry":{"type":"MultiPolygon","coordinates":[[[[99.89469642041377,24.66271696532393],[99.89463997176505,24.66269318121321],[99.89459495467867,24.66278142038194],[99.89465140332739,24.662805204475838],[99.89469642041377,24.66271696532393]]]]},"properties":{"id":"120","kind":"new","heightM":11.9,"areaM2":67.7,"centerLongitude":99.894646,"centerLatitude":24.662749}},{"type":"Feature","id":"building-121","geometry":{"type":"MultiPolygon","coordinates":[[[[99.89446870669323,24.66368095506864],[99.89452311465475,24.663663313127113],[99.89448833999815,24.663574742466327],[99.89443393203663,24.663592384420365],[99.89446870669323,24.66368095506864]]]]},"properties":{"id":"121","kind":"old","heightM":11.5,"areaM2":60.8,"centerLongitude":99.894479,"centerLatitude":24.663628}},{"type":"Feature","id":"building-122","geometry":{"type":"MultiPolygon","coordinates":[[[[99.8947659362927,24.662901584305587],[99.89469878103974,24.66287647648755],[99.89466999258995,24.662940068922396],[99.89473714784292,24.662965176727635],[99.8947659362927,24.662901584305587]]]]},"properties":{"id":"122","kind":"new","heightM":8.4,"areaM2":55.8,"centerLongitude":99.894718,"centerLatitude":24.662921}},{"type":"Feature","id":"building-123","geometry":{"type":"MultiPolygon","coordinates":[[[[99.89463904839195,24.663031868314707],[99.89465600499337,24.66298383613305],[99.89457935651855,24.662961488808516],[99.89456239991712,24.663009520998777],[99.89463904839195,24.663031868314707]]]]},"properties":{"id":"123","kind":"new","heightM":9,"areaM2":45.4,"centerLongitude":99.894609,"centerLatitude":24.662997}},{"type":"Feature","id":"building-124","geometry":{"type":"MultiPolygon","coordinates":[[[[99.89502486224856,24.66377109645241],[99.89504096380644,24.663724944404585],[99.89497013061258,24.66370453529268],[99.8949540290547,24.663750687348056],[99.89502486224856,24.66377109645241]]]]},"properties":{"id":"124","kind":"new","heightM":8.3,"areaM2":40.2,"centerLongitude":99.894997,"centerLatitude":24.663738}},{"type":"Feature","id":"building-125","geometry":{"type":"MultiPolygon","coordinates":[[[[99.89785206902057,24.66303434108428],[99.89779306237739,24.663034777609194],[99.89779392729316,24.66313133393456],[99.89785293393636,24.663130897409985],[99.89785206902057,24.66303434108428]]]]},"properties":{"id":"125","kind":"old","heightM":11.8,"areaM2":63.7,"centerLongitude":99.897823,"centerLatitude":24.663083}},{"type":"Feature","id":"building-126","geometry":{"type":"MultiPolygon","coordinates":[[[[99.89794460451606,24.663039699889282],[99.89789632648241,24.6630400711662],[99.89789722559264,24.66313662723365],[99.89794550362629,24.663136255957017],[99.89794460451606,24.663039699889282]]]]},"properties":{"id":"126","kind":"old","heightM":11.8,"areaM2":52.1,"centerLongitude":99.897921,"centerLatitude":24.663088}},{"type":"Feature","id":"building-127","geometry":{"type":"MultiPolygon","coordinates":[[[[99.89789646076076,24.663484190188225],[99.89789602277547,24.66344127668971],[99.89782092415317,24.66344190969872],[99.89782136213847,24.663484823197013],[99.89789646076076,24.663484190188225]]]]},"properties":{"id":"127","kind":"old","heightM":8.4,"areaM2":36,"centerLongitude":99.897859,"centerLatitude":24.663463}},{"type":"Feature","id":"building-128","geometry":{"type":"MultiPolygon","coordinates":[[[[99.90068793296811,24.662439995277545],[99.90057528018951,24.662439995277545],[99.90057528018951,24.662600927818442],[99.90068793296811,24.662600927818442],[99.90068793296811,24.662439995277545]]]]},"properties":{"id":"128","kind":"new","heightM":19.7,"areaM2":202.8,"centerLongitude":99.900632,"centerLatitude":24.66252}},{"type":"Feature","id":"building-129","geometry":{"type":"MultiPolygon","coordinates":[[[[99.90091167998888,24.662819353545352],[99.90101319981991,24.662810080466954],[99.9009964743243,24.66265885568337],[99.90089495449327,24.66266812877301],[99.90091167998888,24.662819353545352]]]]},"properties":{"id":"129","kind":"new","heightM":18.6,"areaM2":173.4,"centerLongitude":99.900954,"centerLatitude":24.662739}},{"type":"Feature","id":"building-130","geometry":{"type":"MultiPolygon","coordinates":[[[[99.90090218565349,24.661585757333913],[99.90095727357867,24.661535460013496],[99.90085931796206,24.661446853301232],[99.90080423003687,24.66149715065736],[99.90090218565349,24.661585757333913]]]]},"properties":{"id":"130","kind":"old","heightM":15.4,"areaM2":109.7,"centerLongitude":99.900881,"centerLatitude":24.661516}},{"type":"Feature","id":"building-131","geometry":{"type":"MultiPolygon","coordinates":[[[[99.90072413575305,24.66185254936538],[99.9007690584401,24.66180929298656],[99.90065536315929,24.661711775648232],[99.90061044047222,24.661755032060857],[99.90072413575305,24.66185254936538]]]]},"properties":{"id":"131","kind":"old","heightM":17.4,"areaM2":104,"centerLongitude":99.90069,"centerLatitude":24.661782}},{"type":"Feature","id":"building-132","geometry":{"type":"MultiPolygon","coordinates":[[[[99.90140343144908,24.661552502743884],[99.90138422593631,24.661494342943538],[99.90126309645596,24.661527378271888],[99.90128230196873,24.66158553805684],[99.90140343144908,24.661552502743884]]]]},"properties":{"id":"132","kind":"new","heightM":14.1,"areaM2":85.9,"centerLongitude":99.901333,"centerLatitude":24.66154}},{"type":"Feature","id":"building-133","geometry":{"type":"MultiPolygon","coordinates":[[[[99.90490250745377,24.66129560081918],[99.90494834555143,24.66122952239622],[99.90483397713143,24.6611639983343],[99.90478813903376,24.661230076791956],[99.90490250745377,24.66129560081918]]]]},"properties":{"id":"133","kind":"new","heightM":15.1,"areaM2":118.1,"centerLongitude":99.904868,"centerLatitude":24.66123}},{"type":"Feature","id":"building-134","geometry":{"type":"MultiPolygon","coordinates":[[[[99.90489242285764,24.661500206673114],[99.90488327745574,24.661455846446728],[99.9047834137226,24.66147285012709],[99.9047925591245,24.66151721034743],[99.90489242285764,24.661500206673114]]]]},"properties":{"id":"134","kind":"old","heightM":11.3,"areaM2":51.3,"centerLongitude":99.904838,"centerLatitude":24.661487}},{"type":"Feature","id":"building-135","geometry":{"type":"MultiPolygon","coordinates":[[[[99.90312189694181,24.661243757439646],[99.90308781593004,24.66127400785322],[99.90313245105501,24.661315540094108],[99.90316653206678,24.661285289690607],[99.90312189694181,24.661243757439646]]]]},"properties":{"id":"135","kind":"new","heightM":7.1,"areaM2":30.9,"centerLongitude":99.903127,"centerLatitude":24.66128}},{"type":"Feature","id":"building-136","geometry":{"type":"MultiPolygon","coordinates":[[[[99.90627306558379,24.66302302051241],[99.90621516377401,24.66304657281717],[99.90624469660033,24.663106535188803],[99.90630259841011,24.663082982895368],[99.90627306558379,24.66302302051241]]]]},"properties":{"id":"136","kind":"new","heightM":8,"areaM2":46.6,"centerLongitude":99.906259,"centerLatitude":24.663065}},{"type":"Feature","id":"building-137","geometry":{"type":"MultiPolygon","coordinates":[[[[99.90634402839463,24.662935916377904],[99.9063848952238,24.662911427854663],[99.90635612400253,24.66287177424401],[99.90631525717338,24.662896262775032],[99.90634402839463,24.662935916377904]]]]},"properties":{"id":"137","kind":"new","heightM":5.8,"areaM2":26,"centerLongitude":99.90635,"centerLatitude":24.662904}},{"type":"Feature","id":"building-138","geometry":{"type":"MultiPolygon","coordinates":[[[[99.9063033494829,24.66286741236707],[99.9062651483788,24.662871166138146],[99.90626895575149,24.662903166126625],[99.90630715685559,24.66289941235651],[99.9063033494829,24.66286741236707]]]]},"properties":{"id":"138","kind":"new","heightM":4.3,"areaM2":13.8,"centerLongitude":99.906286,"centerLatitude":24.662885}},{"type":"Feature","id":"building-139","geometry":{"type":"MultiPolygon","coordinates":[[[[99.90993584400917,24.663755170350694],[99.90982855723351,24.66375464037631],[99.90982781925666,24.663878020168923],[99.90993510603232,24.663878550142783],[99.90993584400917,24.663755170350694]]]]},"properties":{"id":"139","kind":"old","heightM":15.1,"areaM2":148,"centerLongitude":99.909882,"centerLatitude":24.663817}},{"type":"Feature","id":"building-140","geometry":{"type":"MultiPolygon","coordinates":[[[[99.90960020913708,24.663655205148288],[99.90952414714081,24.663651434655353],[99.90951858653351,24.663744075511886],[99.9095946485298,24.66374784600202],[99.90960020913708,24.663655205148288]]]]},"properties":{"id":"140","kind":"old","heightM":11.4,"areaM2":79,"centerLongitude":99.909559,"centerLatitude":24.6637}},{"type":"Feature","id":"building-141","geometry":{"type":"MultiPolygon","coordinates":[[[[99.90954366205365,24.66394183218191],[99.90961427229904,24.663941891975345],[99.90961437680781,24.663839968077003],[99.90954376656241,24.663839908283517],[99.90954366205365,24.66394183218191]]]]},"properties":{"id":"141","kind":"old","heightM":12.5,"areaM2":80.5,"centerLongitude":99.909579,"centerLatitude":24.663891}},{"type":"Feature","id":"building-142","geometry":{"type":"MultiPolygon","coordinates":[[[[99.9124426591399,24.661350374553468],[99.91241337253568,24.661312690679463],[99.91233124258024,24.661365406637263],[99.91236052918445,24.66140309049535],[99.9124426591399,24.661350374553468]]]]},"properties":{"id":"142","kind":"old","heightM":11.2,"areaM2":51.9,"centerLongitude":99.912387,"centerLatitude":24.661358}},{"type":"Feature","id":"building-143","geometry":{"type":"MultiPolygon","coordinates":[[[[99.9141587847247,24.662564148911887],[99.91426163799319,24.66261776872164],[99.91436716144679,24.662450597959637],[99.91426430817832,24.66239697807805],[99.9141587847247,24.662564148911887]]]]},"properties":{"id":"143","kind":"new","heightM":23.6,"areaM2":255.6,"centerLongitude":99.914263,"centerLatitude":24.662507}},{"type":"Feature","id":"building-144","geometry":{"type":"MultiPolygon","coordinates":[[[[99.9150314187317,24.6628517081524],[99.91497850697266,24.662759391549727],[99.9148454260352,24.66282238640672],[99.91489833779424,24.66291470296278],[99.9150314187317,24.6628517081524]]]]},"properties":{"id":"144","kind":"new","heightM":16.7,"areaM2":174.7,"centerLongitude":99.914938,"centerLatitude":24.662837}},{"type":"Feature","id":"building-145","geometry":{"type":"MultiPolygon","coordinates":[[[[99.914659645842,24.662656785850398],[99.91461705996822,24.66260234687319],[99.91450980742864,24.662671638569677],[99.91455239330242,24.662726077516652],[99.914659645842,24.662656785850398]]]]},"properties":{"id":"145","kind":"new","heightM":14.6,"areaM2":98.3,"centerLongitude":99.914585,"centerLatitude":24.662664}},{"type":"Feature","id":"building-146","geometry":{"type":"MultiPolygon","coordinates":[[[[99.91446660522449,24.662612079854277],[99.91442233953019,24.662634262603216],[99.9144562859195,24.66269020788212],[99.9145005516138,24.662668025143137],[99.91446660522449,24.662612079854277]]]]},"properties":{"id":"146","kind":"new","heightM":7.8,"areaM2":36.1,"centerLongitude":99.914461,"centerLatitude":24.662651}},{"type":"Feature","id":"building-147","geometry":{"type":"MultiPolygon","coordinates":[[[[99.8891464115426,24.658770308158694],[99.88922123492775,24.658717721121942],[99.88912765365883,24.658607746382877],[99.88905283027368,24.658660333465967],[99.8891464115426,24.658770308158694]]]]},"properties":{"id":"147","kind":"old","heightM":17,"areaM2":147.1,"centerLongitude":99.889137,"centerLatitude":24.658689}},{"type":"Feature","id":"building-148","geometry":{"type":"MultiPolygon","coordinates":[[[[99.88968853492084,24.658852904193964],[99.88974635413982,24.65877174976457],[99.8896404283636,24.65870941841987],[99.88958260914463,24.658790572889792],[99.88968853492084,24.658852904193964]]]]},"properties":{"id":"148","kind":"new","heightM":14,"areaM2":136.4,"centerLongitude":99.889664,"centerLatitude":24.658781}},{"type":"Feature","id":"building-149","geometry":{"type":"MultiPolygon","coordinates":[[[[99.88990697018365,24.659044098767083],[99.88996361999303,24.659025703013437],[99.88992076362688,24.65891669975427],[99.8898641138175,24.658935095523983],[99.88990697018365,24.659044098767083]]]]},"properties":{"id":"149","kind":"old","heightM":14.2,"areaM2":77.9,"centerLongitude":99.889914,"centerLatitude":24.65898}},{"type":"Feature","id":"building-150","geometry":{"type":"MultiPolygon","coordinates":[[[[99.88911948412435,24.658559988101853],[99.8891833941902,24.658524410205064],[99.88913811956465,24.65845723785865],[99.88907420949877,24.658492815774583],[99.88911948412435,24.658559988101853]]]]},"properties":{"id":"150","kind":"old","heightM":9.6,"areaM2":66,"centerLongitude":99.889129,"centerLatitude":24.658509}},{"type":"Feature","id":"building-151","geometry":{"type":"MultiPolygon","coordinates":[[[[99.88919056902854,24.65854537089786],[99.88913551921107,24.65858102388968],[99.8892041300682,24.658668522038976],[99.88925917988567,24.658632869072147],[99.88919056902854,24.65854537089786]]]]},"properties":{"id":"151","kind":"old","heightM":13.2,"areaM2":81.2,"centerLongitude":99.889197,"centerLatitude":24.658607}},{"type":"Feature","id":"building-152","geometry":{"type":"MultiPolygon","coordinates":[[[[99.8896567486229,24.659460774167982],[99.88971220884967,24.6594565483871],[99.8897031139394,24.659357962814042],[99.88964765371263,24.659362188598266],[99.8896567486229,24.659460774167982]]]]},"properties":{"id":"152","kind":"new","heightM":12.1,"areaM2":61.6,"centerLongitude":99.88968,"centerLatitude":24.659409}},{"type":"Feature","id":"building-153","geometry":{"type":"MultiPolygon","coordinates":[[[[99.89004405006601,24.658887860483294],[99.88997616927323,24.65890557613362],[99.89000346954144,24.658991973509256],[99.89007135033424,24.65897425787119],[99.89004405006601,24.658887860483294]]]]},"properties":{"id":"153","kind":"old","heightM":11,"areaM2":71,"centerLongitude":99.890024,"centerLatitude":24.65894}},{"type":"Feature","id":"building-154","geometry":{"type":"MultiPolygon","coordinates":[[[[99.88968942023311,24.659255914089833],[99.88964117069949,24.65925746651187],[99.88964409454188,24.659332521342574],[99.8896923440755,24.659330968921473],[99.88968942023311,24.659255914089833]]]]},"properties":{"id":"154","kind":"new","heightM":9.2,"areaM2":40.6,"centerLongitude":99.889667,"centerLatitude":24.659294}},{"type":"Feature","id":"building-155","geometry":{"type":"MultiPolygon","coordinates":[[[[99.88973761508632,24.65953884326767],[99.88973637387845,24.659506676531525],[99.88967204040624,24.659508726816487],[99.88967328161411,24.659540893552094],[99.88973761508632,24.65953884326767]]]]},"properties":{"id":"155","kind":"new","heightM":7.2,"areaM2":23.2,"centerLongitude":99.889705,"centerLatitude":24.659524}},{"type":"Feature","id":"building-156","geometry":{"type":"MultiPolygon","coordinates":[[[[99.89369394289032,24.658953266586906],[99.89362963171565,24.658950702841704],[99.89362238888583,24.659100762251718],[99.8936867000605,24.65910332599384],[99.89369394289032,24.658953266586906]]]]},"properties":{"id":"156","kind":"old","heightM":18.4,"areaM2":108.1,"centerLongitude":99.893658,"centerLatitude":24.659027}},{"type":"Feature","id":"building-157","geometry":{"type":"MultiPolygon","coordinates":[[[[99.89366425910592,24.659178943340535],[99.89358916302362,24.659178097294607],[99.89358769965399,24.65928537741274],[99.89366279573629,24.65928622345794],[99.89366425910592,24.659178943340535]]]]},"properties":{"id":"157","kind":"old","heightM":13.1,"areaM2":90.1,"centerLongitude":99.893626,"centerLatitude":24.659232}},{"type":"Feature","id":"building-158","geometry":{"type":"MultiPolygon","coordinates":[[[[99.8936698723045,24.6589139454416],[99.89372872408921,24.65891785248058],[99.89373646484778,24.658821549560617],[99.89367761306306,24.65881764251862],[99.8936698723045,24.6589139454416]]]]},"properties":{"id":"158","kind":"old","heightM":11.8,"areaM2":63.7,"centerLongitude":99.893703,"centerLatitude":24.658868}},{"type":"Feature","id":"building-159","geometry":{"type":"MultiPolygon","coordinates":[[[[99.89375737303095,24.6590826619397],[99.89381090461997,24.65908581892087],[99.89381740259519,24.65899481522024],[99.89376387100614,24.65899165823677],[99.89375737303095,24.6590826619397]]]]},"properties":{"id":"159","kind":"old","heightM":11.2,"areaM2":54.7,"centerLongitude":99.893787,"centerLatitude":24.659039}},{"type":"Feature","id":"building-160","geometry":{"type":"MultiPolygon","coordinates":[[[[99.89384406744293,24.658831453631258],[99.8937959239602,24.658828159216977],[99.89378971927995,24.658903049082248],[99.8938378627627,24.658906343494554],[99.89384406744293,24.658831453631258]]]]},"properties":{"id":"160","kind":"old","heightM":9.2,"areaM2":40.6,"centerLongitude":99.893817,"centerLatitude":24.658867}},{"type":"Feature","id":"building-161","geometry":{"type":"MultiPolygon","coordinates":[[[[99.89507476622171,24.659960060579124],[99.89514986339351,24.659960822572113],[99.89515098369546,24.659869633149086],[99.89507588652366,24.659868871155542],[99.89507476622171,24.659960060579124]]]]},"properties":{"id":"161","kind":"old","heightM":11.2,"areaM2":76.6,"centerLongitude":99.895113,"centerLatitude":24.659915}},{"type":"Feature","id":"building-162","geometry":{"type":"MultiPolygon","coordinates":[[[[99.89493044601713,24.659918952328447],[99.89493139745183,24.65984385545396],[99.8948402083891,24.65984290125889],[99.8948392569544,24.659917998133956],[99.89493044601713,24.659918952328447]]]]},"properties":{"id":"162","kind":"old","heightM":10.2,"areaM2":76.6,"centerLongitude":99.894885,"centerLatitude":24.659881}},{"type":"Feature","id":"building-163","geometry":{"type":"MultiPolygon","coordinates":[[[[99.89504220302614,24.65987015133821],[99.89497246973671,24.65986946035481],[99.89497144004515,24.65995528594243],[99.89504117333458,24.65995597692535],[99.89504220302614,24.65987015133821]]]]},"properties":{"id":"163","kind":"old","heightM":10.5,"areaM2":66.9,"centerLongitude":99.895007,"centerLatitude":24.659913}},{"type":"Feature","id":"building-164","geometry":{"type":"MultiPolygon","coordinates":[[[[99.90279662227962,24.660084528581194],[99.90274131274514,24.660117751118232],[99.90283255590263,24.660243210420457],[99.90288786543712,24.660209987916822],[99.90279662227962,24.660084528581194]]]]},"properties":{"id":"164","kind":"new","heightM":18.4,"areaM2":111.5,"centerLongitude":99.902815,"centerLatitude":24.660164}},{"type":"Feature","id":"building-165","geometry":{"type":"MultiPolygon","coordinates":[[[[99.90480741838326,24.661142295654923],[99.90483906794353,24.661085462130565],[99.90472798658398,24.66103437246653],[99.90469633702371,24.661091206014156],[99.90480741838326,24.661142295654923]]]]},"properties":{"id":"165","kind":"new","heightM":13.9,"areaM2":88.7,"centerLongitude":99.904768,"centerLatitude":24.661088}},{"type":"Feature","id":"building-166","geometry":{"type":"MultiPolygon","coordinates":[[[[99.90484042927939,24.66105218445364],[99.9048681568918,24.66101236065368],[99.90477940327335,24.660961323652117],[99.90475167566095,24.661001147468365],[99.90484042927939,24.66105218445364]]]]},"properties":{"id":"166","kind":"new","heightM":11.7,"areaM2":55.4,"centerLongitude":99.90481,"centerLatitude":24.661007}},{"type":"Feature","id":"building-167","geometry":{"type":"MultiPolygon","coordinates":[[[[99.90616370714386,24.661015622276953],[99.90623370509958,24.66104734592741],[99.90627952702968,24.660963842399656],[99.90620952907396,24.66093211872797],[99.90616370714386,24.661015622276953]]]]},"properties":{"id":"167","kind":"new","heightM":11.4,"areaM2":81.6,"centerLongitude":99.906222,"centerLatitude":24.66099}},{"type":"Feature","id":"building-168","geometry":{"type":"MultiPolygon","coordinates":[[[[99.90515669170877,24.658859816431352],[99.90514055746767,24.658902979568104],[99.90523458828417,24.658932009749098],[99.90525072252525,24.658888846622386],[99.90515669170877,24.658859816431352]]]]},"properties":{"id":"168","kind":"new","heightM":11.1,"areaM2":50.6,"centerLongitude":99.905196,"centerLatitude":24.658896}},{"type":"Feature","id":"building-169","geometry":{"type":"MultiPolygon","coordinates":[[[[99.9106029306339,24.65925890111427],[99.91071060007282,24.659190670997326],[99.91058900073229,24.659032185445277],[99.91048133129334,24.659100415648865],[99.9106029306339,24.65925890111427]]]]},"properties":{"id":"169","kind":"new","heightM":23.7,"areaM2":283.6,"centerLongitude":99.910596,"centerLatitude":24.659146}},{"type":"Feature","id":"building-170","geometry":{"type":"MultiPolygon","coordinates":[[[[99.91291597298284,24.658429199744326],[99.91291525093695,24.658472110071727],[99.91304398191873,24.658473899165422],[99.91304470396462,24.658430988838635],[99.91291597298284,24.658429199744326]]]]},"properties":{"id":"170","kind":"old","heightM":14.3,"areaM2":61.8,"centerLongitude":99.91298,"centerLatitude":24.658452}},{"type":"Feature","id":"building-171","geometry":{"type":"MultiPolygon","coordinates":[[[[99.91455341527552,24.658989373488676],[99.91461567727585,24.65893371049431],[99.91448675444036,24.65881460543291],[99.91442449244005,24.6588702684804],[99.91455341527552,24.658989373488676]]]]},"properties":{"id":"171","kind":"old","heightM":20.5,"areaM2":163.2,"centerLongitude":99.91452,"centerLatitude":24.658902}},{"type":"Feature","id":"building-172","geometry":{"type":"MultiPolygon","coordinates":[[[[99.91418616010827,24.6600236474993],[99.9141955003872,24.660125217354896],[99.91434518228897,24.6601138489388],[99.91433584201006,24.66001227907395],[99.91418616010827,24.6600236474993]]]]},"properties":{"id":"172","kind":"new","heightM":16.7,"areaM2":171.2,"centerLongitude":99.914266,"centerLatitude":24.660069}},{"type":"Feature","id":"building-173","geometry":{"type":"MultiPolygon","coordinates":[[[[99.91413205851536,24.658712557962538],[99.91412473033392,24.658643139263283],[99.9139591934437,24.65865757238138],[99.91396652162516,24.6587269910726],[99.91413205851536,24.658712557962538]]]]},"properties":{"id":"173","kind":"old","heightM":18.5,"areaM2":129.7,"centerLongitude":99.914046,"centerLatitude":24.658685}},{"type":"Feature","id":"building-174","geometry":{"type":"MultiPolygon","coordinates":[[[[99.91413505791031,24.658624231095583],[99.91412672509405,24.65854412197125],[99.91398786928205,24.65855605141486],[99.91399620209832,24.658636160531533],[99.91413505791031,24.658624231095583]]]]},"properties":{"id":"174","kind":"old","heightM":15.5,"areaM2":125.5,"centerLongitude":99.914061,"centerLatitude":24.65859}},{"type":"Feature","id":"building-175","geometry":{"type":"MultiPolygon","coordinates":[[[[99.91416391849025,24.66033227915799],[99.91420504056352,24.660403567399854],[99.91432371616857,24.660347027856066],[99.9142825940953,24.660275739581905],[99.91416391849025,24.66033227915799]]]]},"properties":{"id":"175","kind":"old","heightM":14.9,"areaM2":120.6,"centerLongitude":99.914244,"centerLatitude":24.66034}},{"type":"Feature","id":"building-176","geometry":{"type":"MultiPolygon","coordinates":[[[[99.91424934777261,24.658870013293896],[99.91424957180811,24.658805293432554],[99.9140863304759,24.658804826715187],[99.91408610644038,24.65886954657677],[99.91424934777261,24.658870013293896]]]]},"properties":{"id":"176","kind":"old","heightM":18.2,"areaM2":118.2,"centerLongitude":99.914168,"centerLatitude":24.658837}},{"type":"Feature","id":"building-177","geometry":{"type":"MultiPolygon","coordinates":[[[[99.91377097649871,24.660484187662036],[99.91379603702805,24.660429127342027],[99.913660596141,24.66037821364455],[99.91363553561166,24.66043327398702],[99.91377097649871,24.660484187662036]]]]},"properties":{"id":"177","kind":"old","heightM":16.3,"areaM2":97.7,"centerLongitude":99.913716,"centerLatitude":24.660431}},{"type":"Feature","id":"building-178","geometry":{"type":"MultiPolygon","coordinates":[[[[99.91392040398186,24.66052148005828],[99.9139364387664,24.66047003009014],[99.91380591736554,24.660436433687668],[99.91378988258101,24.660487883669656],[99.91392040398186,24.66052148005828]]]]},"properties":{"id":"178","kind":"old","heightM":15.1,"areaM2":81.1,"centerLongitude":99.913863,"centerLatitude":24.660479}},{"type":"Feature","id":"building-179","geometry":{"type":"MultiPolygon","coordinates":[[[[99.914104078979,24.658729166921216],[99.9141111049613,24.658793222469157],[99.91421786421694,24.658783550816338],[99.91421083823462,24.65871949526343],[99.914104078979,24.658729166921216]]]]},"properties":{"id":"179","kind":"old","heightM":11.9,"areaM2":77.2,"centerLongitude":99.914161,"centerLatitude":24.658756}},{"type":"Feature","id":"building-180","geometry":{"type":"MultiPolygon","coordinates":[[[[99.91409319800508,24.66072092037288],[99.91414972850546,24.66067025190888],[99.91407717794753,24.66060339942566],[99.91402064744715,24.660654067916802],[99.91409319800508,24.66072092037288]]]]},"properties":{"id":"180","kind":"new","heightM":11.5,"areaM2":83.4,"centerLongitude":99.914085,"centerLatitude":24.660662}},{"type":"Feature","id":"building-181","geometry":{"type":"MultiPolygon","coordinates":[[[[99.91425888077934,24.660514499378753],[99.91428912081722,24.660558537841656],[99.9143967769014,24.6604974828205],[99.91436653686353,24.66045344433605],[99.91425888077934,24.660514499378753]]]]},"properties":{"id":"181","kind":"old","heightM":14.1,"areaM2":73.7,"centerLongitude":99.914328,"centerLatitude":24.660506}},{"type":"Feature","id":"building-182","geometry":{"type":"MultiPolygon","coordinates":[[[[99.91426300976306,24.66055734757325],[99.9142327181794,24.66052130816167],[99.91415049683091,24.660578385199447],[99.91418078841457,24.660614424594545],[99.91426300976306,24.66055734757325]]]]},"properties":{"id":"182","kind":"old","heightM":11.5,"areaM2":52.5,"centerLongitude":99.914207,"centerLatitude":24.660568}},{"type":"Feature","id":"building-183","geometry":{"type":"MultiPolygon","coordinates":[[[[99.91428563920583,24.660262800383837],[99.9142626485229,24.660217045532022],[99.9141698089449,24.66025557407205],[99.91419279962784,24.660301328909735],[99.91428563920583,24.660262800383837]]]]},"properties":{"id":"183","kind":"old","heightM":11.4,"areaM2":57.4,"centerLongitude":99.914228,"centerLatitude":24.660259}},{"type":"Feature","id":"building-184","geometry":{"type":"MultiPolygon","coordinates":[[[[99.91356002822695,24.660569993281822],[99.91360820127774,24.660571794100925],[99.91361215554494,24.660484430086715],[99.91356398249415,24.660482629266347],[99.91356002822695,24.660569993281822]]]]},"properties":{"id":"184","kind":"new","heightM":10.7,"areaM2":47.1,"centerLongitude":99.913586,"centerLatitude":24.660527}},{"type":"Feature","id":"building-185","geometry":{"type":"MultiPolygon","coordinates":[[[[99.9141910055254,24.660489838048477],[99.91416886636608,24.660446272303293],[99.91409968952112,24.66047530650101],[99.91412182868042,24.66051887223606],[99.9141910055254,24.660489838048477]]]]},"properties":{"id":"185","kind":"old","heightM":8.5,"areaM2":40.9,"centerLongitude":99.914145,"centerLatitude":24.660483}},{"type":"Feature","id":"building-186","geometry":{"type":"MultiPolygon","coordinates":[[[[99.91423325241544,24.66050013710446],[99.91426224110556,24.660481713524195],[99.91421027716858,24.66041418462437],[99.91418128847845,24.6604326082146],[99.91423325241544,24.66050013710446]]]]},"properties":{"id":"186","kind":"old","heightM":10.1,"areaM2":32.6,"centerLongitude":99.914222,"centerLatitude":24.660457}},{"type":"Feature","id":"building-187","geometry":{"type":"MultiPolygon","coordinates":[[[[99.91421656011717,24.66040292798914],[99.91423492681947,24.660439607040853],[99.91430440678553,24.66041087238017],[99.9142860400832,24.660374193320013],[99.91421656011717,24.66040292798914]]]]},"properties":{"id":"187","kind":"old","heightM":8.5,"areaM2":34.4,"centerLongitude":99.91426,"centerLatitude":24.660407}},{"type":"Feature","id":"building-188","geometry":{"type":"MultiPolygon","coordinates":[[[[99.91415282888828,24.660662642053815],[99.91418544635178,24.660643257789125],[99.91415665264758,24.660603242101445],[99.91412403518407,24.660622626372344],[99.91415282888828,24.660662642053815]]]]},"properties":{"id":"188","kind":"new","heightM":5.9,"areaM2":20.8,"centerLongitude":99.914155,"centerLatitude":24.660633}},{"type":"Feature","id":"building-189","geometry":{"type":"MultiPolygon","coordinates":[[[[99.89064832571657,24.657215935346386],[99.89055514635916,24.65716145030232],[99.89048333338917,24.657262888403146],[99.89057651274658,24.65731737340293],[99.89064832571657,24.657215935346386]]]]},"properties":{"id":"189","kind":"old","heightM":14.8,"areaM2":149.5,"centerLongitude":99.890566,"centerLatitude":24.657239}},{"type":"Feature","id":"building-190","geometry":{"type":"MultiPolygon","coordinates":[[[[99.89064960790196,24.65677936312899],[99.89058102871674,24.656755548941312],[99.89053859407203,24.656856482553234],[99.89060717325727,24.656880296721653],[99.89064960790196,24.65677936312899]]]]},"properties":{"id":"190","kind":"new","heightM":13.2,"areaM2":88.7,"centerLongitude":99.890594,"centerLatitude":24.656818}},{"type":"Feature","id":"building-191","geometry":{"type":"MultiPolygon","coordinates":[[[[99.88897451110014,24.65797833623305],[99.888927440738,24.65800979737928],[99.88900728948775,24.658108468755547],[99.88905435984988,24.65807700763419],[99.88897451110014,24.65797833623305]]]]},"properties":{"id":"191","kind":"old","heightM":15,"areaM2":80,"centerLongitude":99.888991,"centerLatitude":24.658043}},{"type":"Feature","id":"building-192","geometry":{"type":"MultiPolygon","coordinates":[[[[99.88953053658129,24.65702135950875],[99.8894882447246,24.65696795111881],[99.88938633948656,24.657034601248583],[99.88942863134326,24.657088009610003],[99.88953053658129,24.65702135950875]]]]},"properties":{"id":"192","kind":"new","heightM":14,"areaM2":92.4,"centerLongitude":99.889458,"centerLatitude":24.657028}},{"type":"Feature","id":"building-193","geometry":{"type":"MultiPolygon","coordinates":[[[[99.89027397483743,24.65716760077136],[99.89035598034056,24.657223601631717],[99.89044192752499,24.657119648904903],[99.89035992202186,24.657063647997905],[99.89027397483743,24.65716760077136]]]]},"properties":{"id":"193","kind":"old","heightM":15.9,"areaM2":149.2,"centerLongitude":99.890358,"centerLatitude":24.657144}},{"type":"Feature","id":"building-194","geometry":{"type":"MultiPolygon","coordinates":[[[[99.88906141570824,24.658204469486435],[99.8891204387872,24.658169262509375],[99.88906600466582,24.65809388991133],[99.88900698158685,24.65812909690965],[99.88906141570824,24.658204469486435]]]]},"properties":{"id":"194","kind":"old","heightM":11,"areaM2":71.2,"centerLongitude":99.889064,"centerLatitude":24.658149}},{"type":"Feature","id":"building-195","geometry":{"type":"MultiPolygon","coordinates":[[[[99.8891406207001,24.658142782864303],[99.88919860220092,24.6581129109315],[99.889146790036,24.658029847966926],[99.88908880853518,24.658059719919603],[99.8891406207001,24.658142782864303]]]]},"properties":{"id":"195","kind":"old","heightM":11.7,"areaM2":71.2,"centerLongitude":99.889144,"centerLatitude":24.658086}},{"type":"Feature","id":"building-196","geometry":{"type":"MultiPolygon","coordinates":[[[[99.89074850713672,24.65680413052175],[99.89068787526104,24.656787878045883],[99.89065823700118,24.656879203675604],[99.89071886887687,24.65689545613958],[99.89074850713672,24.65680413052175]]]]},"properties":{"id":"196","kind":"new","heightM":11.7,"areaM2":67.3,"centerLongitude":99.890703,"centerLatitude":24.656842}},{"type":"Feature","id":"building-197","geometry":{"type":"MultiPolygon","coordinates":[[[[99.8890692347771,24.658470789481367],[99.88912518598954,24.658438308464874],[99.88906797224999,24.65835690788256],[99.88901202103754,24.65838938892023],[99.8890692347771,24.658470789481367]]]]},"properties":{"id":"197","kind":"old","heightM":11.8,"areaM2":71.7,"centerLongitude":99.889069,"centerLatitude":24.658414}},{"type":"Feature","id":"building-198","geometry":{"type":"MultiPolygon","coordinates":[[[[99.88921848233616,24.658497819403884],[99.889262802272,24.658468731659603],[99.88919180176703,24.658379381031033],[99.88914748183119,24.658408468796136],[99.88921848233616,24.658497819403884]]]]},"properties":{"id":"198","kind":"old","heightM":13.5,"areaM2":67.4,"centerLongitude":99.889205,"centerLatitude":24.658439}},{"type":"Feature","id":"building-199","geometry":{"type":"MultiPolygon","coordinates":[[[[99.88887592941091,24.658125608975162],[99.88884160716896,24.658082152285647],[99.88875974094073,24.658135556226117],[99.88879406318267,24.65817901289704],[99.88887592941091,24.658125608975162]]]]},"properties":{"id":"199","kind":"old","heightM":11.2,"areaM2":60.3,"centerLongitude":99.888818,"centerLatitude":24.658131}},{"type":"Feature","id":"building-200","geometry":{"type":"MultiPolygon","coordinates":[[[[99.88955703356186,24.657095099008693],[99.88952388800723,24.65705018001644],[99.88945881208029,24.657089841811292],[99.88949195763493,24.65713476078927],[99.88955703356186,24.657095099008693]]]]},"properties":{"id":"200","kind":"new","heightM":8.7,"areaM2":47.4,"centerLongitude":99.889508,"centerLatitude":24.657092}},{"type":"Feature","id":"building-201","geometry":{"type":"MultiPolygon","coordinates":[[[[99.89262534927761,24.65565820179805],[99.8925589793857,24.655694355174337],[99.89265109901768,24.65583403721148],[99.8927174689096,24.655797883875657],[99.89262534927761,24.65565820179805]]]]},"properties":{"id":"201","kind":"new","heightM":19.9,"areaM2":140.9,"centerLongitude":99.892638,"centerLatitude":24.655746}},{"type":"Feature","id":"building-202","geometry":{"type":"MultiPolygon","coordinates":[[[[99.89346920911831,24.65822630150617],[99.89342696366975,24.658276628907394],[99.89352397981257,24.658343890589208],[99.89356622526114,24.658293563215107],[99.89346920911831,24.65822630150617]]]]},"properties":{"id":"202","kind":"old","heightM":13.6,"areaM2":86.4,"centerLongitude":99.893497,"centerLatitude":24.658285}},{"type":"Feature","id":"building-203","geometry":{"type":"MultiPolygon","coordinates":[[[[99.89377060405094,24.658363895577207],[99.89385017514608,24.65833848191766],[99.89381611139183,24.658250391504954],[99.89373654029667,24.65827580518244],[99.89377060405094,24.658363895577207]]]]},"properties":{"id":"203","kind":"old","heightM":11.4,"areaM2":88.1,"centerLongitude":99.893793,"centerLatitude":24.658307}},{"type":"Feature","id":"building-204","geometry":{"type":"MultiPolygon","coordinates":[[[[99.89368093256351,24.658298694136814],[99.89361966542604,24.658320026070246],[99.89366048610327,24.658416859534434],[99.89372175324073,24.65839552761755],[99.89368093256351,24.658298694136814]]]]},"properties":{"id":"204","kind":"old","heightM":12.7,"areaM2":76.1,"centerLongitude":99.893671,"centerLatitude":24.658358}},{"type":"Feature","id":"building-205","geometry":{"type":"MultiPolygon","coordinates":[[[[99.89354544062837,24.658247974191028],[99.89359023199465,24.65820364084893],[99.89352172428804,24.658146472964038],[99.89347693292176,24.658190806326438],[99.89354544062837,24.658247974191028]]]]},"properties":{"id":"205","kind":"old","heightM":10.4,"areaM2":62.6,"centerLongitude":99.893534,"centerLatitude":24.658197}},{"type":"Feature","id":"building-206","geometry":{"type":"MultiPolygon","coordinates":[[[[99.8952750416748,24.657721680713163],[99.8952229156854,24.65766547567768],[99.8951871282715,24.657692889010313],[99.8952392542609,24.657749094033452],[99.8952750416748,24.657721680713163]]]]},"properties":{"id":"206","kind":"old","heightM":9,"areaM2":38.5,"centerLongitude":99.895231,"centerLatitude":24.657707}},{"type":"Feature","id":"building-207","geometry":{"type":"MultiPolygon","coordinates":[[[[99.89541475287533,24.65772449747374],[99.89545878475795,24.657688063118833],[99.89541232667231,24.65764168961399],[99.89536829478969,24.657678123982425],[99.89541475287533,24.65772449747374]]]]},"properties":{"id":"207","kind":"old","heightM":7.7,"areaM2":41.8,"centerLongitude":99.895414,"centerLatitude":24.657683}},{"type":"Feature","id":"building-208","geometry":{"type":"MultiPolygon","coordinates":[[[[99.89516171876812,24.65765405230304],[99.89519879449855,24.657675484752858],[99.89523022967187,24.657630570271838],[99.89519315394142,24.657609137814312],[99.89516171876812,24.65765405230304]]]]},"properties":{"id":"208","kind":"old","heightM":6.5,"areaM2":26.2,"centerLongitude":99.895196,"centerLatitude":24.657642}},{"type":"Feature","id":"building-209","geometry":{"type":"MultiPolygon","coordinates":[[[[99.89811066533076,24.65787257498736],[99.89821077365893,24.65784303956216],[99.89816384947721,24.65771167591102],[99.89806374114906,24.65774121136731],[99.89811066533076,24.65787257498736]]]]},"properties":{"id":"209","kind":"new","heightM":16.9,"areaM2":162.6,"centerLongitude":99.898137,"centerLatitude":24.657792}},{"type":"Feature","id":"building-210","geometry":{"type":"MultiPolygon","coordinates":[[[[99.89862073744425,24.657863266771127],[99.89867053179704,24.657848630941018],[99.8986284727555,24.657730442884887],[99.89857867840271,24.657745078728855],[99.89862073744425,24.657863266771127]]]]},"properties":{"id":"210","kind":"old","heightM":15.2,"areaM2":72.7,"centerLongitude":99.898625,"centerLatitude":24.657797}},{"type":"Feature","id":"building-211","geometry":{"type":"MultiPolygon","coordinates":[[[[99.89849766391066,24.657514378281434],[99.89855166818671,24.657501818541842],[99.89851646766081,24.657376806865003],[99.89846246338475,24.657389366617167],[99.89849766391066,24.657514378281434]]]]},"properties":{"id":"211","kind":"new","heightM":15.8,"areaM2":80.4,"centerLongitude":99.898507,"centerLatitude":24.657446}},{"type":"Feature","id":"building-212","geometry":{"type":"MultiPolygon","coordinates":[[[[99.89845013245981,24.657395134000613],[99.8983895888253,24.65740782284304],[99.89841938531563,24.657525249254174],[99.89847992895014,24.65751256042368],[99.89845013245981,24.657395134000613]]]]},"properties":{"id":"212","kind":"new","heightM":14.8,"areaM2":83.7,"centerLongitude":99.898435,"centerLatitude":24.65746}},{"type":"Feature","id":"building-213","geometry":{"type":"MultiPolygon","coordinates":[[[[99.89873573985693,24.657802067324084],[99.89879735129136,24.657786834700374],[99.89877150697866,24.65770049640843],[99.89870989554424,24.65771572904268],[99.89873573985693,24.657802067324084]]]]},"properties":{"id":"213","kind":"old","heightM":11,"areaM2":63.9,"centerLongitude":99.898754,"centerLatitude":24.657751}},{"type":"Feature","id":"building-214","geometry":{"type":"MultiPolygon","coordinates":[[[[99.89869053029464,24.657710213542874],[99.89864293826906,24.657719931444944],[99.89867029648074,24.65783059418072],[99.89871788850633,24.657820876287268],[99.89869053029464,24.657710213542874]]]]},"properties":{"id":"214","kind":"old","heightM":13.9,"areaM2":61.9,"centerLongitude":99.89868,"centerLatitude":24.65777}},{"type":"Feature","id":"building-215","geometry":{"type":"MultiPolygon","coordinates":[[[[99.89865710663233,24.657965509520434],[99.89872224068152,24.657946371837305],[99.89868687972192,24.65784697020288],[99.89862174567276,24.65786610790125],[99.89865710663233,24.657965509520434]]]]},"properties":{"id":"215","kind":"old","heightM":12.8,"areaM2":80,"centerLongitude":99.898672,"centerLatitude":24.657906}},{"type":"Feature","id":"building-216","geometry":{"type":"MultiPolygon","coordinates":[[[[99.8988146349111,24.657992322694913],[99.89880424843075,24.657943999774094],[99.89870271662409,24.657962024466762],[99.89871310310444,24.6580103473806],[99.8988146349111,24.657992322694913]]]]},"properties":{"id":"216","kind":"old","heightM":11.5,"areaM2":57,"centerLongitude":99.898759,"centerLatitude":24.657977}},{"type":"Feature","id":"building-217","geometry":{"type":"MultiPolygon","coordinates":[[[[99.89849648809313,24.657354992319924],[99.89848545726349,24.657297926097034],[99.89840284586184,24.65731111546714],[99.89841387669146,24.657368181684],[99.89849648809313,24.657354992319924]]]]},"properties":{"id":"217","kind":"new","heightM":9.3,"areaM2":54.3,"centerLongitude":99.89845,"centerLatitude":24.657333}},{"type":"Feature","id":"building-218","geometry":{"type":"MultiPolygon","coordinates":[[[[99.89820764994187,24.657790463191883],[99.89825055629456,24.657781545007154],[99.89822787545856,24.65769141775997],[99.89818496910588,24.65770033595114],[99.89820764994187,24.657790463191883]]]]},"properties":{"id":"218","kind":"new","heightM":11.3,"areaM2":45.5,"centerLongitude":99.898218,"centerLatitude":24.657741}},{"type":"Feature","id":"building-219","geometry":{"type":"MultiPolygon","coordinates":[[[[99.89880211448664,24.657814642473685],[99.89874769625477,24.657815562748414],[99.89874892948113,24.657875793899315],[99.898803347713,24.65787487362503],[99.89880211448664,24.657814642473685]]]]},"properties":{"id":"219","kind":"old","heightM":7.4,"areaM2":36.7,"centerLongitude":99.898776,"centerLatitude":24.657845}},{"type":"Feature","id":"building-220","geometry":{"type":"MultiPolygon","coordinates":[[[[99.89860942563574,24.657634562297375],[99.89862018620947,24.657682828165047],[99.89868845719599,24.657670256753217],[99.89867769662226,24.657621990880685],[99.89860942563574,24.657634562297375]]]]},"properties":{"id":"220","kind":"new","heightM":7.8,"areaM2":38.4,"centerLongitude":99.898649,"centerLatitude":24.657652}},{"type":"Feature","id":"building-221","geometry":{"type":"MultiPolygon","coordinates":[[[[99.90149919555212,24.657331400934556],[99.90154882484917,24.65727350866517],[99.90143215011864,24.657190895415276],[99.9013825208216,24.65724878772298],[99.90149919555212,24.657331400934556]]]]},"properties":{"id":"221","kind":"new","heightM":16.5,"areaM2":121.4,"centerLongitude":99.901466,"centerLatitude":24.657261}},{"type":"Feature","id":"building-222","geometry":{"type":"MultiPolygon","coordinates":[[[[99.90139591724751,24.657323155235986],[99.90136979387793,24.657355286075102],[99.90145326007817,24.657411335668595],[99.90147938344774,24.65737920484391],[99.90139591724751,24.657323155235986]]]]},"properties":{"id":"222","kind":"new","heightM":11.6,"areaM2":46.4,"centerLongitude":99.901425,"centerLatitude":24.657367}},{"type":"Feature","id":"building-223","geometry":{"type":"MultiPolygon","coordinates":[[[[99.90310025909623,24.657350907927402],[99.90304531270942,24.657210373020284],[99.90275489589486,24.657304157727147],[99.90280984228166,24.657444692528674],[99.90310025909623,24.657350907927402]]]]},"properties":{"id":"223","kind":"old","heightM":34.3,"areaM2":514.1,"centerLongitude":99.902928,"centerLatitude":24.657328}},{"type":"Feature","id":"building-224","geometry":{"type":"MultiPolygon","coordinates":[[[[99.90348495108604,24.656101958378752],[99.90346467011737,24.656036191735822],[99.90321362965163,24.656100134358425],[99.9032339106203,24.656165900967665],[99.90348495108604,24.656101958378752]]]]},"properties":{"id":"224","kind":"old","heightM":29,"areaM2":199.1,"centerLongitude":99.903349,"centerLatitude":24.656101}},{"type":"Feature","id":"building-225","geometry":{"type":"MultiPolygon","coordinates":[[[[99.90441707123497,24.656490491043886],[99.90441762482291,24.65641523610348],[99.90429221335418,24.656414474112186],[99.90429165976624,24.656489729053046],[99.90441707123497,24.656490491043886]]]]},"properties":{"id":"225","kind":"new","heightM":14,"areaM2":105.6,"centerLongitude":99.904355,"centerLatitude":24.656452}},{"type":"Feature","id":"building-226","geometry":{"type":"MultiPolygon","coordinates":[[[[99.90320458465447,24.65576493989854],[99.90317502534585,24.655848664590195],[99.90328512894457,24.655880772167908],[99.90331468825322,24.655797047497796],[99.90320458465447,24.65576493989854]]]]},"properties":{"id":"226","kind":"old","heightM":12.9,"areaM2":113.7,"centerLongitude":99.903245,"centerLatitude":24.655823}},{"type":"Feature","id":"building-227","geometry":{"type":"MultiPolygon","coordinates":[[[[99.90291602601769,24.657110505303972],[99.90287275644644,24.657078457656684],[99.90276463008928,24.657199037415598],[99.90280789966052,24.657231085031928],[99.90291602601769,24.657110505303972]]]]},"properties":{"id":"227","kind":"old","heightM":19.1,"areaM2":97.1,"centerLongitude":99.90284,"centerLatitude":24.657155}},{"type":"Feature","id":"building-228","geometry":{"type":"MultiPolygon","coordinates":[[[[99.90364693142554,24.656266796315258],[99.90361358093863,24.656228835723766],[99.90353046532505,24.656289149181948],[99.90356381581195,24.656327109755093],[99.90364693142554,24.656266796315258]]]]},"properties":{"id":"228","kind":"new","heightM":11.8,"areaM2":57.8,"centerLongitude":99.903589,"centerLatitude":24.656278}},{"type":"Feature","id":"building-229","geometry":{"type":"MultiPolygon","coordinates":[[[[99.90258309132102,24.657266676668907],[99.90260466269991,24.657317046739976],[99.90269791805783,24.657284060388147],[99.90267634667893,24.657233690303766],[99.90258309132102,24.657266676668907]]]]},"properties":{"id":"229","kind":"old","heightM":11.1,"areaM2":60.5,"centerLongitude":99.902641,"centerLatitude":24.657275}},{"type":"Feature","id":"building-230","geometry":{"type":"MultiPolygon","coordinates":[[[[99.90373969786808,24.656190854869656],[99.90370115532326,24.65615309870466],[99.90362781803388,24.656214934549144],[99.90366636057868,24.656252690695435],[99.90373969786808,24.656190854869656]]]]},"properties":{"id":"230","kind":"new","heightM":11.1,"areaM2":57.6,"centerLongitude":99.903684,"centerLatitude":24.656203}},{"type":"Feature","id":"building-231","geometry":{"type":"MultiPolygon","coordinates":[[[[99.90276820692799,24.65738473185479],[99.90273614201752,24.65733388739585],[99.9026493467094,24.65737909769405],[99.90268141161991,24.657429942134566],[99.90276820692799,24.65738473185479]]]]},"properties":{"id":"231","kind":"old","heightM":11.1,"areaM2":65.6,"centerLongitude":99.902709,"centerLatitude":24.657382}},{"type":"Feature","id":"building-232","geometry":{"type":"MultiPolygon","coordinates":[[[[99.90300954803558,24.657086163644564],[99.90292728456018,24.657049176490386],[99.90290327697959,24.657093278792427],[99.90298554045499,24.65713026593353],[99.90300954803558,24.657086163644564]]]]},"properties":{"id":"232","kind":"old","heightM":10.2,"areaM2":50.5,"centerLongitude":99.902956,"centerLatitude":24.65709}},{"type":"Feature","id":"building-233","geometry":{"type":"MultiPolygon","coordinates":[[[[99.90308996179962,24.657149074948123],[99.9030506633103,24.657113357226283],[99.90299049874871,24.65716803226846],[99.90302979723802,24.657203749974645],[99.90308996179962,24.657149074948123]]]]},"properties":{"id":"233","kind":"old","heightM":9.5,"areaM2":48.1,"centerLongitude":99.90304,"centerLatitude":24.657159}},{"type":"Feature","id":"building-234","geometry":{"type":"MultiPolygon","coordinates":[[[[99.90600973339795,24.657514873816563],[99.90605062400718,24.65749323892703],[99.90599718554604,24.657409817670196],[99.90595629493684,24.657431452574183],[99.90600973339795,24.657514873816563]]]]},"properties":{"id":"234","kind":"new","heightM":11.8,"areaM2":51.1,"centerLongitude":99.906003,"centerLatitude":24.657462}},{"type":"Feature","id":"building-235","geometry":{"type":"MultiPolygon","coordinates":[[[[99.90902231464159,24.657077959548864],[99.90916176997612,24.657133614752336],[99.90923001041647,24.656992384478375],[99.90909055508193,24.656936729211925],[99.90902231464159,24.657077959548864]]]]},"properties":{"id":"235","kind":"new","heightM":18.9,"areaM2":262.7,"centerLongitude":99.909126,"centerLatitude":24.657035}},{"type":"Feature","id":"building-236","geometry":{"type":"MultiPolygon","coordinates":[[[[99.90900871590046,24.65745795481665],[99.90894081286974,24.65742820182489],[99.90886814607009,24.657565179090266],[99.9089360491008,24.657594932049378],[99.90900871590046,24.65745795481665]]]]},"properties":{"id":"236","kind":"new","heightM":18.6,"areaM2":128.2,"centerLongitude":99.908938,"centerLatitude":24.657512}},{"type":"Feature","id":"building-237","geometry":{"type":"MultiPolygon","coordinates":[[[[99.91034056915963,24.65789194147068],[99.91026873161827,24.65785296250344],[99.91019699797897,24.65796215555785],[99.91026883552034,24.658001134490988],[99.91034056915963,24.65789194147068]]]]},"properties":{"id":"237","kind":"new","heightM":15.6,"areaM2":119,"centerLongitude":99.910269,"centerLatitude":24.657927}},{"type":"Feature","id":"building-238","geometry":{"type":"MultiPolygon","coordinates":[[[[99.90973231436391,24.657622087664677],[99.9097745754765,24.65754567905151],[99.90966137821931,24.65749396746238],[99.90961911710671,24.657570376107206],[99.90973231436391,24.657622087664677]]]]},"properties":{"id":"238","kind":"new","heightM":14.1,"areaM2":121.2,"centerLongitude":99.909697,"centerLatitude":24.657558}},{"type":"Feature","id":"building-239","geometry":{"type":"MultiPolygon","coordinates":[[[[99.90978019945406,24.657511449802183],[99.90982532854133,24.65740261453592],[99.90969672168063,24.65735856865098],[99.90965159259338,24.657467403955657],[99.90978019945406,24.657511449802183]]]]},"properties":{"id":"239","kind":"new","heightM":15.3,"areaM2":178.8,"centerLongitude":99.909738,"centerLatitude":24.657435}},{"type":"Feature","id":"building-240","geometry":{"type":"MultiPolygon","coordinates":[[[[99.90999094870911,24.657730082867936],[99.9100429769155,24.65768142369473],[99.90994319462365,24.657593302547617],[99.90989116641725,24.657641961755175],[99.90999094870911,24.657730082867936]]]]},"properties":{"id":"240","kind":"old","heightM":15.5,"areaM2":105.6,"centerLongitude":99.909967,"centerLatitude":24.657662}},{"type":"Feature","id":"building-241","geometry":{"type":"MultiPolygon","coordinates":[[[[99.90993098553638,24.65782170417684],[99.9099823681844,24.657772395897357],[99.90987305508608,24.65767831081894],[99.90982167243803,24.657727619135592],[99.90993098553638,24.65782170417684]]]]},"properties":{"id":"241","kind":"old","heightM":16.8,"areaM2":114.3,"centerLongitude":99.909902,"centerLatitude":24.65775}},{"type":"Feature","id":"building-242","geometry":{"type":"MultiPolygon","coordinates":[[[[99.9088891427841,24.657462557450504],[99.9088205530404,24.65743273385261],[99.9087728436414,24.65752336074352],[99.9088414333851,24.65755318431976],[99.9088891427841,24.657462557450504]]]]},"properties":{"id":"242","kind":"new","heightM":12.3,"areaM2":85.4,"centerLongitude":99.908831,"centerLatitude":24.657493}},{"type":"Feature","id":"building-243","geometry":{"type":"MultiPolygon","coordinates":[[[[99.90957346808953,24.657439322018714],[99.90949886691959,24.65742155183373],[99.90947075403828,24.657519031296335],[99.90954535520821,24.657536801467437],[99.90957346808953,24.657439322018714]]]]},"properties":{"id":"243","kind":"new","heightM":12.3,"areaM2":86.9,"centerLongitude":99.909522,"centerLatitude":24.657479}},{"type":"Feature","id":"building-244","geometry":{"type":"MultiPolygon","coordinates":[[[[99.91039449086293,24.65776639816309],[99.91034710176702,24.657733137113343],[99.91028003644185,24.65781205808442],[99.91032742553776,24.657845319113136],[99.91039449086293,24.65776639816309]]]]},"properties":{"id":"244","kind":"new","heightM":12.2,"areaM2":66.8,"centerLongitude":99.910337,"centerLatitude":24.657789}},{"type":"Feature","id":"building-245","geometry":{"type":"MultiPolygon","coordinates":[[[[99.91002632308603,24.656538492113576],[99.9100604517045,24.656582757650128],[99.91014300959135,24.656530183552526],[99.91010888097293,24.65648591799733],[99.91002632308603,24.656538492113576]]]]},"properties":{"id":"245","kind":"new","heightM":11.2,"areaM2":60.9,"centerLongitude":99.910085,"centerLatitude":24.656534}},{"type":"Feature","id":"building-246","geometry":{"type":"MultiPolygon","coordinates":[[[[99.90983273113264,24.657789960927225],[99.90978737946719,24.657826082607926],[99.90984881373078,24.65788978963844],[99.90989416539622,24.65785366797617],[99.90983273113264,24.657789960927225]]]]},"properties":{"id":"246","kind":"new","heightM":10.4,"areaM2":57.1,"centerLongitude":99.909841,"centerLatitude":24.65784}},{"type":"Feature","id":"building-247","geometry":{"type":"MultiPolygon","coordinates":[[[[99.90947129306319,24.657421785805035],[99.90941271708806,24.657413371951638],[99.90940154752252,24.65747759857289],[99.90946012349765,24.657486012421955],[99.90947129306319,24.657421785805035]]]]},"properties":{"id":"247","kind":"new","heightM":8,"areaM2":43.1,"centerLongitude":99.909436,"centerLatitude":24.65745}},{"type":"Feature","id":"building-248","geometry":{"type":"MultiPolygon","coordinates":[[[[99.9099773703424,24.65643713535344],[99.91000424649876,24.656480949137283],[99.91007552671286,24.656444834242357],[99.9100486505565,24.656401020445838],[99.9099773703424,24.65643713535344]]]]},"properties":{"id":"248","kind":"new","heightM":9.1,"areaM2":45.8,"centerLongitude":99.910026,"centerLatitude":24.656441}},{"type":"Feature","id":"building-249","geometry":{"type":"MultiPolygon","coordinates":[[[[99.90892785372677,24.655775380202122],[99.90898993957646,24.65576371573491],[99.90896400365882,24.65564969198151],[99.90890191780913,24.655661356459373],[99.90892785372677,24.655775380202122]]]]},"properties":{"id":"249","kind":"old","heightM":14.3,"areaM2":82.6,"centerLongitude":99.908946,"centerLatitude":24.655713}},{"type":"Feature","id":"building-250","geometry":{"type":"MultiPolygon","coordinates":[[[[99.91014834508111,24.65676999845022],[99.9100947057578,24.65676478893797],[99.91008630458047,24.65683623611823],[99.9101399439038,24.656841445627492],[99.91014834508111,24.65676999845022]]]]},"properties":{"id":"250","kind":"new","heightM":8.8,"areaM2":43.3,"centerLongitude":99.910117,"centerLatitude":24.656803}},{"type":"Feature","id":"building-251","geometry":{"type":"MultiPolygon","coordinates":[[[[99.90946041115234,24.65837550850758],[99.90942024376628,24.658379370766305],[99.90942737002497,24.65844058343358],[99.90946753741103,24.658436721176763],[99.90946041115234,24.65837550850758]]]]},"properties":{"id":"251","kind":"new","heightM":7.5,"areaM2":27.8,"centerLongitude":99.909444,"centerLatitude":24.658408}},{"type":"Feature","id":"building-252","geometry":{"type":"MultiPolygon","coordinates":[[[[99.90983197322565,24.65737341497109],[99.90986120205957,24.657319879761328],[99.9098022533627,24.65729329693656],[99.90977302452876,24.657346832157724],[99.90983197322565,24.65737341497109]]]]},"properties":{"id":"252","kind":"new","heightM":7.3,"areaM2":44,"centerLongitude":99.909817,"centerLatitude":24.657333}},{"type":"Feature","id":"building-253","geometry":{"type":"MultiPolygon","coordinates":[[[[99.91017526158181,24.658146809191138],[99.91015902838636,24.658173522060963],[99.9102122997765,24.6582002599148],[99.91022853297197,24.658173547050698],[99.91017526158181,24.658146809191138]]]]},"properties":{"id":"253","kind":"new","heightM":6.8,"areaM2":20.8,"centerLongitude":99.910194,"centerLatitude":24.658174}},{"type":"Feature","id":"building-254","geometry":{"type":"MultiPolygon","coordinates":[[[[99.91040919481472,24.65672435384492],[99.91047351031786,24.656721881364277],[99.9104702674015,24.65665220623481],[99.91040595189835,24.656654678716833],[99.91040919481472,24.65672435384492]]]]},"properties":{"id":"254","kind":"new","heightM":8.5,"areaM2":50.2,"centerLongitude":99.91044,"centerLatitude":24.656688}},{"type":"Feature","id":"building-255","geometry":{"type":"MultiPolygon","coordinates":[[[[99.90919344503257,24.655782391818054],[99.90919714243593,24.655819792089655],[99.90925057139782,24.655815429299658],[99.90924687399448,24.65577802902675],[99.90919344503257,24.655782391818054]]]]},"properties":{"id":"255","kind":"new","heightM":6,"areaM2":22.5,"centerLongitude":99.909222,"centerLatitude":24.655799}},{"type":"Feature","id":"building-256","geometry":{"type":"MultiPolygon","coordinates":[[[[99.91230216210828,24.658179946936002],[99.91237514159468,24.65824037287452],[99.91246237356513,24.658153356313235],[99.91238939407873,24.65809293033259],[99.91230216210828,24.658179946936002]]]]},"properties":{"id":"256","kind":"new","heightM":14.4,"areaM2":130,"centerLongitude":99.912382,"centerLatitude":24.658167}},{"type":"Feature","id":"building-257","geometry":{"type":"MultiPolygon","coordinates":[[[[99.91294877868015,24.657159032541255],[99.91304302243951,24.6572221617819],[99.91313730897957,24.657105902479454],[99.91304306522022,24.65704277318001],[99.91294877868015,24.657159032541255]]]]},"properties":{"id":"257","kind":"new","heightM":17.7,"areaM2":189.1,"centerLongitude":99.913043,"centerLatitude":24.657132}},{"type":"Feature","id":"building-258","geometry":{"type":"MultiPolygon","coordinates":[[[[99.91259209046233,24.65766449647352],[99.9125660784582,24.65761866341359],[99.91245635239483,24.657670098265815],[99.91248236439895,24.657715931306853],[99.91259209046233,24.65766449647352]]]]},"properties":{"id":"258","kind":"old","heightM":13.7,"areaM2":71.2,"centerLongitude":99.912524,"centerLatitude":24.657667}},{"type":"Feature","id":"building-259","geometry":{"type":"MultiPolygon","coordinates":[[[[99.91148832247701,24.656556941306057],[99.91141749655974,24.656464154910033],[99.91131245496227,24.656530381117125],[99.91138328087956,24.656623167463923],[99.91148832247701,24.656556941306057]]]]},"properties":{"id":"259","kind":"new","heightM":14.2,"areaM2":161.5,"centerLongitude":99.9114,"centerLatitude":24.656544}},{"type":"Feature","id":"building-260","geometry":{"type":"MultiPolygon","coordinates":[[[[99.91066489548714,24.657566488978365],[99.91071876657489,24.6576153830107],[99.91081438520614,24.657528367719628],[99.91076051411837,24.6574794736532],[99.91066489548714,24.657566488978365]]]]},"properties":{"id":"260","kind":"new","heightM":15.1,"areaM2":104.7,"centerLongitude":99.91074,"centerLatitude":24.657547}},{"type":"Feature","id":"building-261","geometry":{"type":"MultiPolygon","coordinates":[[[[99.9124000966192,24.657558207161838],[99.9124415864162,24.657625901541547],[99.91252761046802,24.65758235420071],[99.912486120671,24.65751465979738],[99.9124000966192,24.657558207161838]]]]},"properties":{"id":"261","kind":"old","heightM":11,"areaM2":85.3,"centerLongitude":99.912464,"centerLatitude":24.65757}},{"type":"Feature","id":"building-262","geometry":{"type":"MultiPolygon","coordinates":[[[[99.91306393374282,24.65795600699946],[99.91303426916859,24.658023214018932],[99.91313754251088,24.658060863748286],[99.91316720708512,24.657993656749085],[99.91306393374282,24.65795600699946]]]]},"properties":{"id":"262","kind":"new","heightM":12.4,"areaM2":90.1,"centerLongitude":99.913101,"centerLatitude":24.658008}},{"type":"Feature","id":"building-263","geometry":{"type":"MultiPolygon","coordinates":[[[[99.91303007489715,24.658098574125656],[99.91301064407686,24.658147809723495],[99.91311880771369,24.6581830664875],[99.91313823853397,24.658133830903573],[99.91303007489715,24.658098574125656]]]]},"properties":{"id":"263","kind":"new","heightM":12.8,"areaM2":67.2,"centerLongitude":99.913074,"centerLatitude":24.658141}},{"type":"Feature","id":"building-264","geometry":{"type":"MultiPolygon","coordinates":[[[[99.91281976579799,24.655815819433595],[99.9128053643172,24.655873430156046],[99.91292595867083,24.655898329958983],[99.91294036015162,24.655840719248022],[99.91281976579799,24.655815819433595]]]]},"properties":{"id":"264","kind":"new","heightM":13.8,"areaM2":81.7,"centerLongitude":99.912873,"centerLatitude":24.655857}},{"type":"Feature","id":"building-265","geometry":{"type":"MultiPolygon","coordinates":[[[[99.91263631994272,24.657827526035017],[99.91260948596458,24.65777037118805],[99.91250928228341,24.657809228016955],[99.91253611626155,24.657866382846127],[99.91263631994272,24.657827526035017]]]]},"properties":{"id":"265","kind":"old","heightM":12.1,"areaM2":75.7,"centerLongitude":99.912573,"centerLatitude":24.657818}},{"type":"Feature","id":"building-266","geometry":{"type":"MultiPolygon","coordinates":[[[[99.91117456002897,24.656453444030543],[99.91111994437476,24.656428899894184],[99.91106889204328,24.65652273080782],[99.9111235076975,24.656547274925725],[99.91117456002897,24.656453444030543]]]]},"properties":{"id":"266","kind":"new","heightM":12.8,"areaM2":71.3,"centerLongitude":99.911122,"centerLatitude":24.656488}},{"type":"Feature","id":"building-267","geometry":{"type":"MultiPolygon","coordinates":[[[[99.9124665371445,24.657788079651304],[99.91244846827938,24.65774537922801],[99.91234348620459,24.657782070750535],[99.91236155506972,24.657824771161273],[99.9124665371445,24.657788079651304]]]]},"properties":{"id":"267","kind":"old","heightM":12.5,"areaM2":57.5,"centerLongitude":99.912405,"centerLatitude":24.657785}},{"type":"Feature","id":"building-268","geometry":{"type":"MultiPolygon","coordinates":[[[[99.91216845534628,24.65755434252255],[99.91217348363895,24.657598402746746],[99.91225248235678,24.65759095633539],[99.91224745406412,24.657546896108567],[99.91216845534628,24.65755434252255]]]]},"properties":{"id":"268","kind":"new","heightM":8.8,"areaM2":39.3,"centerLongitude":99.91221,"centerLatitude":24.657573}},{"type":"Feature","id":"building-269","geometry":{"type":"MultiPolygon","coordinates":[[[[99.91273783455995,24.658285294551256],[99.91273598134818,24.658329460216336],[99.91284319178482,24.658333175785625],[99.91284504499657,24.658289010121855],[99.91273783455995,24.658285294551256]]]]},"properties":{"id":"269","kind":"old","heightM":11.9,"areaM2":53,"centerLongitude":99.912791,"centerLatitude":24.658309}},{"type":"Feature","id":"building-270","geometry":{"type":"MultiPolygon","coordinates":[[[[99.91228465557585,24.6576355124738],[99.91229738555583,24.65768336862216],[99.9124005725204,24.657660697793517],[99.9123878425404,24.65761284163646],[99.91228465557585,24.6576355124738]]]]},"properties":{"id":"270","kind":"new","heightM":11.8,"areaM2":58.5,"centerLongitude":99.912343,"centerLatitude":24.657648}},{"type":"Feature","id":"building-271","geometry":{"type":"MultiPolygon","coordinates":[[[[99.91058950917262,24.656696378539742],[99.91058060180438,24.65664314163374],[99.91048215729023,24.65665674629392],[99.91049106465849,24.65670998319412],[99.91058950917262,24.656696378539742]]]]},"properties":{"id":"271","kind":"new","heightM":11.1,"areaM2":60,"centerLongitude":99.910536,"centerLatitude":24.656677}},{"type":"Feature","id":"building-272","geometry":{"type":"MultiPolygon","coordinates":[[[[99.91225897058422,24.65812366382723],[99.91230005503309,24.658157681174774],[99.91236507463765,24.658092822111918],[99.91232399018875,24.658058804746695],[99.91225897058422,24.65812366382723]]]]},"properties":{"id":"272","kind":"new","heightM":10.7,"areaM2":54.5,"centerLongitude":99.912312,"centerLatitude":24.658108}},{"type":"Feature","id":"building-273","geometry":{"type":"MultiPolygon","coordinates":[[[[99.9127819124122,24.657814853072374],[99.91276630081651,24.657766452181644],[99.91267257538325,24.65779142129654],[99.91268818697894,24.657839822177586],[99.9127819124122,24.657814853072374]]]]},"properties":{"id":"273","kind":"old","heightM":10.9,"areaM2":55.1,"centerLongitude":99.912727,"centerLatitude":24.657803}},{"type":"Feature","id":"building-274","geometry":{"type":"MultiPolygon","coordinates":[[[[99.91049946400204,24.657808563661927],[99.91045548424437,24.6577778502253],[99.91039573328095,24.65784851792464],[99.91043971303861,24.657879231343877],[99.91049946400204,24.657808563661927]]]]},"properties":{"id":"274","kind":"old","heightM":10.9,"areaM2":55.3,"centerLongitude":99.910448,"centerLatitude":24.657829}},{"type":"Feature","id":"building-275","geometry":{"type":"MultiPolygon","coordinates":[[[[99.91055111703086,24.656600839913366],[99.91055233124786,24.65655223001396],[99.91046695043033,24.65655046847544],[99.91046573621333,24.65659907837553],[99.91055111703086,24.656600839913366]]]]},"properties":{"id":"275","kind":"new","heightM":9.5,"areaM2":46.4,"centerLongitude":99.910509,"centerLatitude":24.656576}},{"type":"Feature","id":"building-276","geometry":{"type":"MultiPolygon","coordinates":[[[[99.91053921473396,24.657949657679772],[99.9104709065519,24.657916711970863],[99.910429059714,24.657988373680812],[99.9104973678961,24.658021319370807],[99.91053921473396,24.657949657679772]]]]},"properties":{"id":"276","kind":"old","heightM":9.9,"areaM2":70.2,"centerLongitude":99.910484,"centerLatitude":24.657969}},{"type":"Feature","id":"building-277","geometry":{"type":"MultiPolygon","coordinates":[[[[99.91293010916183,24.658342579098047],[99.91292923890902,24.65838012169467],[99.91301505055851,24.658381764609494],[99.91301592081132,24.658344222013362],[99.91293010916183,24.658342579098047]]]]},"properties":{"id":"277","kind":"old","heightM":9.6,"areaM2":36,"centerLongitude":99.912973,"centerLatitude":24.658362}},{"type":"Feature","id":"building-278","geometry":{"type":"MultiPolygon","coordinates":[[[[99.9122804047082,24.65779970809962],[99.91233764091729,24.657785759051023],[99.91232060970201,24.65772803939529],[99.91226337349292,24.65774198845034],[99.9122804047082,24.65779970809962]]]]},"properties":{"id":"278","kind":"new","heightM":7.3,"areaM2":39.6,"centerLongitude":99.912301,"centerLatitude":24.657764}},{"type":"Feature","id":"building-279","geometry":{"type":"MultiPolygon","coordinates":[[[[99.91532903241554,24.657896741041696],[99.91527174170197,24.657927696183986],[99.91533192961214,24.658019701164964],[99.9153892203257,24.657988746045493],[99.91532903241554,24.657896741041696]]]]},"properties":{"id":"279","kind":"new","heightM":13.1,"areaM2":79.8,"centerLongitude":99.91533,"centerLatitude":24.657958}},{"type":"Feature","id":"building-280","geometry":{"type":"MultiPolygon","coordinates":[[[[99.91324291037738,24.658434515024034],[99.91324395983213,24.65835941922838],[99.9131366801226,24.658358180964232],[99.91313563066787,24.658433276760626],[99.91324291037738,24.658434515024034]]]]},"properties":{"id":"280","kind":"new","heightM":11.9,"areaM2":90.1,"centerLongitude":99.91319,"centerLatitude":24.658396}},{"type":"Feature","id":"building-281","geometry":{"type":"MultiPolygon","coordinates":[[[[99.91525717573498,24.657930978445556],[99.91521667272067,24.657943910373376],[99.91525932900038,24.658054256609017],[99.91529983201468,24.658041324692626],[99.91525717573498,24.657930978445556]]]]},"properties":{"id":"281","kind":"new","heightM":14.3,"areaM2":56.2,"centerLongitude":99.915258,"centerLatitude":24.657993}},{"type":"Feature","id":"building-282","geometry":{"type":"MultiPolygon","coordinates":[[[[99.91405809553719,24.65761251323342],[99.91400445135896,24.65762324208687],[99.91402923079814,24.657725574560185],[99.91408287497633,24.65771484571553],[99.91405809553719,24.65761251323342]]]]},"properties":{"id":"282","kind":"new","heightM":12.8,"areaM2":64.4,"centerLongitude":99.914044,"centerLatitude":24.657669}},{"type":"Feature","id":"building-283","geometry":{"type":"MultiPolygon","coordinates":[[[[99.91449147503862,24.657829277096425],[99.91455033338904,24.657822689130835],[99.9145372732644,24.657726316053093],[99.91447841491399,24.657732904023767],[99.91449147503862,24.657829277096425]]]]},"properties":{"id":"283","kind":"old","heightM":11.9,"areaM2":64.4,"centerLongitude":99.914514,"centerLatitude":24.657778}},{"type":"Feature","id":"building-284","geometry":{"type":"MultiPolygon","coordinates":[[[[99.91357830154871,24.65681168410467],[99.91352542533781,24.656800425324835],[99.9135042055307,24.65688273840791],[99.9135570817416,24.65689399718032],[99.91357830154871,24.65681168410467]]]]},"properties":{"id":"284","kind":"old","heightM":10.4,"areaM2":51.3,"centerLongitude":99.913541,"centerLatitude":24.656847}},{"type":"Feature","id":"building-285","geometry":{"type":"MultiPolygon","coordinates":[[[[99.9134694497669,24.65671998540611],[99.91346221345921,24.656773439470868],[99.91354331622213,24.6567825078737],[99.91355055252983,24.65672905381283],[99.9134694497669,24.65671998540611]]]]},"properties":{"id":"285","kind":"old","heightM":9.1,"areaM2":49.2,"centerLongitude":99.913506,"centerLatitude":24.656751}},{"type":"Feature","id":"building-286","geometry":{"type":"MultiPolygon","coordinates":[[[[99.91320415265479,24.658160711051092],[99.91321145227701,24.658097975277073],[99.91316363913691,24.658093380315755],[99.91315633951469,24.658156116092087],[99.91320415265479,24.658160711051092]]]]},"properties":{"id":"286","kind":"new","heightM":7.7,"areaM2":33.9,"centerLongitude":99.913184,"centerLatitude":24.658127}},{"type":"Feature","id":"building-287","geometry":{"type":"MultiPolygon","coordinates":[[[[99.91765656041318,24.656270576478864],[99.91757970130449,24.656386170319696],[99.91769216490559,24.656447934148627],[99.91776902401426,24.656332340364997],[99.91765656041318,24.656270576478864]]]]},"properties":{"id":"287","kind":"new","heightM":16.5,"areaM2":198.5,"centerLongitude":99.917674,"centerLatitude":24.656359}},{"type":"Feature","id":"building-288","geometry":{"type":"MultiPolygon","coordinates":[[[[99.89021180475895,24.65485616220574],[99.89010888322278,24.65475377647136],[99.89002493809139,24.65482347680641],[99.89012785962754,24.65492586248362],[99.89021180475895,24.65485616220574]]]]},"properties":{"id":"288","kind":"old","heightM":17,"areaM2":176.3,"centerLongitude":99.890118,"centerLatitude":24.65484}},{"type":"Feature","id":"building-289","geometry":{"type":"MultiPolygon","coordinates":[[[[99.8902138974136,24.654892237116876],[99.89029597541881,24.654955237844938],[99.8903548895577,24.65489184030314],[99.89027281155248,24.654828839543082],[99.8902138974136,24.654892237116876]]]]},"properties":{"id":"289","kind":"old","heightM":12,"areaM2":99.7,"centerLongitude":99.890284,"centerLatitude":24.654892}},{"type":"Feature","id":"building-290","geometry":{"type":"MultiPolygon","coordinates":[[[[99.89027610941876,24.65480441855035],[99.890199795832,24.654746326450883],[99.89015732843151,24.654792406526607],[99.89023364201826,24.654850498604628],[99.89027610941876,24.65480441855035]]]]},"properties":{"id":"290","kind":"old","heightM":11.1,"areaM2":66.9,"centerLongitude":99.890217,"centerLatitude":24.654798}},{"type":"Feature","id":"building-291","geometry":{"type":"MultiPolygon","coordinates":[[[[99.89132503194747,24.65501202818189],[99.89126573467833,24.655020569376028],[99.89127877854904,24.655095367973555],[99.89133807581818,24.655086826784533],[99.89132503194747,24.65501202818189]]]]},"properties":{"id":"291","kind":"new","heightM":9.3,"areaM2":50.8,"centerLongitude":99.891302,"centerLatitude":24.655054}},{"type":"Feature","id":"building-292","geometry":{"type":"MultiPolygon","coordinates":[[[[99.89186758351174,24.65561803080622],[99.89196487232469,24.655658638192683],[99.89201899061493,24.655551543305975],[99.89192170180198,24.65551093588467],[99.89186758351174,24.65561803080622]]]]},"properties":{"id":"292","kind":"new","heightM":14.4,"areaM2":141.1,"centerLongitude":99.891943,"centerLatitude":24.655585}},{"type":"Feature","id":"building-293","geometry":{"type":"MultiPolygon","coordinates":[[[[99.89215960769297,24.654921971093213],[99.89211053559518,24.65492452679631],[99.89211897778411,24.655058417590322],[99.8921680498819,24.655055861889966],[99.89215960769297,24.654921971093213]]]]},"properties":{"id":"293","kind":"old","heightM":16.4,"areaM2":73.7,"centerLongitude":99.892139,"centerLatitude":24.65499}},{"type":"Feature","id":"building-294","geometry":{"type":"MultiPolygon","coordinates":[[[[99.89253849078797,24.6544927168456],[99.89248462285295,24.65446233170613],[99.8924299889638,24.654542334635316],[99.89248385689882,24.654572719755315],[99.89253849078797,24.6544927168456]]]]},"properties":{"id":"294","kind":"new","heightM":11.5,"areaM2":66.8,"centerLongitude":99.892484,"centerLatitude":24.654518}},{"type":"Feature","id":"building-295","geometry":{"type":"MultiPolygon","coordinates":[[[[99.89211127367473,24.655099255521336],[99.89202553067358,24.655102780683237],[99.89202979852013,24.655188523684025],[99.89211554152128,24.655184998524547],[99.89211127367473,24.655099255521336]]]]},"properties":{"id":"295","kind":"old","heightM":10.5,"areaM2":82.4,"centerLongitude":99.892071,"centerLatitude":24.655144}},{"type":"Feature","id":"building-296","geometry":{"type":"MultiPolygon","coordinates":[[[[99.89144125753738,24.655084806790867],[99.89142724627096,24.65497733965168],[99.89136835759777,24.65498368133514],[99.89138236886419,24.65509114846887],[99.89144125753738,24.655084806790867]]]]},"properties":{"id":"296","kind":"new","heightM":13.3,"areaM2":71.8,"centerLongitude":99.891405,"centerLatitude":24.655034}},{"type":"Feature","id":"building-297","geometry":{"type":"MultiPolygon","coordinates":[[[[99.89402693188595,24.655441451193905],[99.89407810476072,24.655410701475514],[99.89401460501735,24.655323416596964],[99.89396343214256,24.65535416633686],[99.89402693188595,24.655441451193905]]]]},"properties":{"id":"297","kind":"new","heightM":12.8,"areaM2":71.8,"centerLongitude":99.894021,"centerLatitude":24.655382}},{"type":"Feature","id":"building-298","geometry":{"type":"MultiPolygon","coordinates":[[[[99.89254511207528,24.654599539376278],[99.89258421075316,24.65461855811542],[99.8926288070413,24.654542830721635],[99.89258970836345,24.65452381197096],[99.89254511207528,24.654599539376278]]]]},"properties":{"id":"298","kind":"new","heightM":10.5,"areaM2":42.6,"centerLongitude":99.892587,"centerLatitude":24.654571}},{"type":"Feature","id":"building-299","geometry":{"type":"MultiPolygon","coordinates":[[[[99.89219125162418,24.65507224989684],[99.89214839347709,24.655074262921133],[99.89215265845299,24.655149264678776],[99.8921955166001,24.655147251655695],[99.89219125162418,24.65507224989684]]]]},"properties":{"id":"299","kind":"old","heightM":9.2,"areaM2":36,"centerLongitude":99.892172,"centerLatitude":24.655111}},{"type":"Feature","id":"building-300","geometry":{"type":"MultiPolygon","coordinates":[[[[99.8924758404922,24.65457855792977],[99.89245488603014,24.65461387231872],[99.89252032524541,24.654645945107475],[99.89254127970747,24.6546106307276],[99.8924758404922,24.65457855792977]]]]},"properties":{"id":"300","kind":"new","heightM":8.3,"areaM2":33.4,"centerLongitude":99.892498,"centerLatitude":24.654612}},{"type":"Feature","id":"building-301","geometry":{"type":"MultiPolygon","coordinates":[[[[99.89661680120372,24.653934211631267],[99.89672143439664,24.65402312665268],[99.89682309981698,24.65392430642418],[99.89671846662407,24.653835391332386],[99.89661680120372,24.653934211631267]]]]},"properties":{"id":"301","kind":"new","heightM":16.6,"areaM2":216.7,"centerLongitude":99.89672,"centerLatitude":24.653929}},{"type":"Feature","id":"building-302","geometry":{"type":"MultiPolygon","coordinates":[[[[99.89677190780635,24.655042290687536],[99.8966914415359,24.655042290687536],[99.8966914415359,24.655181765556353],[99.89677190780635,24.655181765556353],[99.89677190780635,24.655042290687536]]]]},"properties":{"id":"302","kind":"new","heightM":17.1,"areaM2":125.5,"centerLongitude":99.896732,"centerLatitude":24.655112}},{"type":"Feature","id":"building-303","geometry":{"type":"MultiPolygon","coordinates":[[[[99.89512996590486,24.653322764329737],[99.89522618135197,24.653315362403113],[99.89521522888555,24.65319776573984],[99.89511901343843,24.65320516767344],[99.89512996590486,24.653322764329737]]]]},"properties":{"id":"303","kind":"old","heightM":14.5,"areaM2":127.4,"centerLongitude":99.895173,"centerLatitude":24.65326}},{"type":"Feature","id":"building-304","geometry":{"type":"MultiPolygon","coordinates":[[[[99.89560066179575,24.654811855776554],[99.89554536307494,24.654849046691776],[99.89563111321863,24.65495436045597],[99.89568641193942,24.654917169572123],[99.89560066179575,24.654811855776554]]]]},"properties":{"id":"304","kind":"old","heightM":16,"areaM2":100.8,"centerLongitude":99.895616,"centerLatitude":24.654883}},{"type":"Feature","id":"building-305","geometry":{"type":"MultiPolygon","coordinates":[[[[99.89530660632663,24.653134914089588],[99.8953721202362,24.65312629932667],[99.8953502659191,24.652989017889617],[99.89528475200952,24.652997632662007],[99.89530660632663,24.653134914089588]]]]},"properties":{"id":"305","kind":"old","heightM":17,"areaM2":102.7,"centerLongitude":99.895328,"centerLatitude":24.653062}},{"type":"Feature","id":"building-306","geometry":{"type":"MultiPolygon","coordinates":[[[[99.8941479936627,24.65541911227919],[99.89419463471822,24.655387059422747],[99.8940971659449,24.65526991119699],[99.89405052488937,24.65530196408351],[99.8941479936627,24.65541911227919]]]]},"properties":{"id":"306","kind":"new","heightM":18,"areaM2":96,"centerLongitude":99.894123,"centerLatitude":24.655345}},{"type":"Feature","id":"building-307","geometry":{"type":"MultiPolygon","coordinates":[[[[99.895700792652,24.654759082554683],[99.89563853780382,24.654814253834775],[99.89570628504077,24.654877396674877],[99.89576853988893,24.654822225422688],[99.895700792652,24.654759082554683]]]]},"properties":{"id":"307","kind":"old","heightM":10.8,"areaM2":85.8,"centerLongitude":99.895704,"centerLatitude":24.654818}},{"type":"Feature","id":"building-308","geometry":{"type":"MultiPolygon","coordinates":[[[[99.89563407165728,24.654218025230982],[99.89565735649882,24.654309325559733],[99.89572372876444,24.654295343739783],[99.8957004439229,24.654204043400807],[99.89563407165728,24.654218025230982]]]]},"properties":{"id":"308","kind":"new","heightM":11.5,"areaM2":71.4,"centerLongitude":99.895679,"centerLatitude":24.654257}},{"type":"Feature","id":"building-309","geometry":{"type":"MultiPolygon","coordinates":[[[[99.8945202931988,24.653690031221792],[99.89452175133158,24.6536414917086],[99.89441283070062,24.653638789043036],[99.89441137256782,24.653687328557275],[99.8945202931988,24.653690031221792]]]]},"properties":{"id":"309","kind":"new","heightM":12.1,"areaM2":59.2,"centerLongitude":99.894467,"centerLatitude":24.653664}},{"type":"Feature","id":"building-310","geometry":{"type":"MultiPolygon","coordinates":[[[[99.89450235758957,24.6535724688137],[99.89455599946848,24.6535729204173],[99.89455676489631,24.653497821786843],[99.8945031230174,24.653497370182965],[99.89450235758957,24.6535724688137]]]]},"properties":{"id":"310","kind":"new","heightM":9.2,"areaM2":45.1,"centerLongitude":99.89453,"centerLatitude":24.653535}},{"type":"Feature","id":"building-311","geometry":{"type":"MultiPolygon","coordinates":[[[[99.8958624436918,24.654266834670317],[99.89579654499107,24.654226539705007],[99.89576627468428,24.654267429907154],[99.895832173385,24.654307724859258],[99.8958624436918,24.654266834670317]]]]},"properties":{"id":"311","kind":"new","heightM":8.8,"areaM2":43.8,"centerLongitude":99.895814,"centerLatitude":24.654267}},{"type":"Feature","id":"building-312","geometry":{"type":"MultiPolygon","coordinates":[[[[99.89744560220846,24.653457179953964],[99.89753223528538,24.653413021176682],[99.89746764454148,24.65330835189055],[99.89738101146457,24.653352510704856],[99.89744560220846,24.653457179953964]]]]},"properties":{"id":"312","kind":"new","heightM":14.7,"areaM2":133.3,"centerLongitude":99.897457,"centerLatitude":24.653383}},{"type":"Feature","id":"building-313","geometry":{"type":"MultiPolygon","coordinates":[[[[99.89763690993114,24.653705525931304],[99.89754153830044,24.65376043270083],[99.89761809205157,24.65387026737092],[99.89771346368227,24.653815360649702],[99.89763690993114,24.653705525931304]]]]},"properties":{"id":"313","kind":"old","heightM":15.9,"areaM2":164.2,"centerLongitude":99.897628,"centerLatitude":24.653788}},{"type":"Feature","id":"building-314","geometry":{"type":"MultiPolygon","coordinates":[[[[99.89772048059756,24.654602992015214],[99.89768569008699,24.65449595839749],[99.8975449555804,24.6545337430625],[99.89757974609098,24.654640776647824],[99.89772048059756,24.654602992015214]]]]},"properties":{"id":"314","kind":"old","heightM":16.3,"areaM2":183.2,"centerLongitude":99.897633,"centerLatitude":24.654568}},{"type":"Feature","id":"building-315","geometry":{"type":"MultiPolygon","coordinates":[[[[99.89767296729575,24.654732145617764],[99.89776612393635,24.65470151358084],[99.89772923299421,24.654608845322283],[99.89763607635363,24.654639477381945],[99.89767296729575,24.654732145617764]]]]},"properties":{"id":"315","kind":"new","heightM":12.1,"areaM2":109.2,"centerLongitude":99.897701,"centerLatitude":24.65467}},{"type":"Feature","id":"building-316","geometry":{"type":"MultiPolygon","coordinates":[[[[99.89692540393159,24.65361147960536],[99.89687866368934,24.65356432491974],[99.89680985914275,24.653620658088386],[99.89685659938499,24.65366781275273],[99.89692540393159,24.65361147960536]]]]},"properties":{"id":"316","kind":"new","heightM":10.3,"areaM2":65.7,"centerLongitude":99.896868,"centerLatitude":24.653616}},{"type":"Feature","id":"building-317","geometry":{"type":"MultiPolygon","coordinates":[[[[99.89740614643783,24.65447090389849],[99.8974355186488,24.65454926330567],[99.89754734264775,24.654514641080386],[99.89751797043678,24.65443628165147],[99.89740614643783,24.65447090389849]]]]},"properties":{"id":"317","kind":"new","heightM":13.2,"areaM2":109.4,"centerLongitude":99.897477,"centerLatitude":24.654493}},{"type":"Feature","id":"building-318","geometry":{"type":"MultiPolygon","coordinates":[[[[99.89752013792642,24.653257346944216],[99.89748870217409,24.65320962252782],[99.89739658197874,24.653259743732185],[99.89742801773107,24.653307468129423],[99.89752013792642,24.653257346944216]]]]},"properties":{"id":"318","kind":"new","heightM":12,"areaM2":66.8,"centerLongitude":99.897458,"centerLatitude":24.653259}},{"type":"Feature","id":"building-319","geometry":{"type":"MultiPolygon","coordinates":[[[[99.89779124452966,24.654687497772343],[99.89785058517329,24.65466209808429],[99.8978089146889,24.65458168513442],[99.89774957404525,24.654607084838833],[99.89779124452966,24.654687497772343]]]]},"properties":{"id":"319","kind":"new","heightM":10.9,"areaM2":65.2,"centerLongitude":99.8978,"centerLatitude":24.654635}},{"type":"Feature","id":"building-320","geometry":{"type":"MultiPolygon","coordinates":[[[[99.89694116758197,24.653728006259794],[99.8969967125105,24.65369299325039],[99.89694818222318,24.65362940042702],[99.89689263729464,24.653664413454255],[99.89694116758197,24.653728006259794]]]]},"properties":{"id":"320","kind":"new","heightM":9.5,"areaM2":58.5,"centerLongitude":99.896945,"centerLatitude":24.653679}},{"type":"Feature","id":"building-321","geometry":{"type":"MultiPolygon","coordinates":[[[[99.89750663976116,24.654270800934466],[99.89745273571879,24.65429071024976],[99.89749021671761,24.6543745311111],[99.89754412075997,24.65435462180917],[99.89750663976116,24.654270800934466]]]]},"properties":{"id":"321","kind":"new","heightM":11.1,"areaM2":58.9,"centerLongitude":99.897498,"centerLatitude":24.654323}},{"type":"Feature","id":"building-322","geometry":{"type":"MultiPolygon","coordinates":[[[[99.89739894213186,24.654447515646567],[99.89744656019137,24.654430073631822],[99.89741087613595,24.654349605400917],[99.89736325807644,24.65436704742691],[99.89739894213186,24.654447515646567]]]]},"properties":{"id":"322","kind":"new","heightM":10.6,"areaM2":49.8,"centerLongitude":99.897405,"centerLatitude":24.654399}},{"type":"Feature","id":"building-323","geometry":{"type":"MultiPolygon","coordinates":[[[[99.9007961311129,24.65340577100378],[99.90093884371923,24.653500907638048],[99.90104360403721,24.653371102072615],[99.9009008914309,24.65327596533942],[99.9007961311129,24.65340577100378]]]]},"properties":{"id":"323","kind":"new","heightM":19.7,"areaM2":318.6,"centerLongitude":99.90092,"centerLatitude":24.653388}},{"type":"Feature","id":"building-324","geometry":{"type":"MultiPolygon","coordinates":[[[[99.90203183448179,24.653409122573905],[99.90202100573502,24.653582234607395],[99.90208524906775,24.653585554012757],[99.90209607781452,24.653412441983864],[99.90203183448179,24.653409122573905]]]]},"properties":{"id":"324","kind":"old","heightM":21.2,"areaM2":124.8,"centerLongitude":99.902059,"centerLatitude":24.653497}},{"type":"Feature","id":"building-325","geometry":{"type":"MultiPolygon","coordinates":[[[[99.90117080455327,24.654352704925067],[99.90108539497838,24.654380447786707],[99.90111766046708,24.654462495956256],[99.90120307004196,24.654434753112852],[99.90117080455327,24.654352704925067]]]]},"properties":{"id":"325","kind":"new","heightM":10.7,"areaM2":88.4,"centerLongitude":99.901144,"centerLatitude":24.654408}},{"type":"Feature","id":"building-326","geometry":{"type":"MultiPolygon","coordinates":[[[[99.9011155142442,24.65421707611451],[99.90108840553108,24.654167659718432],[99.90100531279343,24.654205310818416],[99.90103242150656,24.65425472719959],[99.9011155142442,24.65421707611451]]]]},"properties":{"id":"326","kind":"new","heightM":10.3,"areaM2":57.3,"centerLongitude":99.90106,"centerLatitude":24.654211}},{"type":"Feature","id":"building-327","geometry":{"type":"MultiPolygon","coordinates":[[[[99.90191654845752,24.655657839542886],[99.90187095979681,24.65563198748178],[99.90181481240802,24.655713769489306],[99.90186040106873,24.655739621533478],[99.90191654845752,24.655657839542886]]]]},"properties":{"id":"327","kind":"new","heightM":11.8,"areaM2":57.9,"centerLongitude":99.901866,"centerLatitude":24.655686}},{"type":"Feature","id":"building-328","geometry":{"type":"MultiPolygon","coordinates":[[[[99.9023201189821,24.65325720642152],[99.90231783970461,24.653196951164578],[99.90217844718576,24.65320130653691],[99.90218072646326,24.65326156179176],[99.9023201189821,24.65325720642152]]]]},"properties":{"id":"328","kind":"new","heightM":15.5,"areaM2":94,"centerLongitude":99.902249,"centerLatitude":24.653229}},{"type":"Feature","id":"building-329","geometry":{"type":"MultiPolygon","coordinates":[[[[99.90143920054109,24.653519696567148],[99.90143803318334,24.653567964671165],[99.90153456939133,24.653569893151158],[99.90153573674908,24.65352162504789],[99.90143920054109,24.653519696567148]]]]},"properties":{"id":"329","kind":"old","heightM":10.7,"areaM2":52.1,"centerLongitude":99.901487,"centerLatitude":24.653545}},{"type":"Feature","id":"building-330","geometry":{"type":"MultiPolygon","coordinates":[[[[99.9014904027064,24.65340662597661],[99.90143676549302,24.65340584024574],[99.90143543375204,24.65348093234521],[99.90148907096543,24.653481718075614],[99.9014904027064,24.65340662597661]]]]},"properties":{"id":"330","kind":"old","heightM":9.2,"areaM2":45.1,"centerLongitude":99.901463,"centerLatitude":24.653444}},{"type":"Feature","id":"building-331","geometry":{"type":"MultiPolygon","coordinates":[[[[99.90135184118546,24.65390377181437],[99.90140008535248,24.653905456436167],[99.90140280468488,24.653841130879492],[99.90135456051786,24.65383944625682],[99.90135184118546,24.65390377181437]]]]},"properties":{"id":"331","kind":"new","heightM":7.9,"areaM2":34.8,"centerLongitude":99.901377,"centerLatitude":24.653872}},{"type":"Feature","id":"building-332","geometry":{"type":"MultiPolygon","coordinates":[[[[99.90234085294567,24.653329181208953],[99.90233852991966,24.65326484282347],[99.90221521468138,24.6532685205865],[99.90221753770739,24.653332858970085],[99.90234085294567,24.653329181208953]]]]},"properties":{"id":"332","kind":"new","heightM":13.7,"areaM2":88.8,"centerLongitude":99.902278,"centerLatitude":24.653299}},{"type":"Feature","id":"building-333","geometry":{"type":"MultiPolygon","coordinates":[[[[99.90240052275134,24.655399980364052],[99.90234854648189,24.6554815358373],[99.90278407998618,24.655710802591972],[99.90283605625561,24.655629247268514],[99.90240052275134,24.655399980364052]]]]},"properties":{"id":"333","kind":"old","heightM":56,"areaM2":530.5,"centerLongitude":99.902592,"centerLatitude":24.655555}},{"type":"Feature","id":"building-334","geometry":{"type":"MultiPolygon","coordinates":[[[[99.90460851975232,24.65345760446873],[99.90468827099015,24.653336535757894],[99.90446528606995,24.65321520701103],[99.9043855348321,24.65333627583953],[99.90460851975232,24.65345760446873]]]]},"properties":{"id":"334","kind":"old","heightM":28.9,"areaM2":410.1,"centerLongitude":99.904537,"centerLatitude":24.653336}},{"type":"Feature","id":"building-335","geometry":{"type":"MultiPolygon","coordinates":[[[[99.90360383147346,24.654454318988066],[99.9035281805053,24.654362626685295],[99.90338957605624,24.6544570836577],[99.9034652270244,24.654548775891094],[99.90360383147346,24.654454318988066]]]]},"properties":{"id":"335","kind":"new","heightM":19.3,"areaM2":222,"centerLongitude":99.903497,"centerLatitude":24.654456}},{"type":"Feature","id":"building-336","geometry":{"type":"MultiPolygon","coordinates":[[[[99.90304732511696,24.653080643096082],[99.90292394350233,24.653080643096082],[99.90292394350233,24.653236211218882],[99.90304732511696,24.653236211218882],[99.90304732511696,24.653080643096082]]]]},"properties":{"id":"336","kind":"new","heightM":19.1,"areaM2":214.7,"centerLongitude":99.902986,"centerLatitude":24.653158}},{"type":"Feature","id":"building-337","geometry":{"type":"MultiPolygon","coordinates":[[[[99.90331045948585,24.655108006607975],[99.90324655035563,24.655066306712147],[99.9031545233758,24.655182803378665],[99.90321843250604,24.655224503235576],[99.90331045948585,24.655108006607975]]]]},"properties":{"id":"337","kind":"new","heightM":17.6,"areaM2":126.2,"centerLongitude":99.903232,"centerLatitude":24.655145}},{"type":"Feature","id":"building-338","geometry":{"type":"MultiPolygon","coordinates":[[[[99.90294569407703,24.655139754877077],[99.90295742018264,24.655075525692965],[99.90280217255349,24.65505211485796],[99.90279044644788,24.65511634405412],[99.90294569407703,24.655139754877077]]]]},"properties":{"id":"338","kind":"new","heightM":17.5,"areaM2":114.6,"centerLongitude":99.902874,"centerLatitude":24.655096}},{"type":"Feature","id":"building-339","geometry":{"type":"MultiPolygon","coordinates":[[[[99.90293832122197,24.655219236580923],[99.90300248221939,24.655230967607622],[99.90303339824331,24.655091302312684],[99.9029692372459,24.65507957127286],[99.90293832122197,24.655219236580923]]]]},"properties":{"id":"339","kind":"new","heightM":17.4,"areaM2":104.3,"centerLongitude":99.902986,"centerLatitude":24.655155}},{"type":"Feature","id":"building-340","geometry":{"type":"MultiPolygon","coordinates":[[[[99.90312874317164,24.654723107814736],[99.90301072597502,24.654723107814736],[99.90301072597502,24.654792845249144],[99.90312874317164,24.654792845249144],[99.90312874317164,24.654723107814736]]]]},"properties":{"id":"340","kind":"new","heightM":13.1,"areaM2":92,"centerLongitude":99.90307,"centerLatitude":24.654758}},{"type":"Feature","id":"building-341","geometry":{"type":"MultiPolygon","coordinates":[[[[99.90299622983467,24.654724931717283],[99.90291135020678,24.654724931717283],[99.90291135020678,24.65481430292165],[99.90299622983467,24.65481430292165],[99.90299622983467,24.654724931717283]]]]},"properties":{"id":"341","kind":"new","heightM":10.9,"areaM2":84.8,"centerLongitude":99.902954,"centerLatitude":24.65477}},{"type":"Feature","id":"building-342","geometry":{"type":"MultiPolygon","coordinates":[[[[99.90306146578985,24.65511088240715],[99.90303895193091,24.65517489253548],[99.90309009979109,24.655189751847733],[99.90311261365002,24.655125741727026],[99.90306146578985,24.65511088240715]]]]},"properties":{"id":"342","kind":"new","heightM":8.2,"areaM2":40.4,"centerLongitude":99.903076,"centerLatitude":24.65515}},{"type":"Feature","id":"building-343","geometry":{"type":"MultiPolygon","coordinates":[[[[99.90343663577475,24.65344590675897],[99.90348191457716,24.65348639152767],[99.90357567623042,24.653399773077854],[99.903530397428,24.65335928828106],[99.90343663577475,24.65344590675897]]]]},"properties":{"id":"343","kind":"new","heightM":14.9,"areaM2":86.3,"centerLongitude":99.903506,"centerLatitude":24.653423}},{"type":"Feature","id":"building-344","geometry":{"type":"MultiPolygon","coordinates":[[[[99.90314937302088,24.655358941764423],[99.90319643917316,24.65527348259271],[99.90312420657675,24.655240623741452],[99.90307714042447,24.655326082935662],[99.90314937302088,24.655358941764423]]]]},"properties":{"id":"344","kind":"new","heightM":11.7,"areaM2":86.3,"centerLongitude":99.903137,"centerLatitude":24.6553}},{"type":"Feature","id":"building-345","geometry":{"type":"MultiPolygon","coordinates":[[[[99.9030900579153,24.655198318212395],[99.90312748297129,24.655214402223816],[99.90316612448619,24.65514013588339],[99.90312869943021,24.655124051862405],[99.9030900579153,24.655198318212395]]]]},"properties":{"id":"345","kind":"new","heightM":10.1,"areaM2":38,"centerLongitude":99.903128,"centerLatitude":24.655169}},{"type":"Feature","id":"building-346","geometry":{"type":"MultiPolygon","coordinates":[[[[99.90535408058533,24.653987327525897],[99.90526634037319,24.654021732747314],[99.90531498826745,24.654124207336615],[99.90540272847959,24.654089802143446],[99.90535408058533,24.653987327525897]]]]},"properties":{"id":"346","kind":"new","heightM":13.7,"areaM2":119.3,"centerLongitude":99.905335,"centerLatitude":24.654056}},{"type":"Feature","id":"building-347","geometry":{"type":"MultiPolygon","coordinates":[[[[99.90529358042794,24.654096785686036],[99.90526132619958,24.654030598654444],[99.90513110980127,24.654083013836548],[99.90516336402963,24.654149200840347],[99.90529358042794,24.654096785686036]]]]},"properties":{"id":"347","kind":"new","heightM":15.9,"areaM2":115.3,"centerLongitude":99.905212,"centerLatitude":24.65409}},{"type":"Feature","id":"building-348","geometry":{"type":"MultiPolygon","coordinates":[[[[99.90687097135891,24.655093767854915],[99.90694108386656,24.65508978696933],[99.90693251970751,24.65496520039539],[99.90686240719987,24.654969181284944],[99.90687097135891,24.655093767854915]]]]},"properties":{"id":"348","kind":"new","heightM":15.3,"areaM2":98.1,"centerLongitude":99.906902,"centerLatitude":24.655029}},{"type":"Feature","id":"building-349","geometry":{"type":"MultiPolygon","coordinates":[[[[99.90717773984632,24.653767729029326],[99.90718015535079,24.653805215728184],[99.9072604839924,24.65380094029044],[99.90725806848792,24.6537634535903],[99.90717773984632,24.653767729029326]]]]},"properties":{"id":"349","kind":"new","heightM":9,"areaM2":33.8,"centerLongitude":99.907219,"centerLatitude":24.653784}},{"type":"Feature","id":"building-350","geometry":{"type":"MultiPolygon","coordinates":[[[[99.90733829556696,24.653785966141463],[99.90729544710527,24.653788142838536],[99.9072984117389,24.653836347357558],[99.9073412602006,24.653834170661334],[99.90733829556696,24.653785966141463]]]]},"properties":{"id":"350","kind":"new","heightM":5.9,"areaM2":23.2,"centerLongitude":99.907318,"centerLatitude":24.653811}},{"type":"Feature","id":"building-351","geometry":{"type":"MultiPolygon","coordinates":[[[[99.9101674587662,24.653596405384395],[99.9102293779672,24.65350084050937],[99.91011846616345,24.6534414815454],[99.91005654696245,24.653537046465868],[99.9101674587662,24.653596405384395]]]]},"properties":{"id":"351","kind":"new","heightM":14.3,"areaM2":159.6,"centerLongitude":99.910143,"centerLatitude":24.653519}},{"type":"Feature","id":"building-352","geometry":{"type":"MultiPolygon","coordinates":[[[[99.90911616273074,24.655123001147402],[99.9091347105521,24.655230736544578],[99.90926421578322,24.655212320704237],[99.90924566796187,24.655104585291166],[99.90911616273074,24.655123001147402]]]]},"properties":{"id":"352","kind":"new","heightM":14.6,"areaM2":159.9,"centerLongitude":99.90919,"centerLatitude":24.655168}},{"type":"Feature","id":"building-353","geometry":{"type":"MultiPolygon","coordinates":[[[[99.90910728367015,24.65519908221888],[99.90910709662248,24.65512730179237],[99.90898075109902,24.655127573734344],[99.90898093814671,24.655199354160704],[99.90910728367015,24.65519908221888]]]]},"properties":{"id":"353","kind":"new","heightM":14.1,"areaM2":101.4,"centerLongitude":99.909044,"centerLatitude":24.655163}},{"type":"Feature","id":"building-354","geometry":{"type":"MultiPolygon","coordinates":[[[[99.90897994719208,24.655116373733673],[99.90891698136342,24.65509387407712],[99.908861036084,24.65522319318289],[99.90892400191267,24.65524569281613],[99.90897994719208,24.655116373733673]]]]},"properties":{"id":"354","kind":"new","heightM":17,"areaM2":105.1,"centerLongitude":99.90892,"centerLatitude":24.65517}},{"type":"Feature","id":"building-355","geometry":{"type":"MultiPolygon","coordinates":[[[[99.90922345889705,24.655606877988063],[99.90913792565956,24.65561336658463],[99.90914725428603,24.65571493730579],[99.90923278752351,24.6557084487145],[99.90922345889705,24.655606877988063]]]]},"properties":{"id":"355","kind":"new","heightM":12.5,"areaM2":97.8,"centerLongitude":99.909185,"centerLatitude":24.655661}},{"type":"Feature","id":"building-356","geometry":{"type":"MultiPolygon","coordinates":[[[[99.90912788711782,24.655575185349537],[99.90919784668488,24.655567671950994],[99.90918192651552,24.65544523126654],[99.90911196694846,24.655452744672456],[99.90912788711782,24.655575185349537]]]]},"properties":{"id":"356","kind":"new","heightM":15.1,"areaM2":97.1,"centerLongitude":99.909155,"centerLatitude":24.65551}},{"type":"Feature","id":"building-357","geometry":{"type":"MultiPolygon","coordinates":[[[[99.90860063889241,24.65462301617262],[99.90853452204071,24.654656548594648],[99.90858877770822,24.654744910643256],[99.90865489455993,24.65471137824496],[99.90860063889241,24.65462301617262]]]]},"properties":{"id":"357","kind":"new","heightM":12.4,"areaM2":85.7,"centerLongitude":99.908595,"centerLatitude":24.654684}},{"type":"Feature","id":"building-358","geometry":{"type":"MultiPolygon","coordinates":[[[[99.90923985524672,24.655506405823658],[99.90924875807447,24.655597241279192],[99.90931287722096,24.65559205056108],[99.90930397439321,24.65550121510177],[99.90923985524672,24.655506405823658]]]]},"properties":{"id":"358","kind":"new","heightM":11.2,"areaM2":65.7,"centerLongitude":99.909276,"centerLatitude":24.655549}},{"type":"Feature","id":"building-359","geometry":{"type":"MultiPolygon","coordinates":[[[[99.90918915750792,24.655045114367294],[99.9092011897443,24.655087722927952],[99.90929383752537,24.655066112909186],[99.909281805289,24.655023504341152],[99.90918915750792,24.655045114367294]]]]},"properties":{"id":"359","kind":"new","heightM":10.6,"areaM2":47.1,"centerLongitude":99.909241,"centerLatitude":24.655056}},{"type":"Feature","id":"building-360","geometry":{"type":"MultiPolygon","coordinates":[[[[99.90930157057902,24.655617777559623],[99.90926415945529,24.655620719687747],[99.90927077461303,24.655690197489825],[99.90930818573678,24.65568725536334],[99.90930157057902,24.655617777559623]]]]},"properties":{"id":"360","kind":"new","heightM":8.5,"areaM2":29.3,"centerLongitude":99.909286,"centerLatitude":24.655654}},{"type":"Feature","id":"building-361","geometry":{"type":"MultiPolygon","coordinates":[[[[99.91284379675724,24.655169408158354],[99.91291496359064,24.655213732864354],[99.91297792200345,24.65513023883641],[99.91290675517006,24.655085914100756],[99.91284379675724,24.655169408158354]]]]},"properties":{"id":"361","kind":"new","heightM":12.4,"areaM2":97.7,"centerLongitude":99.912911,"centerLatitude":24.65515}},{"type":"Feature","id":"building-362","geometry":{"type":"MultiPolygon","coordinates":[[[[99.9130147371656,24.655333430814363],[99.91295055638366,24.655335494686522],[99.91295566723417,24.655466770270284],[99.91301984801612,24.65546470640029],[99.9130147371656,24.655333430814363]]]]},"properties":{"id":"362","kind":"new","heightM":16.1,"areaM2":94.3,"centerLongitude":99.912985,"centerLatitude":24.6554}},{"type":"Feature","id":"building-363","geometry":{"type":"MultiPolygon","coordinates":[[[[99.91046214008313,24.65437487406009],[99.91052889228155,24.654337857816575],[99.91047002023541,24.65425016617822],[99.91040326803699,24.65428718244773],[99.91046214008313,24.65437487406009]]]]},"properties":{"id":"363","kind":"new","heightM":12.6,"areaM2":89.8,"centerLongitude":99.910466,"centerLatitude":24.654313}},{"type":"Feature","id":"building-364","geometry":{"type":"MultiPolygon","coordinates":[[[[99.91165597370522,24.655104959541593],[99.91170180484986,24.6550634016315],[99.91161744423931,24.65498655630364],[99.91157161309467,24.65502811423931],[99.91165597370522,24.655104959541593]]]]},"properties":{"id":"364","kind":"new","heightM":13.3,"areaM2":78.6,"centerLongitude":99.911637,"centerLatitude":24.655046}},{"type":"Feature","id":"building-365","geometry":{"type":"MultiPolygon","coordinates":[[[[99.91172404942319,24.65520205305609],[99.91177554750612,24.655159614219418],[99.91170384465241,24.65508774646065],[99.91165234656947,24.655130185321756],[99.91172404942319,24.65520205305609]]]]},"properties":{"id":"365","kind":"new","heightM":11.9,"areaM2":75.4,"centerLongitude":99.911714,"centerLatitude":24.655145}},{"type":"Feature","id":"building-366","geometry":{"type":"MultiPolygon","coordinates":[[[[99.91040670460397,24.65386307961435],[99.91044863913388,24.653916781278333],[99.91052976090357,24.653864457354757],[99.91048782637367,24.65381075566827],[99.91040670460397,24.65386307961435]]]]},"properties":{"id":"366","kind":"new","heightM":11.1,"areaM2":73.3,"centerLongitude":99.910468,"centerLatitude":24.653864}},{"type":"Feature","id":"building-367","geometry":{"type":"MultiPolygon","coordinates":[[[[99.9138761945807,24.65417888891821],[99.91393710802427,24.654121056162523],[99.91387196787234,24.65406438458857],[99.91381105442878,24.654122217370507],[99.9138761945807,24.65417888891821]]]]},"properties":{"id":"367","kind":"new","heightM":10,"areaM2":80.7,"centerLongitude":99.913874,"centerLatitude":24.654122}},{"type":"Feature","id":"building-368","geometry":{"type":"MultiPolygon","coordinates":[[[[99.91403947885927,24.654247326257654],[99.91412445153439,24.654313136076745],[99.91421038996425,24.654221481914835],[99.91412541728913,24.654155672047423],[99.91403947885927,24.654247326257654]]]]},"properties":{"id":"368","kind":"old","heightM":14.7,"areaM2":150.3,"centerLongitude":99.914125,"centerLatitude":24.654234}},{"type":"Feature","id":"building-369","geometry":{"type":"MultiPolygon","coordinates":[[[[99.91480485149336,24.65393428621018],[99.91484052667768,24.65386681632977],[99.91473007937988,24.65381857821129],[99.91469440419557,24.653886048117776],[99.91480485149336,24.65393428621018]]]]},"properties":{"id":"369","kind":"new","heightM":13.6,"areaM2":102.6,"centerLongitude":99.914767,"centerLatitude":24.653876}},{"type":"Feature","id":"building-370","geometry":{"type":"MultiPolygon","coordinates":[[[[99.9144170389864,24.654216791614573],[99.91435604280375,24.65417775016225],[99.91427199330938,24.65428621485485],[99.91433298949205,24.65432525627325],[99.9144170389864,24.654216791614573]]]]},"properties":{"id":"370","kind":"old","heightM":16.2,"areaM2":110.7,"centerLongitude":99.914345,"centerLatitude":24.654252}},{"type":"Feature","id":"building-371","geometry":{"type":"MultiPolygon","coordinates":[[[[99.91439068829108,24.65452411454974],[99.91431306106999,24.65447463061745],[99.9142495551032,24.65455691907514],[99.9143271823243,24.65460640297481],[99.91439068829108,24.65452411454974]]]]},"properties":{"id":"371","kind":"new","heightM":12.3,"areaM2":106.6,"centerLongitude":99.91432,"centerLatitude":24.654541}},{"type":"Feature","id":"building-372","geometry":{"type":"MultiPolygon","coordinates":[[[[99.91443744239328,24.65462025207924],[99.91449024863309,24.65465840789555],[99.91456526031746,24.65457265927684],[99.91451245407767,24.654534503434324],[99.91443744239328,24.65462025207924]]]]},"properties":{"id":"372","kind":"new","heightM":13.4,"areaM2":82.6,"centerLongitude":99.914501,"centerLatitude":24.654596}},{"type":"Feature","id":"building-373","geometry":{"type":"MultiPolygon","coordinates":[[[[99.91454485492895,24.65420218215902],[99.91451395081637,24.654245898391945],[99.9145934598694,24.654292324951115],[99.91462436398197,24.65424860873445],[99.91454485492895,24.65420218215902]]]]},"properties":{"id":"373","kind":"new","heightM":10.5,"areaM2":54.9,"centerLongitude":99.914569,"centerLatitude":24.654247}},{"type":"Feature","id":"building-374","geometry":{"type":"MultiPolygon","coordinates":[[[[99.91471442526405,24.654113626146312],[99.91474940716842,24.654050037075482],[99.91465459866335,24.654006956056133],[99.914619616759,24.654070545148908],[99.91471442526405,24.654113626146312]]]]},"properties":{"id":"374","kind":"new","heightM":11.8,"areaM2":84.3,"centerLongitude":99.914685,"centerLatitude":24.65406}},{"type":"Feature","id":"building-375","geometry":{"type":"MultiPolygon","coordinates":[[[[99.91405641426388,24.65400617100841],[99.91406609028127,24.65395195310288],[99.91396991478577,24.653937775699788],[99.91396023876838,24.653991993611477],[99.91405641426388,24.65400617100841]]]]},"properties":{"id":"375","kind":"new","heightM":10.8,"areaM2":59.8,"centerLongitude":99.914013,"centerLatitude":24.653972}},{"type":"Feature","id":"building-376","geometry":{"type":"MultiPolygon","coordinates":[[[[99.91432557289721,24.654772204592437],[99.91435858435977,24.654730099237117],[99.91429243407022,24.654687260941216],[99.91425942260767,24.65472936631099],[99.91432557289721,24.654772204592437]]]]},"properties":{"id":"376","kind":"old","heightM":9,"areaM2":47,"centerLongitude":99.914309,"centerLatitude":24.65473}},{"type":"Feature","id":"building-377","geometry":{"type":"MultiPolygon","coordinates":[[[[99.91423844467887,24.654287879895918],[99.91420154638833,24.654272584343648],[99.91416537224251,24.65434466444801],[99.91420227053307,24.654359959991446],[99.91423844467887,24.654287879895918]]]]},"properties":{"id":"377","kind":"new","heightM":9.7,"areaM2":35.9,"centerLongitude":99.914202,"centerLatitude":24.654316}},{"type":"Feature","id":"building-378","geometry":{"type":"MultiPolygon","coordinates":[[[[99.91436511213243,24.65437787800989],[99.91441492533227,24.65440207648576],[99.91445407724318,24.654335505522972],[99.91440426404331,24.6543113070342],[99.91436511213243,24.65437787800989]]]]},"properties":{"id":"378","kind":"old","heightM":9.2,"areaM2":47.7,"centerLongitude":99.91441,"centerLatitude":24.654357}},{"type":"Feature","id":"building-379","geometry":{"type":"MultiPolygon","coordinates":[[[[99.91398968129513,24.653860816935165],[99.91397640758458,24.653907818764957],[99.91405510201545,24.65392617570774],[99.91406837572599,24.653879173884864],[99.91398968129513,24.653860816935165]]]]},"properties":{"id":"379","kind":"new","heightM":9,"areaM2":44.1,"centerLongitude":99.914022,"centerLatitude":24.653893}},{"type":"Feature","id":"building-380","geometry":{"type":"MultiPolygon","coordinates":[[[[99.9143876193573,24.65462576196824],[99.91434834717613,24.654598611646783],[99.91430278482585,24.654653048115478],[99.91434205700702,24.654680198425098],[99.9143876193573,24.65462576196824]]]]},"properties":{"id":"380","kind":"old","heightM":8.4,"areaM2":37.7,"centerLongitude":99.914345,"centerLatitude":24.654639}},{"type":"Feature","id":"building-381","geometry":{"type":"MultiPolygon","coordinates":[[[[99.91447343044965,24.65474580101107],[99.91444769320712,24.65477818809007],[99.91452189664147,24.654826894585746],[99.91454763388401,24.65479450751938],[99.91447343044965,24.65474580101107]]]]},"properties":{"id":"381","kind":"old","heightM":10.2,"areaM2":40.9,"centerLongitude":99.914498,"centerLatitude":24.654786}},{"type":"Feature","id":"building-382","geometry":{"type":"MultiPolygon","coordinates":[[[[99.91412146899481,24.653896416607473],[99.91408883490683,24.653891612878823],[99.9140784543473,24.65394986241973],[99.91411108843529,24.653954666146138],[99.91412146899481,24.653896416607473]]]]},"properties":{"id":"382","kind":"new","heightM":7.2,"areaM2":21.8,"centerLongitude":99.9141,"centerLatitude":24.653923}},{"type":"Feature","id":"building-383","geometry":{"type":"MultiPolygon","coordinates":[[[[99.91615741899167,24.65306262421453],[99.91608321431578,24.653033925703358],[99.91603799609577,24.653130501869025],[99.91611220077166,24.653159200358004],[99.91615741899167,24.65306262421453]]]]},"properties":{"id":"383","kind":"new","heightM":12.9,"areaM2":94.7,"centerLongitude":99.916098,"centerLatitude":24.653097}},{"type":"Feature","id":"building-384","geometry":{"type":"MultiPolygon","coordinates":[[[[99.90206658840182,24.652676582336458],[99.90197002887729,24.652676582336458],[99.90197002887729,24.65277314186092],[99.90206658840182,24.65277314186092],[99.90206658840182,24.652676582336458]]]]},"properties":{"id":"384","kind":"new","heightM":11.8,"areaM2":104.3,"centerLongitude":99.902018,"centerLatitude":24.652725}},{"type":"Feature","id":"building-385","geometry":{"type":"MultiPolygon","coordinates":[[[[99.90160663031114,24.651683966069243],[99.90160420255468,24.651624203129444],[99.90145144876688,24.651629328905855],[99.90145387652333,24.6516890918432],[99.90160663031114,24.651683966069243]]]]},"properties":{"id":"385","kind":"new","heightM":17,"areaM2":102.2,"centerLongitude":99.901529,"centerLatitude":24.651657}},{"type":"Feature","id":"building-386","geometry":{"type":"MultiPolygon","coordinates":[[[[99.90163399281772,24.65276848956416],[99.90150188981234,24.652725774218922],[99.90147947078879,24.65278304488697],[99.90161157379417,24.65282576021261],[99.90163399281772,24.65276848956416]]]]},"properties":{"id":"386","kind":"new","heightM":15.6,"areaM2":95.3,"centerLongitude":99.901557,"centerLatitude":24.652776}},{"type":"Feature","id":"building-387","geometry":{"type":"MultiPolygon","coordinates":[[[[99.9036988742796,24.651974865545156],[99.90379794032835,24.652069690852603],[99.90387289448111,24.652005008162142],[99.90377382843236,24.651910182805565],[99.9036988742796,24.651974865545156]]]]},"properties":{"id":"387","kind":"old","heightM":16,"areaM2":151.1,"centerLongitude":99.903786,"centerLatitude":24.65199}},{"type":"Feature","id":"building-388","geometry":{"type":"MultiPolygon","coordinates":[[[[99.90381163774066,24.652071369557863],[99.90374841722429,24.652115214976916],[99.90383787254913,24.65222175949324],[99.90390109306554,24.652177914111608],[99.90381163774066,24.652071369557863]]]]},"properties":{"id":"388","kind":"old","heightM":16.4,"areaM2":119.2,"centerLongitude":99.903825,"centerLatitude":24.652147}},{"type":"Feature","id":"building-389","geometry":{"type":"MultiPolygon","coordinates":[[[[99.90271150958357,24.652084244832547],[99.90271247350397,24.652024163897742],[99.90255310835765,24.652022051918884],[99.90255214443727,24.652082132854705],[99.90271150958357,24.652084244832547]]]]},"properties":{"id":"389","kind":"new","heightM":17.7,"areaM2":107.1,"centerLongitude":99.902632,"centerLatitude":24.652053}},{"type":"Feature","id":"building-390","geometry":{"type":"MultiPolygon","coordinates":[[[[99.90225280692202,24.65192755684112],[99.90226232435363,24.651991505054465],[99.90237659965396,24.651977456361607],[99.90236708222237,24.651913508141067],[99.90225280692202,24.65192755684112]]]]},"properties":{"id":"390","kind":"new","heightM":12.8,"areaM2":83.2,"centerLongitude":99.902315,"centerLatitude":24.651953}},{"type":"Feature","id":"building-391","geometry":{"type":"MultiPolygon","coordinates":[[[[99.90260572448395,24.652306155702654],[99.90260477595132,24.65224090012612],[99.90249500819446,24.65224221807826],[99.9024959567271,24.652307473654112],[99.90260572448395,24.652306155702654]]]]},"properties":{"id":"391","kind":"old","heightM":12.2,"areaM2":80.1,"centerLongitude":99.90255,"centerLatitude":24.652274}},{"type":"Feature","id":"building-392","geometry":{"type":"MultiPolygon","coordinates":[[[[99.90231621408985,24.65213773098909],[99.90231997000019,24.65219664076727],[99.90242707869258,24.6521909999336],[99.90242332278224,24.65213209015277],[99.90231621408985,24.65213773098909]]]]},"properties":{"id":"392","kind":"new","heightM":11.9,"areaM2":70.8,"centerLongitude":99.902372,"centerLatitude":24.652164}},{"type":"Feature","id":"building-393","geometry":{"type":"MultiPolygon","coordinates":[[[[99.90225265827341,24.65183532106522],[99.9022599704797,24.651894156586092],[99.90235655990206,24.65188424070617],[99.90234924769577,24.65182540518063],[99.90225265827341,24.65183532106522]]]]},"properties":{"id":"393","kind":"new","heightM":10.8,"areaM2":64.4,"centerLongitude":99.902305,"centerLatitude":24.65186}},{"type":"Feature","id":"building-394","geometry":{"type":"MultiPolygon","coordinates":[[[[99.90272073034599,24.65213279804701],[99.90276251741096,24.652172334443577],[99.90284355764605,24.652101582810065],[99.90280177058108,24.652062046391098],[99.90272073034599,24.65213279804701]]]]},"properties":{"id":"394","kind":"old","heightM":12.5,"areaM2":68.9,"centerLongitude":99.902782,"centerLatitude":24.652117}},{"type":"Feature","id":"building-395","geometry":{"type":"MultiPolygon","coordinates":[[[[99.90278808686062,24.65220239217185],[99.90282176724753,24.65223473537622],[99.90290054390316,24.652166974016943],[99.90286686351627,24.652134630795015],[99.90278808686062,24.65220239217185]]]]},"properties":{"id":"395","kind":"new","heightM":12.1,"areaM2":54,"centerLongitude":99.902844,"centerLatitude":24.652185}},{"type":"Feature","id":"building-396","geometry":{"type":"MultiPolygon","coordinates":[[[[99.9039011139302,24.652193255903253],[99.90393308852025,24.652227772749953],[99.90400077713626,24.65217597867595],[99.9039688025462,24.652141461814924],[99.9039011139302,24.652193255903253]]]]},"properties":{"id":"396","kind":"old","heightM":9.8,"areaM2":44.6,"centerLongitude":99.903951,"centerLatitude":24.652185}},{"type":"Feature","id":"building-397","geometry":{"type":"MultiPolygon","coordinates":[[[[99.90322564779535,24.651974213705103],[99.90322376196865,24.651915230003155],[99.9031594161118,24.651916929353128],[99.90316130193851,24.65197591305428],[99.90322564779535,24.651974213705103]]]]},"properties":{"id":"397","kind":"old","heightM":7.2,"areaM2":42.5,"centerLongitude":99.903193,"centerLatitude":24.651946}},{"type":"Feature","id":"building-398","geometry":{"type":"MultiPolygon","coordinates":[[[[99.90435223075876,24.651314145250442],[99.90441107663607,24.651318125343334],[99.90441512360118,24.6512687000638],[99.90435627772388,24.65126471996933],[99.90435223075876,24.651314145250442]]]]},"properties":{"id":"398","kind":"new","heightM":6.6,"areaM2":32.7,"centerLongitude":99.904384,"centerLatitude":24.651291}},{"type":"Feature","id":"building-399","geometry":{"type":"MultiPolygon","coordinates":[[[[99.90282167348346,24.65199064963394],[99.90286448826656,24.65198798106828],[99.90286004616564,24.65192911073997],[99.90281723138256,24.651931779306892],[99.90282167348346,24.65199064963394]]]]},"properties":{"id":"399","kind":"new","heightM":7.2,"areaM2":28.3,"centerLongitude":99.902841,"centerLatitude":24.65196}},{"type":"Feature","id":"building-400","geometry":{"type":"MultiPolygon","coordinates":[[[[99.90628904744851,24.651650975641576],[99.9063406386917,24.651587522504816],[99.90622469712012,24.651509654871226],[99.90617310587695,24.65157310804756],[99.90628904744851,24.651650975641576]]]]},"properties":{"id":"400","kind":"new","heightM":16,"areaM2":127.2,"centerLongitude":99.906257,"centerLatitude":24.65158}},{"type":"Feature","id":"building-401","geometry":{"type":"MultiPolygon","coordinates":[[[[99.90698095612238,24.652559727154312],[99.90694406936251,24.652607974589824],[99.90708891809888,24.652699448802863],[99.90712580485877,24.6526512014027],[99.90698095612238,24.652559727154312]]]]},"properties":{"id":"401","kind":"new","heightM":19.6,"areaM2":115.9,"centerLongitude":99.907035,"centerLatitude":24.65263}},{"type":"Feature","id":"building-402","geometry":{"type":"MultiPolygon","coordinates":[[[[99.90715077240688,24.65264685917813],[99.90711096714065,24.652698986881905],[99.90724815025185,24.65278551547956],[99.90728795551807,24.65273338781192],[99.90715077240688,24.65264685917813]]]]},"properties":{"id":"402","kind":"new","heightM":18.6,"areaM2":118.5,"centerLongitude":99.907199,"centerLatitude":24.652716}},{"type":"Feature","id":"building-403","geometry":{"type":"MultiPolygon","coordinates":[[[[99.9062377896047,24.652776323969807],[99.90617895083848,24.65273414780188],[99.9060886918784,24.65283815739681],[99.90614753064462,24.652880333529602],[99.9062377896047,24.652776323969807]]]]},"properties":{"id":"403","kind":"old","heightM":16.2,"areaM2":111,"centerLongitude":99.906163,"centerLatitude":24.652807}},{"type":"Feature","id":"building-404","geometry":{"type":"MultiPolygon","coordinates":[[[[99.90622179933061,24.65267606238768],[99.90628258602528,24.6527133641982],[99.90635678793983,24.652613483629704],[99.90629600124512,24.652576181789335],[99.90622179933061,24.65267606238768]]]]},"properties":{"id":"404","kind":"old","heightM":14.8,"areaM2":98.9,"centerLongitude":99.906289,"centerLatitude":24.652645}},{"type":"Feature","id":"building-405","geometry":{"type":"MultiPolygon","coordinates":[[[[99.90584796932488,24.65266480704718],[99.90580271022326,24.65260934111868],[99.9056954177519,24.652681657457492],[99.90574067685353,24.652737123353866],[99.90584796932488,24.65266480704718]]]]},"properties":{"id":"405","kind":"new","heightM":14.9,"areaM2":103.2,"centerLongitude":99.905772,"centerLatitude":24.652673}},{"type":"Feature","id":"building-406","geometry":{"type":"MultiPolygon","coordinates":[[[[99.90636467619517,24.651735546689203],[99.90632765380482,24.65168624780816],[99.90622565783397,24.651749518764483],[99.90626268022433,24.651798817620538],[99.90636467619517,24.651735546689203]]]]},"properties":{"id":"406","kind":"old","heightM":13.7,"areaM2":82.4,"centerLongitude":99.906295,"centerLatitude":24.651743}},{"type":"Feature","id":"building-407","geometry":{"type":"MultiPolygon","coordinates":[[[[99.9065970865748,24.6517571768912],[99.90656015930853,24.65170878527538],[99.90646001528853,24.651771909475734],[99.90649694255482,24.65182030106708],[99.9065970865748,24.6517571768912]]]]},"properties":{"id":"407","kind":"old","heightM":13.6,"areaM2":80.3,"centerLongitude":99.906529,"centerLatitude":24.651765}},{"type":"Feature","id":"building-408","geometry":{"type":"MultiPolygon","coordinates":[[[[99.90562755312718,24.65259437478832],[99.90566630120307,24.652645388825952],[99.90576385339753,24.652584184066736],[99.90572510532165,24.652533170004094],[99.90562755312718,24.65259437478832]]]]},"properties":{"id":"408","kind":"new","heightM":13.2,"areaM2":82.2,"centerLongitude":99.905696,"centerLatitude":24.652589}},{"type":"Feature","id":"building-409","geometry":{"type":"MultiPolygon","coordinates":[[[[99.90546824643414,24.65282146013506],[99.90554238216686,24.652799015112006],[99.90551262467308,24.65271782737711],[99.90543848894038,24.65274027241475],[99.90546824643414,24.65282146013506]]]]},"properties":{"id":"409","kind":"new","heightM":10.5,"areaM2":74.8,"centerLongitude":99.90549,"centerLatitude":24.65277}},{"type":"Feature","id":"building-410","geometry":{"type":"MultiPolygon","coordinates":[[[[99.9065633412126,24.651663757637046],[99.90653048268942,24.65162128584138],[99.90642899882293,24.651686140155835],[99.90646185734616,24.651728611929443],[99.9065633412126,24.651663757637046]]]]},"properties":{"id":"410","kind":"old","heightM":13.8,"areaM2":72,"centerLongitude":99.906496,"centerLatitude":24.651675}},{"type":"Feature","id":"building-411","geometry":{"type":"MultiPolygon","coordinates":[[[[99.90638150297376,24.652862870244626],[99.90632728765338,24.65283244271478],[99.90627114256769,24.652915075633683],[99.90632535788806,24.65294550314339],[99.90638150297376,24.652862870244626]]]]},"properties":{"id":"411","kind":"new","heightM":11.9,"areaM2":69.2,"centerLongitude":99.906326,"centerLatitude":24.652889}},{"type":"Feature","id":"building-412","geometry":{"type":"MultiPolygon","coordinates":[[[[99.90578889378217,24.652783025222913],[99.90583576381316,24.65283204654974],[99.90590113127891,24.652780421769616],[99.90585426124791,24.652731400422518],[99.90578889378217,24.652783025222913]]]]},"properties":{"id":"412","kind":"new","heightM":9.6,"areaM2":62.9,"centerLongitude":99.905845,"centerLatitude":24.652782}},{"type":"Feature","id":"building-413","geometry":{"type":"MultiPolygon","coordinates":[[[[99.90620216863697,24.651981703290556],[99.90626337921547,24.65193048992977],[99.90619284413536,24.65186085279574],[99.90613163355684,24.651912066185094],[99.90620216863697,24.651981703290556]]]]},"properties":{"id":"413","kind":"old","heightM":11.6,"areaM2":88.1,"centerLongitude":99.906198,"centerLatitude":24.651921}},{"type":"Feature","id":"building-414","geometry":{"type":"MultiPolygon","coordinates":[[[[99.91584777832028,24.652174706502695],[99.9158102273941,24.652174706502695],[99.9158102273941,24.652271266027167],[99.91584777832028,24.652271266027167],[99.91584777832028,24.652174706502695]]]]},"properties":{"id":"414","kind":"new","heightM":11.8,"areaM2":40.6,"centerLongitude":99.915829,"centerLatitude":24.652223}},{"type":"Feature","id":"building-415","geometry":{"type":"MultiPolygon","coordinates":[[[[99.91635533522795,24.65299683163998],[99.91634541016654,24.65292235430168],[99.91623108145609,24.652934939202385],[99.91624100651751,24.65300941653318],[99.91635533522795,24.65299683163998]]]]},"properties":{"id":"415","kind":"new","heightM":12.8,"areaM2":96.6,"centerLongitude":99.916293,"centerLatitude":24.652966}},{"type":"Feature","id":"building-416","geometry":{"type":"MultiPolygon","coordinates":[[[[99.90554400319755,24.64974273070538],[99.90549111387442,24.649720354117207],[99.9054419869972,24.649816272302633],[99.90549487632032,24.64983864887362],[99.90554400319755,24.64974273070538]]]]},"properties":{"id":"416","kind":"old","heightM":13,"areaM2":69,"centerLongitude":99.905493,"centerLatitude":24.64978}},{"type":"Feature","id":"building-417","geometry":{"type":"MultiPolygon","coordinates":[[[[99.911091019052,24.64730969544486],[99.91104418321241,24.647394753993957],[99.91118680467778,24.64745962778947],[99.91123364051735,24.647374569284565],[99.911091019052,24.64730969544486]]]]},"properties":{"id":"417","kind":"new","heightM":17.8,"areaM2":169.6,"centerLongitude":99.911139,"centerLatitude":24.647385}},{"type":"Feature","id":"building-418","geometry":{"type":"MultiPolygon","coordinates":[[[[99.8999859335174,24.678496201524542],[99.89994590199835,24.6784611629632],[99.89984812632454,24.678553397631646],[99.89988815784356,24.678588436167068],[99.8999859335174,24.678496201524542]]]]},"properties":{"id":"418","kind":"new","heightM":15.7,"areaM2":79.6,"centerLongitude":99.899917,"centerLatitude":24.678525}},{"type":"Feature","id":"building-419","geometry":{"type":"MultiPolygon","coordinates":[[[[99.89988303050774,24.678602175083302],[99.89984180747638,24.678568212079064],[99.89979041134427,24.678619719660606],[99.89983163437566,24.678653682650815],[99.89988303050774,24.678602175083302]]]]},"properties":{"id":"419","kind":"new","heightM":8.5,"areaM2":43.3,"centerLongitude":99.899837,"centerLatitude":24.678611}},{"type":"Feature","id":"building-420","geometry":{"type":"MultiPolygon","coordinates":[[[[99.89112280807109,24.675675333891277],[99.89105843505477,24.675675333891277],[99.89105843505477,24.6758309020142],[99.89112280807109,24.6758309020142],[99.89112280807109,24.675675333891277]]]]},"properties":{"id":"420","kind":"new","heightM":19.1,"areaM2":112,"centerLongitude":99.891091,"centerLatitude":24.675753}},{"type":"Feature","id":"building-421","geometry":{"type":"MultiPolygon","coordinates":[[[[99.89098538763646,24.6757193518853],[99.8909263790382,24.6757193518853],[99.8909263790382,24.675826640245894],[99.89098538763646,24.675826640245894],[99.89098538763646,24.6757193518853]]]]},"properties":{"id":"421","kind":"new","heightM":13.1,"areaM2":70.8,"centerLongitude":99.890956,"centerLatitude":24.675773}},{"type":"Feature","id":"building-422","geometry":{"type":"MultiPolygon","coordinates":[[[[99.89316263292027,24.67587092173432],[99.89307775624042,24.67589074624481],[99.89311239626217,24.676013204927326],[99.89319727294203,24.6759933804363],[99.89316263292027,24.67587092173432]]]]},"properties":{"id":"422","kind":"new","heightM":15.5,"areaM2":123.9,"centerLongitude":99.893138,"centerLatitude":24.675942}},{"type":"Feature","id":"building-423","geometry":{"type":"MultiPolygon","coordinates":[[[[99.89208346719087,24.676320144517028],[99.89198997015069,24.676350475429377],[99.89203006523927,24.676452528466516],[99.89212356227945,24.676422197578987],[99.89208346719087,24.676320144517028]]]]},"properties":{"id":"423","kind":"new","heightM":13.3,"areaM2":120.3,"centerLongitude":99.892057,"centerLatitude":24.676386}},{"type":"Feature","id":"building-424","geometry":{"type":"MultiPolygon","coordinates":[[[[99.89285122662461,24.676331390178763],[99.89292656143793,24.676324117388077],[99.89291349026686,24.676212319915685],[99.89283815545355,24.67621959271289],[99.89285122662461,24.676331390178763]]]]},"properties":{"id":"424","kind":"new","heightM":13.8,"areaM2":95.3,"centerLongitude":99.892882,"centerLatitude":24.676272}},{"type":"Feature","id":"building-425","geometry":{"type":"MultiPolygon","coordinates":[[[[99.89317132427688,24.675724520006828],[99.89303853801391,24.67575166500652],[99.89306558363187,24.6758609062757],[99.89319836989483,24.6758337612998],[99.89317132427688,24.675724520006828]]]]},"properties":{"id":"425","kind":"new","heightM":15.2,"areaM2":170.4,"centerLongitude":99.893118,"centerLatitude":24.675793}},{"type":"Feature","id":"building-426","geometry":{"type":"MultiPolygon","coordinates":[[[[99.89192950893721,24.676483506828077],[99.89200536299983,24.67646158079162],[99.89197293542894,24.67636895008571],[99.89189708136632,24.676390876138445],[99.89192950893721,24.676483506828077]]]]},"properties":{"id":"426","kind":"new","heightM":11.9,"areaM2":86.5,"centerLongitude":99.891951,"centerLatitude":24.676426}},{"type":"Feature","id":"building-427","geometry":{"type":"MultiPolygon","coordinates":[[[[99.89228821482601,24.677951351897537],[99.8923459870573,24.677936051300115],[99.89231388836014,24.67783597995106],[99.89225611612885,24.677851280560763],[99.89228821482601,24.677951351897537]]]]},"properties":{"id":"427","kind":"new","heightM":12.8,"areaM2":70.1,"centerLongitude":99.892301,"centerLatitude":24.677894}},{"type":"Feature","id":"building-428","geometry":{"type":"MultiPolygon","coordinates":[[[[99.89256361296694,24.674566248188555],[99.89262664631897,24.67444867353327],[99.89247522818106,24.674381643375668],[99.89241219482902,24.674499218094137],[99.89256361296694,24.674566248188555]]]]},"properties":{"id":"428","kind":"new","heightM":18.7,"areaM2":246.3,"centerLongitude":99.892519,"centerLatitude":24.674474}},{"type":"Feature","id":"building-429","geometry":{"type":"MultiPolygon","coordinates":[[[[99.89372041865113,24.673444578296536],[99.8935970370364,24.673444578296536],[99.8935970370364,24.673551866657128],[99.89372041865113,24.673551866657128],[99.89372041865113,24.673444578296536]]]]},"properties":{"id":"429","kind":"new","heightM":13.7,"areaM2":148,"centerLongitude":99.893659,"centerLatitude":24.673498}},{"type":"Feature","id":"building-430","geometry":{"type":"MultiPolygon","coordinates":[[[[99.89138502522309,24.674363718026225],[99.89144944878149,24.674400572856996],[99.8915075654015,24.674316687352672],[99.8914431418431,24.67427983249711],[99.89138502522309,24.674363718026225]]]]},"properties":{"id":"430","kind":"old","heightM":12.1,"areaM2":84.4,"centerLongitude":99.891446,"centerLatitude":24.67434}},{"type":"Feature","id":"building-431","geometry":{"type":"MultiPolygon","coordinates":[[[[99.89196726978767,24.67439941061255],[99.89191889557036,24.67437815968357],[99.89187682688826,24.674457233189177],[99.89192520110558,24.674478484104686],[99.89196726978767,24.67439941061255]]]]},"properties":{"id":"431","kind":"new","heightM":10.8,"areaM2":52.8,"centerLongitude":99.891922,"centerLatitude":24.674428}},{"type":"Feature","id":"building-432","geometry":{"type":"MultiPolygon","coordinates":[[[[99.89192373026009,24.674332040137138],[99.89186706740962,24.674306939392153],[99.89182534123,24.674384717428925],[99.89188200408049,24.674409818158253],[99.89192373026009,24.674332040137138]]]]},"properties":{"id":"432","kind":"new","heightM":10.6,"areaM2":61,"centerLongitude":99.891875,"centerLatitude":24.674358}},{"type":"Feature","id":"building-433","geometry":{"type":"MultiPolygon","coordinates":[[[[99.89421796207367,24.674018245135198],[99.89417852017655,24.674051816490344],[99.89423930236582,24.67411078276902],[99.89427874426293,24.674077211429744],[99.89421796207367,24.674018245135198]]]]},"properties":{"id":"433","kind":"old","heightM":9.9,"areaM2":48.8,"centerLongitude":99.894229,"centerLatitude":24.674065}},{"type":"Feature","id":"building-434","geometry":{"type":"MultiPolygon","coordinates":[[[[99.89409538651108,24.673553410687784],[99.89415400449036,24.673600903378713],[99.89421279962772,24.673540981240105],[99.89415418164847,24.673493488526358],[99.89409538651108,24.673553410687784]]]]},"properties":{"id":"434","kind":"old","heightM":9.8,"areaM2":70.5,"centerLongitude":99.894154,"centerLatitude":24.673547}},{"type":"Feature","id":"building-435","geometry":{"type":"MultiPolygon","coordinates":[[[[99.89433702032773,24.673980334704755],[99.89429421535627,24.67401795700396],[99.89436750598779,24.674086812090216],[99.89441031095923,24.674049189811775],[99.89433702032773,24.673980334704755]]]]},"properties":{"id":"435","kind":"new","heightM":11.7,"areaM2":63.8,"centerLongitude":99.894352,"centerLatitude":24.674034}},{"type":"Feature","id":"building-436","geometry":{"type":"MultiPolygon","coordinates":[[[[99.89440500397761,24.673938286733712],[99.89435899289685,24.673978083401654],[99.89441818755367,24.674034594951387],[99.89446419863444,24.67399479830148],[99.89440500397761,24.673938286733712]]]]},"properties":{"id":"436","kind":"old","heightM":9.6,"areaM2":55.4,"centerLongitude":99.894412,"centerLatitude":24.673986}},{"type":"Feature","id":"building-437","geometry":{"type":"MultiPolygon","coordinates":[[[[99.89414400981373,24.674068730849932],[99.89410078801568,24.6741073880259],[99.8941694695026,24.674170796962077],[99.89421269130067,24.67413213980576],[99.89414400981373,24.674068730849932]]]]},"properties":{"id":"437","kind":"old","heightM":10.9,"areaM2":60.3,"centerLongitude":99.894157,"centerLatitude":24.67412}},{"type":"Feature","id":"building-438","geometry":{"type":"MultiPolygon","coordinates":[[[[99.89429295407983,24.673527653444303],[99.89424933114329,24.673502743269594],[99.8941998005562,24.67357436647578],[99.89424342349275,24.673599276636182],[99.89429295407983,24.673527653444303]]]]},"properties":{"id":"438","kind":"old","heightM":10.4,"areaM2":48.7,"centerLongitude":99.894246,"centerLatitude":24.673551}},{"type":"Feature","id":"building-439","geometry":{"type":"MultiPolygon","coordinates":[[[[99.89418243021804,24.674022569178458],[99.89415294934508,24.673996087045385],[99.89411179028238,24.67403392186175],[99.89414127115533,24.674060403986793],[99.89418243021804,24.674022569178458]]]]},"properties":{"id":"439","kind":"old","heightM":6.5,"areaM2":24.7,"centerLongitude":99.894147,"centerLatitude":24.674028}},{"type":"Feature","id":"building-440","geometry":{"type":"MultiPolygon","coordinates":[[[[99.89478493162044,24.6719549595285],[99.8946293634976,24.6719549595285],[99.8946293634976,24.672094434397223],[99.89478493162044,24.672094434397223],[99.89478493162044,24.6719549595285]]]]},"properties":{"id":"440","kind":"old","heightM":17.3,"areaM2":242.7,"centerLongitude":99.894707,"centerLatitude":24.672025}},{"type":"Feature","id":"building-441","geometry":{"type":"MultiPolygon","coordinates":[[[[99.8946926763873,24.67211085125468],[99.89457465919065,24.67211085125468],[99.89457465919065,24.672266419377593],[99.8946926763873,24.672266419377593],[99.8946926763873,24.67211085125468]]]]},"properties":{"id":"441","kind":"new","heightM":19.1,"areaM2":205.3,"centerLongitude":99.894634,"centerLatitude":24.672189}},{"type":"Feature","id":"building-442","geometry":{"type":"MultiPolygon","coordinates":[[[[99.89478850081194,24.67181592209802],[99.89464902594324,24.67181592209802],[99.89464902594324,24.671933939294664],[99.89478850081194,24.671933939294664],[99.89478850081194,24.67181592209802]]]]},"properties":{"id":"442","kind":"old","heightM":15.5,"areaM2":184.1,"centerLongitude":99.894719,"centerLatitude":24.671875}},{"type":"Feature","id":"building-443","geometry":{"type":"MultiPolygon","coordinates":[[[[99.89476087250758,24.672492477772444],[99.89485982787399,24.672531605772296],[99.89490985145058,24.672427139575912],[99.89481089608415,24.672388011543283],[99.89476087250758,24.672492477772444]]]]},"properties":{"id":"443","kind":"new","heightM":14,"areaM2":137.5,"centerLongitude":99.894835,"centerLatitude":24.67246}},{"type":"Feature","id":"building-444","geometry":{"type":"MultiPolygon","coordinates":[[[[99.89483195658987,24.67020063098175],[99.89482807080532,24.670318595342092],[99.89494067314796,24.670321658292934],[99.89494455893251,24.670203693935484],[99.89483195658987,24.67020063098175]]]]},"properties":{"id":"444","kind":"new","heightM":14.5,"areaM2":148.7,"centerLongitude":99.894886,"centerLatitude":24.670261}},{"type":"Feature","id":"building-445","geometry":{"type":"MultiPolygon","coordinates":[[[[99.8947533956402,24.672500039826655],[99.89469528495994,24.6724793370496],[99.89464222925544,24.67260230973107],[99.89470033993571,24.672623012487715],[99.8947533956402,24.672500039826655]]]]},"properties":{"id":"445","kind":"new","heightM":16.2,"areaM2":92.2,"centerLongitude":99.894698,"centerLatitude":24.672551}},{"type":"Feature","id":"building-446","geometry":{"type":"MultiPolygon","coordinates":[[[[99.89491247105775,24.67034828903883],[99.89484338839257,24.670338402803395],[99.89482330648295,24.670454282483295],[99.89489238914811,24.670464168709543],[99.89491247105775,24.67034828903883]]]]},"properties":{"id":"446","kind":"new","heightM":14.4,"areaM2":91.7,"centerLongitude":99.894868,"centerLatitude":24.670401}},{"type":"Feature","id":"building-447","geometry":{"type":"MultiPolygon","coordinates":[[[[99.89485150687331,24.672553358199064],[99.89476438270434,24.672519269410394],[99.89471382384596,24.67262597158462],[99.89480094801493,24.67266006034413],[99.89485150687331,24.672553358199064]]]]},"properties":{"id":"447","kind":"new","heightM":14.2,"areaM2":123.2,"centerLongitude":99.894783,"centerLatitude":24.67259}},{"type":"Feature","id":"building-448","geometry":{"type":"MultiPolygon","coordinates":[[[[99.89491609122415,24.670388993665398],[99.89489186999477,24.67049600717625],[99.89493603984914,24.670504262744537],[99.89496026107852,24.670397249240768],[99.89491609122415,24.670388993665398]]]]},"properties":{"id":"448","kind":"new","heightM":13.4,"areaM2":55.1,"centerLongitude":99.894926,"centerLatitude":24.670447}},{"type":"Feature","id":"building-449","geometry":{"type":"MultiPolygon","coordinates":[[[[99.89505730357406,24.6712171134125],[99.89501416615084,24.67126009933274],[99.89508836888416,24.671321589515763],[99.89513150630738,24.671278603616713],[99.89505730357406,24.6712171134125]]]]},"properties":{"id":"449","kind":"old","heightM":11.2,"areaM2":65.3,"centerLongitude":99.895073,"centerLatitude":24.671269}},{"type":"Feature","id":"building-450","geometry":{"type":"MultiPolygon","coordinates":[[[[99.89497546226032,24.67036829270537],[99.89496187936803,24.670453788955374],[99.89501761262576,24.670461100738724],[99.89503119551806,24.670375604493724],[99.89497546226032,24.67036829270537]]]]},"properties":{"id":"450","kind":"new","heightM":10.6,"areaM2":54.4,"centerLongitude":99.894997,"centerLatitude":24.670415}},{"type":"Feature","id":"building-451","geometry":{"type":"MultiPolygon","coordinates":[[[[99.89528365023868,24.671421747175433],[99.89523758836249,24.67145135937865],[99.89529615190341,24.671526583091055],[99.89534221377961,24.671496970905686],[99.89528365023868,24.671421747175433]]]]},"properties":{"id":"451","kind":"old","heightM":11.3,"areaM2":58.1,"centerLongitude":99.89529,"centerLatitude":24.671474}},{"type":"Feature","id":"building-452","geometry":{"type":"MultiPolygon","coordinates":[[[[99.89522669835196,24.67132665357155],[99.89526256794255,24.671369768199302],[99.89534858464054,24.671310674401187],[99.89531271504997,24.67126755975301],[99.89522669835196,24.67132665357155]]]]},"properties":{"id":"452","kind":"old","heightM":12,"areaM2":65.2,"centerLongitude":99.895288,"centerLatitude":24.671319}},{"type":"Feature","id":"building-453","geometry":{"type":"MultiPolygon","coordinates":[[[[99.8950406276253,24.670389252237527],[99.89503779564689,24.67047504433695],[99.89508605370253,24.67047635979203],[99.89508888568095,24.670390567693513],[99.8950406276253,24.670389252237527]]]]},"properties":{"id":"453","kind":"new","heightM":10.5,"areaM2":46.3,"centerLongitude":99.895063,"centerLatitude":24.670433}},{"type":"Feature","id":"building-454","geometry":{"type":"MultiPolygon","coordinates":[[[[99.89523071101168,24.671446438905196],[99.89528102528213,24.671412494785464],[99.89522790442952,24.67134747454025],[99.89517759015907,24.671381418677676],[99.89523071101168,24.671446438905196]]]]},"properties":{"id":"454","kind":"old","heightM":9.9,"areaM2":56.8,"centerLongitude":99.895229,"centerLatitude":24.671397}},{"type":"Feature","id":"building-455","geometry":{"type":"MultiPolygon","coordinates":[[[[99.89536878552109,24.671428696801264],[99.89541608007417,24.671397846671614],[99.89536769240006,24.671336591054892],[99.895320397847,24.671367441199692],[99.89536878552109,24.671428696801264]]]]},"properties":{"id":"455","kind":"old","heightM":9.2,"areaM2":49.1,"centerLongitude":99.895368,"centerLatitude":24.671383}},{"type":"Feature","id":"building-456","geometry":{"type":"MultiPolygon","coordinates":[[[[99.89509702115454,24.671165065658293],[99.8950646186968,24.67113887297451],[99.89500642261983,24.671198322761306],[99.89503882507755,24.671224515432606],[99.89509702115454,24.671165065658293]]]]},"properties":{"id":"456","kind":"old","heightM":9.7,"areaM2":38.6,"centerLongitude":99.895052,"centerLatitude":24.671182}},{"type":"Feature","id":"building-457","geometry":{"type":"MultiPolygon","coordinates":[[[[99.89500251190759,24.670202684138864],[99.89495424668925,24.67020160733247],[99.89495250804326,24.670265960957245],[99.8950007732616,24.670267037763082],[99.89500251190759,24.670202684138864]]]]},"properties":{"id":"457","kind":"new","heightM":7.9,"areaM2":34.8,"centerLongitude":99.894978,"centerLatitude":24.670234}},{"type":"Feature","id":"building-458","geometry":{"type":"MultiPolygon","coordinates":[[[[99.8950544834547,24.67022838682785],[99.89510811333653,24.670229512273803],[99.89510974879927,24.670165156415898],[99.89505611891742,24.67016403096937],[99.8950544834547,24.67022838682785]]]]},"properties":{"id":"458","kind":"old","heightM":7.9,"areaM2":38.6,"centerLongitude":99.895082,"centerLatitude":24.670197}},{"type":"Feature","id":"building-459","geometry":{"type":"MultiPolygon","coordinates":[[[[99.89534727460706,24.671499352635923],[99.89537252624274,24.671532241331548],[99.89543656860134,24.671491637561466],[99.89541131696568,24.671458748855137],[99.89534727460706,24.671499352635923]]]]},"properties":{"id":"459","kind":"old","heightM":8.7,"areaM2":35,"centerLongitude":99.895392,"centerLatitude":24.671495}},{"type":"Feature","id":"building-460","geometry":{"type":"MultiPolygon","coordinates":[[[[99.8949539322191,24.67051444799185],[99.89487906420817,24.67050684954957],[99.89487444502075,24.670544433326395],[99.89494931303167,24.670552031766395],[99.8949539322191,24.67051444799185]]]]},"properties":{"id":"460","kind":"new","heightM":8.4,"areaM2":31.9,"centerLongitude":99.894914,"centerLatitude":24.670529}},{"type":"Feature","id":"building-461","geometry":{"type":"MultiPolygon","coordinates":[[[[99.89510799583596,24.6705408483061],[99.89510985401596,24.67048723070849],[99.89505623641801,24.67048569626457],[99.89505437823802,24.67053931386284],[99.89510799583596,24.6705408483061]]]]},"properties":{"id":"461","kind":"new","heightM":6.6,"areaM2":32.2,"centerLongitude":99.895082,"centerLatitude":24.670513}},{"type":"Feature","id":"building-462","geometry":{"type":"MultiPolygon","coordinates":[[[[99.90105266894538,24.670947863620313],[99.9010446922279,24.6708610995456],[99.90090846442327,24.67087144168965],[99.90091644114077,24.670958205757156],[99.90105266894538,24.670947863620313]]]]},"properties":{"id":"462","kind":"new","heightM":15.2,"areaM2":133.1,"centerLongitude":99.900981,"centerLatitude":24.67091}},{"type":"Feature","id":"building-463","geometry":{"type":"MultiPolygon","coordinates":[[[[99.90150749521598,24.670912223917824],[99.90155003426099,24.67087284864878],[99.90146336436855,24.670795528413702],[99.90142082532354,24.67083490370715],[99.90150749521598,24.670912223917824]]]]},"properties":{"id":"463","kind":"old","heightM":13.5,"areaM2":74.9,"centerLongitude":99.901485,"centerLatitude":24.670854}},{"type":"Feature","id":"building-464","geometry":{"type":"MultiPolygon","coordinates":[[[[99.90136988129423,24.670792498322083],[99.90140945974457,24.670748563717527],[99.90132069298559,24.670682530270003],[99.90128111453524,24.670726464897818],[99.90136988129423,24.670792498322083]]]]},"properties":{"id":"464","kind":"old","heightM":12.8,"areaM2":72.8,"centerLongitude":99.901345,"centerLatitude":24.670738}},{"type":"Feature","id":"building-465","geometry":{"type":"MultiPolygon","coordinates":[[[[99.90135311208583,24.670468955063672],[99.90131041533157,24.670513384033875],[99.90139109668921,24.670577411294587],[99.90143379344347,24.670532982347183],[99.90135311208583,24.670468955063672]]]]},"properties":{"id":"465","kind":"old","heightM":11.9,"areaM2":70.7,"centerLongitude":99.901372,"centerLatitude":24.670523}},{"type":"Feature","id":"building-466","geometry":{"type":"MultiPolygon","coordinates":[[[[99.90153009792824,24.670735877989177],[99.90149406963738,24.67076816672069],[99.90155268975728,24.67082218002055],[99.90158871804817,24.670789891303016],[99.90153009792824,24.670735877989177]]]]},"properties":{"id":"466","kind":"old","heightM":9.3,"areaM2":42.9,"centerLongitude":99.901541,"centerLatitude":24.670779}},{"type":"Feature","id":"building-467","geometry":{"type":"MultiPolygon","coordinates":[[[[99.91298541983822,24.670505364893152],[99.91294673263084,24.670421021806327],[99.91281788554825,24.670469825875546],[99.91285657275563,24.67055416892937],[99.91298541983822,24.670505364893152]]]]},"properties":{"id":"467","kind":"new","heightM":15.5,"areaM2":142.7,"centerLongitude":99.912902,"centerLatitude":24.670488}},{"type":"Feature","id":"building-468","geometry":{"type":"MultiPolygon","coordinates":[[[[99.91181431025281,24.670924723565044],[99.91181319226834,24.670865723712648],[99.91173273792363,24.67086698262336],[99.91173385590811,24.670925982475158],[99.91181431025281,24.670924723565044]]]]},"properties":{"id":"468","kind":"new","heightM":9,"areaM2":53.1,"centerLongitude":99.911774,"centerLatitude":24.670896}},{"type":"Feature","id":"building-469","geometry":{"type":"MultiPolygon","coordinates":[[[[99.91313503459125,24.67013620425586],[99.91308899269632,24.67016571018017],[99.91313869321195,24.67022975298796],[99.91318473510688,24.670200247078796],[99.91313503459125,24.67013620425586]]]]},"properties":{"id":"469","kind":"old","heightM":9.6,"areaM2":49.4,"centerLongitude":99.913137,"centerLatitude":24.670183}},{"type":"Feature","id":"building-470","geometry":{"type":"MultiPolygon","coordinates":[[[[99.91192645521949,24.67087322507201],[99.91192561787952,24.670830316473694],[99.91185052783243,24.67083152651649],[99.9118513651724,24.670874435114396],[99.91192645521949,24.67087322507201]]]]},"properties":{"id":"470","kind":"new","heightM":8.4,"areaM2":36,"centerLongitude":99.911888,"centerLatitude":24.670852}},{"type":"Feature","id":"building-471","geometry":{"type":"MultiPolygon","coordinates":[[[[99.91171755626397,24.67080895182923],[99.91171839504274,24.670851860403967],[99.9117773943335,24.67085090802237],[99.91177655555472,24.6708079994473],[99.91171755626397,24.67080895182923]]]]},"properties":{"id":"471","kind":"new","heightM":6.6,"areaM2":28.3,"centerLongitude":99.911747,"centerLatitude":24.67083}},{"type":"Feature","id":"building-472","geometry":{"type":"MultiPolygon","coordinates":[[[[99.91423140103439,24.670342157607376],[99.9141124122469,24.6702861720877],[99.91402006306473,24.670448251452132],[99.91413905185223,24.670504236899063],[99.91423140103439,24.670342157607376]]]]},"properties":{"id":"472","kind":"new","heightM":22.4,"areaM2":273.5,"centerLongitude":99.914126,"centerLatitude":24.670395}},{"type":"Feature","id":"building-473","geometry":{"type":"MultiPolygon","coordinates":[[[[99.91364364307253,24.670343258784694],[99.91371324383448,24.67034062221787],[99.91370871298446,24.67024185350108],[99.91363911222251,24.670244490069983],[99.91364364307253,24.670343258784694]]]]},"properties":{"id":"473","kind":"new","heightM":12.1,"areaM2":77,"centerLongitude":99.913676,"centerLatitude":24.670293}},{"type":"Feature","id":"building-474","geometry":{"type":"MultiPolygon","coordinates":[[[[99.91362112757815,24.67047904570939],[99.913582234595,24.670435063151615],[99.91349611015244,24.670497953022128],[99.9135350031356,24.670541935557726],[99.91362112757815,24.67047904570939]]]]},"properties":{"id":"474","kind":"new","heightM":12.3,"areaM2":69.7,"centerLongitude":99.913559,"centerLatitude":24.670488}},{"type":"Feature","id":"building-475","geometry":{"type":"MultiPolygon","coordinates":[[[[99.91358055164758,24.67034222705143],[99.91362336272108,24.67034029886039],[99.91361689572142,24.670221729235177],[99.91357408464792,24.670223657428057],[99.91358055164758,24.67034222705143]]]]},"properties":{"id":"475","kind":"new","heightM":14.5,"areaM2":56.9,"centerLongitude":99.913599,"centerLatitude":24.670282}},{"type":"Feature","id":"building-476","geometry":{"type":"MultiPolygon","coordinates":[[[[99.91325863533444,24.670242612579187],[99.91324180693056,24.670198859000905],[99.91318718190102,24.67021620847288],[99.91320401030488,24.67025996204508],[99.91325863533444,24.670242612579187]]]]},"properties":{"id":"476","kind":"old","heightM":6.4,"areaM2":30,"centerLongitude":99.913223,"centerLatitude":24.670229}},{"type":"Feature","id":"building-477","geometry":{"type":"MultiPolygon","coordinates":[[[[99.91371750228824,24.67023341316556],[99.9137162072184,24.670195841297854],[99.91364598651248,24.670197840058897],[99.9136472815823,24.670235411925997],[99.91371750228824,24.67023341316556]]]]},"properties":{"id":"477","kind":"new","heightM":7.8,"areaM2":29.5,"centerLongitude":99.913682,"centerLatitude":24.670216}},{"type":"Feature","id":"building-478","geometry":{"type":"MultiPolygon","coordinates":[[[[99.89194704969816,24.667863320091794],[99.89193066018545,24.66802356196746],[99.89206419507582,24.668034840835485],[99.89208058458853,24.667874598974308],[99.89194704969816,24.667863320091794]]]]},"properties":{"id":"478","kind":"new","heightM":19.7,"areaM2":241.4,"centerLongitude":99.892006,"centerLatitude":24.667949}},{"type":"Feature","id":"building-479","geometry":{"type":"MultiPolygon","coordinates":[[[[99.89474872656734,24.669362477784265],[99.89472408464735,24.669238035424936],[99.89462267001359,24.669254619021036],[99.8946473119336,24.66937906136382],[99.89474872656734,24.669362477784265]]]]},"properties":{"id":"479","kind":"old","heightM":15.5,"areaM2":145.7,"centerLongitude":99.894686,"centerLatitude":24.669309}},{"type":"Feature","id":"building-480","geometry":{"type":"MultiPolygon","coordinates":[[[[99.8948150535375,24.669916883026914],[99.89481275625837,24.67002951646186],[99.89492089888726,24.6700313378817],[99.89492319616639,24.669918704448396],[99.8948150535375,24.669916883026914]]]]},"properties":{"id":"480","kind":"old","heightM":13.8,"areaM2":136.3,"centerLongitude":99.894868,"centerLatitude":24.669974}},{"type":"Feature","id":"building-481","geometry":{"type":"MultiPolygon","coordinates":[[[[99.89462718085959,24.66963929315167],[99.894557449401,24.669638463552687],[99.89455536289498,24.669783290428864],[99.89462509435357,24.669784120026883],[99.89462718085959,24.66963929315167]]]]},"properties":{"id":"481","kind":"old","heightM":17.7,"areaM2":113,"centerLongitude":99.894591,"centerLatitude":24.669711}},{"type":"Feature","id":"building-482","geometry":{"type":"MultiPolygon","coordinates":[[[[99.89481306277622,24.669870332775417],[99.89488263964166,24.669877205551497],[99.89489565080359,24.669768433699886],[99.89482607393815,24.66976156091782],[99.89481306277622,24.669870332775417]]]]},"properties":{"id":"482","kind":"old","heightM":13.4,"areaM2":85.6,"centerLongitude":99.894854,"centerLatitude":24.669819}},{"type":"Feature","id":"building-483","geometry":{"type":"MultiPolygon","coordinates":[[[[99.89468393020273,24.669918508380064],[99.89468635449994,24.669795146435693],[99.89460053749461,24.669793753772993],[99.8945981131974,24.669917115718743],[99.89468393020273,24.669918508380064]]]]},"properties":{"id":"483","kind":"new","heightM":15.1,"areaM2":118.4,"centerLongitude":99.894642,"centerLatitude":24.669856}},{"type":"Feature","id":"building-484","geometry":{"type":"MultiPolygon","coordinates":[[[[99.89468744738558,24.669178594153603],[99.89468732203272,24.669231184246986],[99.89479551350756,24.669231397205706],[99.89479563886042,24.669178807112413],[99.89468744738558,24.669178594153603]]]]},"properties":{"id":"484","kind":"old","heightM":12,"areaM2":63.6,"centerLongitude":99.894741,"centerLatitude":24.669205}},{"type":"Feature","id":"building-485","geometry":{"type":"MultiPolygon","coordinates":[[[[99.89461560283375,24.669408100516794],[99.89461523819479,24.669495213360612],[99.89467424636625,24.669495417329273],[99.89467461100521,24.6694083044856],[99.89461560283375,24.669408100516794]]]]},"properties":{"id":"485","kind":"old","heightM":10.7,"areaM2":57.5,"centerLongitude":99.894645,"centerLatitude":24.669452}},{"type":"Feature","id":"building-486","geometry":{"type":"MultiPolygon","coordinates":[[[[99.8948520579544,24.670126145289657],[99.89485085441919,24.67017977832032],[99.89494739387358,24.670181567264795],[99.8949485974088,24.670127934234902],[99.8948520579544,24.670126145289657]]]]},"properties":{"id":"486","kind":"new","heightM":10.7,"areaM2":57.9,"centerLongitude":99.8949,"centerLatitude":24.670154}},{"type":"Feature","id":"building-487","geometry":{"type":"MultiPolygon","coordinates":[[[[99.8950724701213,24.670031014465817],[99.89501883857972,24.670029956345573],[99.89501666028019,24.670121129966684],[99.89507029182178,24.67012218808615],[99.8950724701213,24.670031014465817]]]]},"properties":{"id":"487","kind":"new","heightM":11.2,"areaM2":54.7,"centerLongitude":99.895045,"centerLatitude":24.670076}},{"type":"Feature","id":"building-488","geometry":{"type":"MultiPolygon","coordinates":[[[[99.89486816535256,24.669607098350486],[99.89480916359891,24.669606281637652],[99.89480790486073,24.669681374779035],[99.89486690661438,24.669682191491372],[99.89486816535256,24.669607098350486]]]]},"properties":{"id":"488","kind":"new","heightM":9.2,"areaM2":49.6,"centerLongitude":99.894838,"centerLatitude":24.669644}},{"type":"Feature","id":"building-489","geometry":{"type":"MultiPolygon","coordinates":[[[[99.89498110164652,24.66962862334309],[99.89492746752478,24.669627679371793],[99.89492563854202,24.669713493966828],[99.89497927266378,24.669714437937476],[99.89498110164652,24.66962862334309]]]]},"properties":{"id":"489","kind":"old","heightM":10.5,"areaM2":51.5,"centerLongitude":99.894953,"centerLatitude":24.669671}},{"type":"Feature","id":"building-490","geometry":{"type":"MultiPolygon","coordinates":[[[[99.89468463420032,24.669418853363762],[99.89468391902616,24.66952613975602],[99.89471697776946,24.669526321736043],[99.89471769294362,24.669419035343942],[99.89468463420032,24.669418853363762]]]]},"properties":{"id":"490","kind":"old","heightM":13.1,"areaM2":39.7,"centerLongitude":99.894701,"centerLatitude":24.669473}},{"type":"Feature","id":"building-491","geometry":{"type":"MultiPolygon","coordinates":[[[[99.89502915458355,24.669911950697752],[99.8950278000976,24.66997631194593],[99.89508679790818,24.669977337250604],[99.89508815239414,24.66991297600296],[99.89502915458355,24.669911950697752]]]]},"properties":{"id":"491","kind":"new","heightM":7.9,"areaM2":42.5,"centerLongitude":99.895058,"centerLatitude":24.669945}},{"type":"Feature","id":"building-492","geometry":{"type":"MultiPolygon","coordinates":[[[[99.89494870762543,24.66981162917766],[99.89489971547657,24.66980537508642],[99.8948879322111,24.669881599811706],[99.89493692435997,24.669887853899123],[99.89494870762543,24.66981162917766]]]]},"properties":{"id":"492","kind":"old","heightM":9.4,"areaM2":42.6,"centerLongitude":99.894918,"centerLatitude":24.669847}},{"type":"Feature","id":"building-493","geometry":{"type":"MultiPolygon","coordinates":[[[[99.89511880075509,24.670105157136014],[99.89516170656344,24.67010597920671],[99.89516344869564,24.670030894042256],[99.89512054288727,24.67003007197106],[99.89511880075509,24.670105157136014]]]]},"properties":{"id":"493","kind":"old","heightM":9.2,"areaM2":36,"centerLongitude":99.895141,"centerLatitude":24.670068}},{"type":"Feature","id":"building-494","geometry":{"type":"MultiPolygon","coordinates":[[[[99.89476040144672,24.669537304631834],[99.89466920970297,24.669536592963006],[99.89466890553716,24.669568778284468],[99.89476009728092,24.669569489953115],[99.89476040144672,24.669537304631834]]]]},"properties":{"id":"494","kind":"old","heightM":10.2,"areaM2":32.8,"centerLongitude":99.894715,"centerLatitude":24.669553}},{"type":"Feature","id":"building-495","geometry":{"type":"MultiPolygon","coordinates":[[[[99.8949372524489,24.669896056826317],[99.89493556264203,24.669971142978646],[99.8949739783772,24.669971856905008],[99.89497566818405,24.66989677075311],[99.8949372524489,24.669896056826317]]]]},"properties":{"id":"495","kind":"new","heightM":9.2,"areaM2":32.3,"centerLongitude":99.894956,"centerLatitude":24.669934}},{"type":"Feature","id":"building-496","geometry":{"type":"MultiPolygon","coordinates":[[[[99.89502359034184,24.669842085996198],[99.89502263887067,24.669884992629747],[99.89509236214997,24.66988626941128],[99.89509331362113,24.669843362778167],[99.89502359034184,24.669842085996198]]]]},"properties":{"id":"496","kind":"new","heightM":7.8,"areaM2":33.5,"centerLongitude":99.895058,"centerLatitude":24.669864}},{"type":"Feature","id":"building-497","geometry":{"type":"MultiPolygon","coordinates":[[[[99.89474391777064,24.669483196448784],[99.89478146795992,24.66948341023007],[99.8947819487379,24.66941367416439],[99.89474439854862,24.66941346038297],[99.89474391777064,24.669483196448784]]]]},"properties":{"id":"497","kind":"old","heightM":8.5,"areaM2":29.3,"centerLongitude":99.894763,"centerLatitude":24.669448}},{"type":"Feature","id":"building-498","geometry":{"type":"MultiPolygon","coordinates":[[[[99.89692747592929,24.667439460754405],[99.89687383174898,24.667439460754405],[99.89687383174898,24.667466282844565],[99.89692747592929,24.667466282844565],[99.89692747592929,24.667439460754405]]]]},"properties":{"id":"498","kind":"new","heightM":6,"areaM2":16.1,"centerLongitude":99.896901,"centerLatitude":24.667453}},{"type":"Feature","id":"building-499","geometry":{"type":"MultiPolygon","coordinates":[[[[99.8968309164047,24.667439460754405],[99.8967987298965,24.667439460754405],[99.8967987298965,24.667466282844565],[99.8968309164047,24.667466282844565],[99.8968309164047,24.667439460754405]]]]},"properties":{"id":"499","kind":"new","heightM":3.6,"areaM2":9.7,"centerLongitude":99.896815,"centerLatitude":24.667453}},{"type":"Feature","id":"building-500","geometry":{"type":"MultiPolygon","coordinates":[[[[99.91263941590209,24.670103282033853],[99.91260776353943,24.670061596113513],[99.91253172973263,24.67010927099337],[99.91256338209529,24.67015095689777],[99.91263941590209,24.670103282033853]]]]},"properties":{"id":"500","kind":"new","heightM":10.3,"areaM2":52.3,"centerLongitude":99.912586,"centerLatitude":24.670106}},{"type":"Feature","id":"building-501","geometry":{"type":"MultiPolygon","coordinates":[[[[99.91271229154793,24.67007188313567],[99.9127360061737,24.670121381605867],[99.9128319292773,24.670083431434072],[99.91280821465155,24.67003393294882],[99.91271229154793,24.67007188313567]]]]},"properties":{"id":"501","kind":"new","heightM":11.6,"areaM2":63.2,"centerLongitude":99.912772,"centerLatitude":24.670078}},{"type":"Feature","id":"building-502","geometry":{"type":"MultiPolygon","coordinates":[[[[99.9125637154661,24.670015174920454],[99.91252532223005,24.669973807548054],[99.91244474022783,24.67003556673336],[99.9124831334639,24.670076934085277],[99.9125637154661,24.670015174920454]]]]},"properties":{"id":"502","kind":"new","heightM":11.7,"areaM2":63.8,"centerLongitude":99.912504,"centerLatitude":24.670025}},{"type":"Feature","id":"building-503","geometry":{"type":"MultiPolygon","coordinates":[[[[99.91267088991009,24.670132843726613],[99.91271506132878,24.670119304254218],[99.91268213055693,24.67003058711371],[99.91263795913825,24.670044126595737],[99.91267088991009,24.670132843726613]]]]},"properties":{"id":"503","kind":"new","heightM":11.5,"areaM2":48.8,"centerLongitude":99.912677,"centerLatitude":24.670082}},{"type":"Feature","id":"building-504","geometry":{"type":"MultiPolygon","coordinates":[[[[99.91403283106129,24.66932172142914],[99.91387726293851,24.66932172142914],[99.91387726293851,24.66943437420783],[99.91403283106129,24.66943437420783],[99.91403283106129,24.66932172142914]]]]},"properties":{"id":"504","kind":"new","heightM":17.3,"areaM2":196,"centerLongitude":99.913955,"centerLatitude":24.669378}},{"type":"Feature","id":"building-505","geometry":{"type":"MultiPolygon","coordinates":[[[[99.9131444077028,24.6701079225026],[99.91317068883454,24.67015397396436],[99.91324449773289,24.670119190314296],[99.91321821660114,24.67007313883969],[99.9131444077028,24.6701079225026]]]]},"properties":{"id":"505","kind":"old","heightM":9.3,"areaM2":48.2,"centerLongitude":99.913194,"centerLatitude":24.670114}},{"type":"Feature","id":"building-506","geometry":{"type":"MultiPolygon","coordinates":[[[[99.89200167228728,24.66771538991824],[99.89198163839895,24.667821554381558],[99.89206116012399,24.667833946738728],[99.89208119401232,24.667727782285954],[99.89200167228728,24.66771538991824]]]]},"properties":{"id":"506","kind":"new","heightM":13.2,"areaM2":97.2,"centerLongitude":99.892031,"centerLatitude":24.667775}},{"type":"Feature","id":"building-507","geometry":{"type":"MultiPolygon","coordinates":[[[[99.89314379898852,24.666682733537677],[99.8930478251232,24.666673083690128],[99.89304003508737,24.66673706626945],[99.89313600895268,24.66674671611205],[99.89314379898852,24.666682733537677]]]]},"properties":{"id":"507","kind":"new","heightM":10.7,"areaM2":69.5,"centerLongitude":99.893092,"centerLatitude":24.66671}},{"type":"Feature","id":"building-508","geometry":{"type":"MultiPolygon","coordinates":[[[[99.89214782903295,24.66797794287921],[99.89215822767976,24.667876457938803],[99.8921048145523,24.667871938291263],[99.8920944159055,24.667973423235345],[99.89214782903295,24.66797794287921]]]]},"properties":{"id":"508","kind":"old","heightM":12.5,"areaM2":61.1,"centerLongitude":99.892126,"centerLatitude":24.667925}},{"type":"Feature","id":"building-509","geometry":{"type":"MultiPolygon","coordinates":[[[[99.89284944003104,24.666807357082245],[99.89281160855751,24.66678104449773],[99.89276520276071,24.6668361444182],[99.89280303423423,24.666862456991094],[99.89284944003104,24.666807357082245]]]]},"properties":{"id":"509","kind":"new","heightM":8.5,"areaM2":37,"centerLongitude":99.892807,"centerLatitude":24.666822}},{"type":"Feature","id":"building-510","geometry":{"type":"MultiPolygon","coordinates":[[[[99.89215568164425,24.667790806109778],[99.89210776071461,24.667779324459193],[99.89209098165693,24.667837156768513],[99.89213890258658,24.66784863841378],[99.89215568164425,24.667790806109778]]]]},"properties":{"id":"510","kind":"new","heightM":7.3,"areaM2":33.1,"centerLongitude":99.892123,"centerLatitude":24.667814}},{"type":"Feature","id":"building-511","geometry":{"type":"MultiPolygon","coordinates":[[[[99.89557816776717,24.668977913492725],[99.89551972757475,24.66897048859465],[99.89550337996991,24.66907674349313],[99.89556182016234,24.669084168384884],[99.89557816776717,24.668977913492725]]]]},"properties":{"id":"511","kind":"new","heightM":13.1,"areaM2":70.8,"centerLongitude":99.895541,"centerLatitude":24.669027}},{"type":"Feature","id":"building-512","geometry":{"type":"MultiPolygon","coordinates":[[[[99.89474419246463,24.669134564473662],[99.89474412323047,24.669166750920404],[99.89480313171602,24.669166855738077],[99.89480320095018,24.669134669291356],[99.89474419246463,24.669134564473662]]]]},"properties":{"id":"512","kind":"old","heightM":6.6,"areaM2":21.2,"centerLongitude":99.894774,"centerLatitude":24.669151}},{"type":"Feature","id":"building-513","geometry":{"type":"MultiPolygon","coordinates":[[[[99.9011379598481,24.669098717934364],[99.9010843156678,24.669098717934364],[99.9010843156678,24.669212653490582],[99.9011379598481,24.669212653490582],[99.9011379598481,24.669098717934364]]]]},"properties":{"id":"513","kind":"old","heightM":14,"areaM2":68.4,"centerLongitude":99.901111,"centerLatitude":24.669156}},{"type":"Feature","id":"building-514","geometry":{"type":"MultiPolygon","coordinates":[[[[99.90124942289626,24.669113503433444],[99.90120114313405,24.669113503433444],[99.90120114313405,24.669193969703894],[99.90124942289626,24.669193969703894],[99.90124942289626,24.669113503433444]]]]},"properties":{"id":"514","kind":"old","heightM":9.9,"areaM2":43.4,"centerLongitude":99.901225,"centerLatitude":24.669154}},{"type":"Feature","id":"building-515","geometry":{"type":"MultiPolygon","coordinates":[[[[99.90121771228026,24.669219580802032],[99.90113188159185,24.669219580802032],[99.90113188159185,24.669257131728227],[99.90121771228026,24.669257131728227],[99.90121771228026,24.669219580802032]]]]},"properties":{"id":"515","kind":"old","heightM":9.6,"areaM2":36,"centerLongitude":99.901175,"centerLatitude":24.669238}},{"type":"Feature","id":"building-516","geometry":{"type":"MultiPolygon","coordinates":[[[[99.90604065228376,24.66733548861746],[99.90600911063859,24.66725334025849],[99.90589701273687,24.667288884444314],[99.90592855438206,24.667371032779876],[99.90604065228376,24.66733548861746]]]]},"properties":{"id":"516","kind":"new","heightM":13.2,"areaM2":115.5,"centerLongitude":99.905969,"centerLatitude":24.667312}},{"type":"Feature","id":"building-517","geometry":{"type":"MultiPolygon","coordinates":[[[[99.90606922143928,24.667355562364197],[99.9061742943921,24.667330345245457],[99.90615301503453,24.667257123618278],[99.90604794208171,24.667282340751814],[99.90606922143928,24.667355562364197]]]]},"properties":{"id":"517","kind":"new","heightM":12.1,"areaM2":92,"centerLongitude":99.906111,"centerLatitude":24.667306}},{"type":"Feature","id":"building-518","geometry":{"type":"MultiPolygon","coordinates":[[[[99.90755977372581,24.667949080467288],[99.90748467187345,24.667949080467288],[99.90748467187345,24.668034911155704],[99.90755977372581,24.668034911155704],[99.90755977372581,24.667949080467288]]]]},"properties":{"id":"518","kind":"new","heightM":10.5,"areaM2":72.1,"centerLongitude":99.907522,"centerLatitude":24.667992}},{"type":"Feature","id":"building-519","geometry":{"type":"MultiPolygon","coordinates":[[[[99.90963638231601,24.667853108442483],[99.90963647326912,24.667804780048076],[99.90948541477212,24.66780454527821],[99.90948532381901,24.667852873672707],[99.90963638231601,24.667853108442483]]]]},"properties":{"id":"519","kind":"new","heightM":16.8,"areaM2":81.6,"centerLongitude":99.909561,"centerLatitude":24.667829}},{"type":"Feature","id":"building-520","geometry":{"type":"MultiPolygon","coordinates":[[[[99.90829043734212,24.666615509103497],[99.90824173309834,24.66665438983143],[99.9083240070701,24.66673950065879],[99.90837271131389,24.666700619957382],[99.90829043734212,24.666615509103497]]]]},"properties":{"id":"520","kind":"new","heightM":13.9,"areaM2":82.1,"centerLongitude":99.908307,"centerLatitude":24.666678}},{"type":"Feature","id":"building-521","geometry":{"type":"MultiPolygon","coordinates":[[[[99.90833050614532,24.66784885553961],[99.90831570840024,24.667801480119106],[99.90823986286215,24.66782104397297],[99.90825466060723,24.66786841938604],[99.90833050614532,24.66784885553961]]]]},"properties":{"id":"521","kind":"new","heightM":8.8,"areaM2":43.4,"centerLongitude":99.908285,"centerLatitude":24.667835}},{"type":"Feature","id":"building-522","geometry":{"type":"MultiPolygon","coordinates":[[[[99.90831600467456,24.667791139644038],[99.90830769416722,24.667762490069467],[99.90821533911416,24.667784613487765],[99.9082236496215,24.667813263057248],[99.90831600467456,24.667791139644038]]]]},"properties":{"id":"522","kind":"new","heightM":10.6,"areaM2":31.6,"centerLongitude":99.908266,"centerLatitude":24.667788}},{"type":"Feature","id":"building-523","geometry":{"type":"MultiPolygon","coordinates":[[[[99.91217052233803,24.669065793507112],[99.91219469156869,24.6689536083195],[99.91200532560926,24.668919918158394],[99.9119811563786,24.66903210337631],[99.91217052233803,24.669065793507112]]]]},"properties":{"id":"523","kind":"new","heightM":21.5,"areaM2":246.7,"centerLongitude":99.912088,"centerLatitude":24.668993}},{"type":"Feature","id":"building-524","geometry":{"type":"MultiPolygon","coordinates":[[[[99.91251560582481,24.668761557520806],[99.91251522939369,24.668863480889538],[99.91263324592599,24.66886384082895],[99.91263362235709,24.668761917460515],[99.91251560582481,24.668761557520806]]]]},"properties":{"id":"524","kind":"new","heightM":13.1,"areaM2":134.5,"centerLongitude":99.912574,"centerLatitude":24.668813}},{"type":"Feature","id":"building-525","geometry":{"type":"MultiPolygon","coordinates":[[[[99.91235994586404,24.668999638230392],[99.91235937864506,24.669090831880396],[99.91248363111684,24.66909147009155],[99.9124841983358,24.66900027644201],[99.91235994586404,24.668999638230392]]]]},"properties":{"id":"525","kind":"new","heightM":13.8,"areaM2":126.7,"centerLongitude":99.912422,"centerLatitude":24.669046}},{"type":"Feature","id":"building-526","geometry":{"type":"MultiPolygon","coordinates":[[[[99.91255650574553,24.668981842333622],[99.9124974981494,24.66898152979945],[99.91249705087455,24.669051266049625],[99.91255605847067,24.66905157858363],[99.91255650574553,24.668981842333622]]]]},"properties":{"id":"526","kind":"new","heightM":8.5,"areaM2":46,"centerLongitude":99.912527,"centerLatitude":24.669017}},{"type":"Feature","id":"building-527","geometry":{"type":"MultiPolygon","coordinates":[[[[99.91238218094306,24.668934553140744],[99.91238185662522,24.66898283200352],[99.91246768571474,24.668983308129842],[99.91246801003258,24.668935029267253],[99.91238218094306,24.668934553140744]]]]},"properties":{"id":"527","kind":"new","heightM":9.6,"areaM2":46.3,"centerLongitude":99.912425,"centerLatitude":24.668959}},{"type":"Feature","id":"building-528","geometry":{"type":"MultiPolygon","coordinates":[[[[99.91337596308932,24.66876825890884],[99.91337475479378,24.66870381293554],[99.91323954665762,24.66870590635299],[99.91324075495315,24.66877035232521],[99.91337596308932,24.66876825890884]]]]},"properties":{"id":"528","kind":"old","heightM":15.1,"areaM2":97.5,"centerLongitude":99.913308,"centerLatitude":24.668737}},{"type":"Feature","id":"building-529","geometry":{"type":"MultiPolygon","coordinates":[[[[99.91459535423203,24.66685187916944],[99.91462054449214,24.666902451045463],[99.9147422591981,24.666852383638183],[99.91471706893799,24.66680181174187],[99.91459535423203,24.66685187916944]]]]},"properties":{"id":"529","kind":"old","heightM":14.9,"areaM2":82.9,"centerLongitude":99.914669,"centerLatitude":24.666852}},{"type":"Feature","id":"building-530","geometry":{"type":"MultiPolygon","coordinates":[[[[99.91444317977378,24.666795790835533],[99.91446512108529,24.66684766700456],[99.91456111012357,24.666814139198],[99.91453916881208,24.666762263015034],[99.91444317977378,24.666795790835533]]]]},"properties":{"id":"530","kind":"old","heightM":11.4,"areaM2":63.9,"centerLongitude":99.914502,"centerLatitude":24.666805}},{"type":"Feature","id":"building-531","geometry":{"type":"MultiPolygon","coordinates":[[[[99.91460596822172,24.66690366285558],[99.91457767736111,24.66685742114013],[99.91448282491251,24.66690534471464],[99.91451111577314,24.66695158641233],[99.91460596822172,24.66690366285558]]]]},"properties":{"id":"531","kind":"old","heightM":12.1,"areaM2":64.2,"centerLongitude":99.914544,"centerLatitude":24.666905}},{"type":"Feature","id":"building-532","geometry":{"type":"MultiPolygon","coordinates":[[[[99.91455210324536,24.66674417463315],[99.91456821753837,24.66679669020247],[99.91465878628617,24.666773739779465],[99.91464267199315,24.666721224200472],[99.91455210324536,24.66674417463315]]]]},"properties":{"id":"532","kind":"old","heightM":10.5,"areaM2":57.3,"centerLongitude":99.914605,"centerLatitude":24.666759}},{"type":"Feature","id":"building-533","geometry":{"type":"MultiPolygon","coordinates":[[[[99.91478858560316,24.66696514913422],[99.91480995145885,24.6669146738376],[99.91471352955914,24.66688096798899],[99.91469216370344,24.666931443299244],[99.91478858560316,24.66696514913422]]]]},"properties":{"id":"533","kind":"old","heightM":11.5,"areaM2":62.5,"centerLongitude":99.914751,"centerLatitude":24.666923}},{"type":"Feature","id":"building-534","geometry":{"type":"MultiPolygon","coordinates":[[[[99.91480689523432,24.666814055787782],[99.91476970729855,24.66685159308548],[99.91482039558575,24.666893063207773],[99.91485758352151,24.666855525922553],[99.91480689523432,24.666814055787782]]]]},"properties":{"id":"534","kind":"old","heightM":7.6,"areaM2":38.5,"centerLongitude":99.914814,"centerLatitude":24.666854}},{"type":"Feature","id":"building-535","geometry":{"type":"MultiPolygon","coordinates":[[[[99.91408610769163,24.669341146945918],[99.91404855676542,24.669341146945918],[99.91404855676542,24.66938942670823],[99.91408610769163,24.66938942670823],[99.91408610769163,24.669341146945918]]]]},"properties":{"id":"535","kind":"new","heightM":5.9,"areaM2":20.3,"centerLongitude":99.914067,"centerLatitude":24.669365}},{"type":"Feature","id":"building-536","geometry":{"type":"MultiPolygon","coordinates":[[[[99.89261383955736,24.677239140337157],[99.8924972268186,24.677276609868652],[99.89256356031066,24.67744706748215],[99.89268017304941,24.677409598001876],[99.89261383955736,24.677239140337157]]]]},"properties":{"id":"536","kind":"old","heightM":22.1,"areaM2":250.1,"centerLongitude":99.892589,"centerLatitude":24.677343}},{"type":"Feature","id":"building-537","geometry":{"type":"MultiPolygon","coordinates":[[[[99.89455120837297,24.676961213445946],[99.89451857109346,24.676917727764746],[99.89443447654551,24.676969841702373],[99.89446711382504,24.677013327365405],[99.89455120837297,24.676961213445946]]]]},"properties":{"id":"537","kind":"new","heightM":11.3,"areaM2":59.9,"centerLongitude":99.894493,"centerLatitude":24.676966}},{"type":"Feature","id":"building-538","geometry":{"type":"MultiPolygon","coordinates":[[[[99.89442282457848,24.676963115095916],[99.89448287511334,24.676926262042926],[99.89442327268503,24.676846070989235],[99.89436322215019,24.676882924065918],[99.89442282457848,24.676963115095916]]]]},"properties":{"id":"538","kind":"new","heightM":11.9,"areaM2":78.4,"centerLongitude":99.894423,"centerLatitude":24.676905}},{"type":"Feature","id":"building-539","geometry":{"type":"MultiPolygon","coordinates":[[[[99.893893778219,24.676470741799516],[99.89381433185324,24.676500200066876],[99.89386678989791,24.676617015502405],[99.89394623626367,24.676587557262632],[99.893893778219,24.676470741799516]]]]},"properties":{"id":"539","kind":"old","heightM":15.5,"areaM2":121.1,"centerLongitude":99.89388,"centerLatitude":24.676544}},{"type":"Feature","id":"building-540","geometry":{"type":"MultiPolygon","coordinates":[[[[99.89330179286796,24.675820509753567],[99.89335756784637,24.675812776643696],[99.89334196982684,24.675719884052665],[99.8932861948484,24.6757276171683],[99.89330179286796,24.675820509753567]]]]},"properties":{"id":"540","kind":"new","heightM":11.5,"areaM2":59.3,"centerLongitude":99.893322,"centerLatitude":24.67577}},{"type":"Feature","id":"building-541","geometry":{"type":"MultiPolygon","coordinates":[[[[99.89405989468149,24.673995769962346],[99.89409754152652,24.674030734397608],[99.89416171719708,24.673973677087556],[99.89412407035204,24.673938712636296],[99.89405989468149,24.673995769962346]]]]},"properties":{"id":"541","kind":"old","heightM":10,"areaM2":49.1,"centerLongitude":99.894111,"centerLatitude":24.673985}},{"type":"Feature","id":"building-542","geometry":{"type":"MultiPolygon","coordinates":[[[[99.89511634423906,24.672521150142884],[99.8950113585333,24.67248466705816],[99.89496202835831,24.672601886709455],[99.89506701406407,24.672638369759888],[99.89511634423906,24.672521150142884]]]]},"properties":{"id":"542","kind":"new","heightM":15.4,"areaM2":157.8,"centerLongitude":99.895039,"centerLatitude":24.672562}},{"type":"Feature","id":"building-543","geometry":{"type":"MultiPolygon","coordinates":[[[[99.89496192929603,24.67207145832434],[99.89506494786531,24.672072890451698],[99.89506758753684,24.671916093968168],[99.89496456896758,24.67191466183901],[99.89496192929603,24.67207145832434]]]]},"properties":{"id":"543","kind":"old","heightM":19.2,"areaM2":180.7,"centerLongitude":99.895015,"centerLatitude":24.671994}},{"type":"Feature","id":"building-544","geometry":{"type":"MultiPolygon","coordinates":[[[[99.89512511781793,24.671923248921196],[99.89507600574267,24.671923248921196],[99.89507600574267,24.67200776737599],[99.89512511781793,24.67200776737599],[99.89512511781793,24.671923248921196]]]]},"properties":{"id":"544","kind":"old","heightM":10.4,"areaM2":46.4,"centerLongitude":99.895101,"centerLatitude":24.671966}},{"type":"Feature","id":"building-545","geometry":{"type":"MultiPolygon","coordinates":[[[[99.89592975253731,24.66912541017895],[99.89599265346293,24.668957426946765],[99.89579134533257,24.668895178830706],[99.89572844440696,24.669063162146717],[99.89592975253731,24.66912541017895]]]]},"properties":{"id":"545","kind":"new","heightM":23.7,"areaM2":422,"centerLongitude":99.895861,"centerLatitude":24.66901}},{"type":"Feature","id":"building-546","geometry":{"type":"MultiPolygon","coordinates":[[[[99.8955079688483,24.668974775660363],[99.89540171962685,24.66894723982067],[99.89535842800379,24.66908518453396],[99.89546467722525,24.669112720343197],[99.8955079688483,24.668974775660363]]]]},"properties":{"id":"546","kind":"new","heightM":17.6,"areaM2":177.2,"centerLongitude":99.895433,"centerLatitude":24.66903}},{"type":"Feature","id":"building-547","geometry":{"type":"MultiPolygon","coordinates":[[[[99.89971407398812,24.678619325852996],[99.89977109242963,24.67862060338351],[99.89977597238634,24.67844077136295],[99.89971895394481,24.678439493830588],[99.89971407398812,24.678619325852996]]]]},"properties":{"id":"547","kind":"new","heightM":22,"areaM2":114.7,"centerLongitude":99.899745,"centerLatitude":24.67853}},{"type":"Feature","id":"building-548","geometry":{"type":"MultiPolygon","coordinates":[[[[99.90173666982068,24.673270647315622],[99.90181306541912,24.673240313070718],[99.90177336352734,24.673157749095544],[99.90169696792891,24.673188083360532],[99.90173666982068,24.673270647315622]]]]},"properties":{"id":"548","kind":"old","heightM":11,"areaM2":84,"centerLongitude":99.901755,"centerLatitude":24.673214}},{"type":"Feature","id":"building-549","geometry":{"type":"MultiPolygon","coordinates":[[[[99.8926513128473,24.666783725483146],[99.89271355018575,24.66683174418024],[99.89280500155853,24.666733858333828],[99.89274276422009,24.666685839599058],[99.8926513128473,24.666783725483146]]]]},"properties":{"id":"549","kind":"new","heightM":15.7,"areaM2":117.2,"centerLongitude":99.892728,"centerLatitude":24.666759}},{"type":"Feature","id":"building-550","geometry":{"type":"MultiPolygon","coordinates":[[[[99.91183711837955,24.670895982695814],[99.91184338823656,24.670968403068166],[99.91198743183482,24.670958105113765],[99.91198116197779,24.67088568473544],[99.91183711837955,24.670895982695814]]]]},"properties":{"id":"550","kind":"new","heightM":16.1,"areaM2":117.4,"centerLongitude":99.911912,"centerLatitude":24.670927}},{"type":"Feature","id":"building-551","geometry":{"type":"MultiPolygon","coordinates":[[[[99.91327387542455,24.67022044490843],[99.91331827961683,24.67020052565179],[99.91328642284407,24.670141882404007],[99.91324201865179,24.670161801670012],[99.91327387542455,24.67022044490843]]]]},"properties":{"id":"551","kind":"old","heightM":8,"areaM2":36.2,"centerLongitude":99.91328,"centerLatitude":24.670181}},{"type":"Feature","id":"building-552","geometry":{"type":"MultiPolygon","coordinates":[[[[99.91480664865087,24.670600304394718],[99.91490774482845,24.670709294780476],[99.91500509480846,24.67063472815127],[99.91490399863089,24.67052573770036],[99.91480664865087,24.670600304394718]]]]},"properties":{"id":"552","kind":"old","heightM":17.5,"areaM2":203,"centerLongitude":99.914906,"centerLatitude":24.670618}},{"type":"Feature","id":"building-553","geometry":{"type":"MultiPolygon","coordinates":[[[[99.9146899898268,24.67075806895387],[99.9148043638737,24.670858674019915],[99.91493240231954,24.67073847272259],[99.91481802827263,24.6706378675596],[99.9146899898268,24.67075806895387]]]]},"properties":{"id":"553","kind":"old","heightM":20.5,"areaM2":297.8,"centerLongitude":99.914811,"centerLatitude":24.670748}},{"type":"Feature","id":"building-554","geometry":{"type":"MultiPolygon","coordinates":[[[[99.91557595504476,24.670280076059175],[99.91551566832521,24.67039904276375],[99.91567977996581,24.670467717916697],[99.91574006668536,24.670348751277615],[99.91557595504476,24.670280076059175]]]]},"properties":{"id":"554","kind":"old","heightM":20.1,"areaM2":264.6,"centerLongitude":99.915628,"centerLatitude":24.670374}},{"type":"Feature","id":"building-555","geometry":{"type":"MultiPolygon","coordinates":[[[[99.91617267827863,24.67051227844174],[99.9161436588967,24.670578820708414],[99.91625180832031,24.670617768022503],[99.91628082770222,24.670551225776613],[99.91617267827863,24.67051227844174]]]]},"properties":{"id":"555","kind":"new","heightM":13,"areaM2":93.1,"centerLongitude":99.916212,"centerLatitude":24.670565}},{"type":"Feature","id":"building-556","geometry":{"type":"MultiPolygon","coordinates":[[[[99.91425519187003,24.66776833776768],[99.9143000264177,24.667809524412966],[99.91439834745543,24.667721138099054],[99.91435351290774,24.66767995142459],[99.91425519187003,24.66776833776768]]]]},"properties":{"id":"556","kind":"new","heightM":15.4,"areaM2":89.6,"centerLongitude":99.914327,"centerLatitude":24.667745}},{"type":"Feature","id":"building-557","geometry":{"type":"MultiPolygon","coordinates":[[[[99.91252695847369,24.667175246320724],[99.91235472476059,24.66713565880863],[99.91228325658449,24.667392437392845],[99.91245549029759,24.66743202482346],[99.91252695847369,24.667175246320724]]]]},"properties":{"id":"557","kind":"new","heightM":32.4,"areaM2":526.2,"centerLongitude":99.912405,"centerLatitude":24.667284}},{"type":"Feature","id":"building-558","geometry":{"type":"MultiPolygon","coordinates":[[[[99.91099006294172,24.666326388464356],[99.91092452152138,24.6663447052613],[99.9109612360975,24.666453197044575],[99.91102677751785,24.66643488026356],[99.91099006294172,24.666326388464356]]]]},"properties":{"id":"558","kind":"old","heightM":13.9,"areaM2":87,"centerLongitude":99.910976,"centerLatitude":24.66639}},{"type":"Feature","id":"building-559","geometry":{"type":"MultiPolygon","coordinates":[[[[99.911056766966,24.666406935189197],[99.91112244197998,24.666389679687025],[99.91108551782035,24.666273621650674],[99.91101984280637,24.666290877168898],[99.911056766966,24.666406935189197]]]]},"properties":{"id":"559","kind":"old","heightM":14.8,"areaM2":92.4,"centerLongitude":99.911071,"centerLatitude":24.66634}},{"type":"Feature","id":"building-560","geometry":{"type":"MultiPolygon","coordinates":[[[[99.91114581621532,24.66560387059675],[99.91110472777133,24.66554629917239],[99.91100591856156,24.66560453733595],[99.91104700700554,24.665662108733432],[99.91114581621532,24.66560387059675]]]]},"properties":{"id":"560","kind":"old","heightM":13.1,"areaM2":90.4,"centerLongitude":99.911076,"centerLatitude":24.665604}},{"type":"Feature","id":"building-561","geometry":{"type":"MultiPolygon","coordinates":[[[[99.91084665407112,24.665401146861015],[99.91087690400555,24.665449323772012],[99.91096552210007,24.665403371555954],[99.91093527216564,24.665355194627217],[99.91084665407112,24.665401146861015]]]]},"properties":{"id":"561","kind":"old","heightM":11.4,"areaM2":63.3,"centerLongitude":99.910906,"centerLatitude":24.665402}},{"type":"Feature","id":"building-562","geometry":{"type":"MultiPolygon","coordinates":[[[[99.91105616886337,24.665305607699537],[99.91103767619614,24.66527372524872],[99.91094261415816,24.66531926120547],[99.91096110682535,24.665351143644653],[99.91105616886337,24.665305607699537]]]]},"properties":{"id":"562","kind":"new","heightM":12,"areaM2":43.3,"centerLongitude":99.910999,"centerLatitude":24.665312}},{"type":"Feature","id":"building-563","geometry":{"type":"MultiPolygon","coordinates":[[[[99.91106768931081,24.6653627611365],[99.91104198973655,24.6653191703397],[99.910953436756,24.665362285843177],[99.91097913633028,24.665405876624916],[99.91106768931081,24.6653627611365]]]]},"properties":{"id":"563","kind":"new","heightM":11.2,"areaM2":55.6,"centerLongitude":99.911011,"centerLatitude":24.665363}},{"type":"Feature","id":"building-564","geometry":{"type":"MultiPolygon","coordinates":[[[[99.9108423458638,24.665462800674344],[99.91086933322406,24.66544938647079],[99.91082958980661,24.665383353746385],[99.91080260244635,24.665396767957034],[99.9108423458638,24.665462800674344]]]]},"properties":{"id":"564","kind":"old","heightM":9.2,"areaM2":25.9,"centerLongitude":99.910836,"centerLatitude":24.665423}},{"type":"Feature","id":"building-565","geometry":{"type":"MultiPolygon","coordinates":[[[[99.91082207665889,24.665360598432144],[99.91084486639998,24.66539814044647],[99.91094323395039,24.665348826179045],[99.9109204442093,24.665311284149887],[99.91082207665889,24.665360598432144]]]]},"properties":{"id":"565","kind":"new","heightM":12.5,"areaM2":53.9,"centerLongitude":99.910883,"centerLatitude":24.665355}},{"type":"Feature","id":"building-566","geometry":{"type":"MultiPolygon","coordinates":[[[[99.90942369503983,24.666118716285947],[99.90948169707009,24.6661077548171],[99.90945986247904,24.666012340516904],[99.90940186044875,24.66602330199413],[99.90942369503983,24.666118716285947]]]]},"properties":{"id":"566","kind":"new","heightM":11.9,"areaM2":64.6,"centerLongitude":99.909442,"centerLatitude":24.666066}},{"type":"Feature","id":"building-567","geometry":{"type":"MultiPolygon","coordinates":[[[[99.90936286848311,24.665572272870104],[99.90932533563316,24.665625786699177],[99.90945931650131,24.66570339093642],[99.90949684935129,24.665649877140634],[99.90936286848311,24.665572272870104]]]]},"properties":{"id":"567","kind":"new","heightM":17.7,"areaM2":112.8,"centerLongitude":99.909411,"centerLatitude":24.665638}},{"type":"Feature","id":"building-568","geometry":{"type":"MultiPolygon","coordinates":[[[[99.89327114493766,24.6644070451282],[99.89322920448147,24.664362525318527],[99.89312417924361,24.664444236082762],[99.89316611969979,24.664488755863278],[99.89327114493766,24.6644070451282]]]]},"properties":{"id":"568","kind":"new","heightM":15.4,"areaM2":90.6,"centerLongitude":99.893198,"centerLatitude":24.664426}},{"type":"Feature","id":"building-569","geometry":{"type":"MultiPolygon","coordinates":[[[[99.89357540174495,24.6642293073143],[99.89362627944722,24.664280996276524],[99.89372154667006,24.6642035536736],[99.89367066896779,24.6641518646793],[99.89357540174495,24.6642293073143]]]]},"properties":{"id":"569","kind":"new","heightM":14.2,"areaM2":99.1,"centerLongitude":99.893648,"centerLatitude":24.664216}},{"type":"Feature","id":"building-570","geometry":{"type":"MultiPolygon","coordinates":[[[[99.89367440108363,24.664134422647518],[99.89371438673226,24.66416910622472],[99.89379256513435,24.66409467167675],[99.8937525794857,24.66405998807886],[99.89367440108363,24.664134422647518]]]]},"properties":{"id":"570","kind":"new","heightM":12.6,"areaM2":63.6,"centerLongitude":99.893733,"centerLatitude":24.664115}},{"type":"Feature","id":"building-571","geometry":{"type":"MultiPolygon","coordinates":[[[[99.89451650130125,24.663870298066556],[99.89446320587994,24.663844485488823],[99.89440722599815,24.663939940748346],[99.89446052141946,24.663965753306336],[99.89451650130125,24.663870298066556]]]]},"properties":{"id":"571","kind":"old","heightM":13.2,"areaM2":73.1,"centerLongitude":99.894462,"centerLatitude":24.663905}},{"type":"Feature","id":"building-572","geometry":{"type":"MultiPolygon","coordinates":[[[[99.8948364710048,24.663868821144742],[99.89480710656832,24.663897811962265],[99.89486361070887,24.663945078158324],[99.89489297514532,24.663916087351783],[99.8948364710048,24.663868821144742]]]]},"properties":{"id":"572","kind":"new","heightM":8.5,"areaM2":33.8,"centerLongitude":99.89485,"centerLatitude":24.663907}},{"type":"Feature","id":"building-573","geometry":{"type":"MultiPolygon","coordinates":[[[[99.89482301260853,24.6627632587889],[99.89472185123023,24.66272547172372],[99.89466642281145,24.662848023934128],[99.89476758418974,24.66288581096219],[99.89482301260853,24.6627632587889]]]]},"properties":{"id":"573","kind":"new","heightM":16.2,"areaM2":162.1,"centerLongitude":99.894745,"centerLatitude":24.662806}},{"type":"Feature","id":"building-574","geometry":{"type":"MultiPolygon","coordinates":[[[[99.8978876715922,24.66329988700804],[99.89794578191032,24.663298179526734],[99.8979411515221,24.66316803428328],[99.89788304120397,24.663169741766367],[99.8978876715922,24.66329988700804]]]]},"properties":{"id":"574","kind":"old","heightM":16,"areaM2":84.7,"centerLongitude":99.897914,"centerLatitude":24.663234}},{"type":"Feature","id":"building-575","geometry":{"type":"MultiPolygon","coordinates":[[[[99.89051333697171,24.66196301227997],[99.89044563469653,24.66197525699898],[99.89047609325256,24.662114343862978],[99.89054379552773,24.662102099157618],[99.89051333697171,24.66196301227997]]]]},"properties":{"id":"575","kind":"new","heightM":17.4,"areaM2":109.5,"centerLongitude":99.890495,"centerLatitude":24.662039}},{"type":"Feature","id":"building-576","geometry":{"type":"MultiPolygon","coordinates":[[[[99.89480059034135,24.65984114695986],[99.89473668187527,24.659837898438543],[99.89472807741312,24.659977706950713],[99.8947919858792,24.659980955468388],[99.89480059034135,24.65984114695986]]]]},"properties":{"id":"576","kind":"old","heightM":17.2,"areaM2":100.2,"centerLongitude":99.894764,"centerLatitude":24.659909}},{"type":"Feature","id":"building-577","geometry":{"type":"MultiPolygon","coordinates":[[[[99.89392587631755,24.65865380939132],[99.89385948086144,24.658620817376345],[99.89377875735939,24.65875499347302],[99.8938451528155,24.658787985452527],[99.89392587631755,24.65865380939132]]]]},"properties":{"id":"577","kind":"new","heightM":18.7,"areaM2":129.4,"centerLongitude":99.893852,"centerLatitude":24.658704}},{"type":"Feature","id":"building-578","geometry":{"type":"MultiPolygon","coordinates":[[[[99.88975380284074,24.65929774762549],[99.88980364977684,24.659292324227902],[99.88979038990867,24.659191666376525],[99.88974054297258,24.659197089778488],[99.88975380284074,24.65929774762549]]]]},"properties":{"id":"578","kind":"new","heightM":12.4,"areaM2":56.9,"centerLongitude":99.889772,"centerLatitude":24.659245}},{"type":"Feature","id":"building-579","geometry":{"type":"MultiPolygon","coordinates":[[[[99.88977891615886,24.659412119913465],[99.88982587953461,24.659407552702284],[99.88981595673182,24.6593232807279],[99.88976899335607,24.65932784794217],[99.88977891615886,24.659412119913465]]]]},"properties":{"id":"579","kind":"new","heightM":10.4,"areaM2":44.8,"centerLongitude":99.889797,"centerLatitude":24.659368}},{"type":"Feature","id":"building-580","geometry":{"type":"MultiPolygon","coordinates":[[[[99.89010193572696,24.65908191196018],[99.89008563883142,24.659007001505696],[99.88997824918017,24.659026297535526],[99.88999454607571,24.65910120797842],[99.89010193572696,24.65908191196018]]]]},"properties":{"id":"580","kind":"old","heightM":12.2,"areaM2":93.5,"centerLongitude":99.89004,"centerLatitude":24.659054}},{"type":"Feature","id":"building-581","geometry":{"type":"MultiPolygon","coordinates":[[[[99.88904722213792,24.65863203640921],[99.88911662822335,24.65859481620285],[99.88900062871602,24.65841615869266],[99.88893122263059,24.658453378952302],[99.88904722213792,24.65863203640921]]]]},"properties":{"id":"581","kind":"old","heightM":25.4,"areaM2":187,"centerLongitude":99.889024,"centerLatitude":24.658524}},{"type":"Feature","id":"building-582","geometry":{"type":"MultiPolygon","coordinates":[[[[99.88926955304866,24.658458379233164],[99.88932607946225,24.658425566063283],[99.88926304368968,24.658335877366333],[99.88920651727608,24.65836869055979],[99.88926955304866,24.658458379233164]]]]},"properties":{"id":"582","kind":"new","heightM":13,"areaM2":79.8,"centerLongitude":99.889266,"centerLatitude":24.658397}},{"type":"Feature","id":"building-583","geometry":{"type":"MultiPolygon","coordinates":[[[[99.88852282367712,24.657763167869295],[99.88847360814586,24.65788379370239],[99.88854852107589,24.657909038381938],[99.88859773660715,24.657788412573247],[99.88852282367712,24.657763167869295]]]]},"properties":{"id":"583","kind":"new","heightM":15.8,"areaM2":115,"centerLongitude":99.888536,"centerLatitude":24.657836}},{"type":"Feature","id":"building-584","geometry":{"type":"MultiPolygon","coordinates":[[[[99.88856583054284,24.657898864301238],[99.88861024381568,24.65791431599724],[99.8886631129789,24.657788802580175],[99.88861869970606,24.65777335086865],[99.88856583054284,24.657898864301238]]]]},"properties":{"id":"584","kind":"new","heightM":16.5,"areaM2":71.5,"centerLongitude":99.888614,"centerLatitude":24.657844}},{"type":"Feature","id":"building-585","geometry":{"type":"MultiPolygon","coordinates":[[[[99.89050960624901,24.656910611206207],[99.89042942731007,24.656897774740358],[99.89040909030267,24.657002695058615],[99.89048926924163,24.657015531513675],[99.89050960624901,24.656910611206207]]]]},"properties":{"id":"585","kind":"new","heightM":13,"areaM2":97,"centerLongitude":99.890459,"centerLatitude":24.656957}},{"type":"Feature","id":"building-586","geometry":{"type":"MultiPolygon","coordinates":[[[[99.89030624529344,24.65500177939916],[99.89020032263888,24.65489026616775],[99.89012502163023,24.654949345400173],[99.89023094428481,24.65506085857881],[99.89030624529344,24.65500177939916]]]]},"properties":{"id":"586","kind":"old","heightM":18,"areaM2":163.9,"centerLongitude":99.890216,"centerLatitude":24.654976}},{"type":"Feature","id":"building-587","geometry":{"type":"MultiPolygon","coordinates":[[[[99.89282444444387,24.654307004708723],[99.89266083466589,24.654234054381835],[99.89255903849373,24.65442263170373],[99.8927226482717,24.65449558192042],[99.89282444444387,24.654307004708723]]]]},"properties":{"id":"587","kind":"new","heightM":25.7,"areaM2":428.1,"centerLongitude":99.892692,"centerLatitude":24.654365}},{"type":"Feature","id":"building-588","geometry":{"type":"MultiPolygon","coordinates":[[[[99.8927283420166,24.655758027467446],[99.89277870883656,24.655729389844186],[99.89270424784135,24.655621220900645],[99.89265388102137,24.65564985854872],[99.8927283420166,24.655758027467446]]]]},"properties":{"id":"588","kind":"old","heightM":15.6,"areaM2":84.8,"centerLongitude":99.892716,"centerLatitude":24.65569}},{"type":"Feature","id":"building-589","geometry":{"type":"MultiPolygon","coordinates":[[[[99.892951270081,24.65593634930436],[99.8930093604956,24.655935180202892],[99.89300603077812,24.655798525522158],[99.89294794036351,24.65579969462491],[99.892951270081,24.65593634930436]]]]},"properties":{"id":"589","kind":"new","heightM":16.7,"areaM2":88.8,"centerLongitude":99.892979,"centerLatitude":24.655867}},{"type":"Feature","id":"building-590","geometry":{"type":"MultiPolygon","coordinates":[[[[99.89408269054424,24.655417492436452],[99.89403012005634,24.655445127852758],[99.89409429827226,24.65554596755167],[99.89414686876017,24.655518332157687],[99.89408269054424,24.655417492436452]]]]},"properties":{"id":"590","kind":"new","heightM":14.3,"areaM2":79.1,"centerLongitude":99.894088,"centerLatitude":24.655482}},{"type":"Feature","id":"building-591","geometry":{"type":"MultiPolygon","coordinates":[[[[99.89414773536694,24.655523193955865],[99.89419036371223,24.655570999574493],[99.89426074851426,24.655519159483582],[99.89421812016897,24.655471353845094],[99.89414773536694,24.655523193955865]]]]},"properties":{"id":"591","kind":"old","heightM":10.1,"areaM2":62.3,"centerLongitude":99.894204,"centerLatitude":24.655521}},{"type":"Feature","id":"building-592","geometry":{"type":"MultiPolygon","coordinates":[[[[99.89446653463035,24.653470650633647],[99.8943976604662,24.65346896248367],[99.8943940209314,24.65359161395296],[99.89446289509556,24.653593302101275],[99.89446653463035,24.653470650633647]]]]},"properties":{"id":"592","kind":"new","heightM":15,"areaM2":94.5,"centerLongitude":99.89443,"centerLatitude":24.653531}},{"type":"Feature","id":"building-593","geometry":{"type":"MultiPolygon","coordinates":[[[[99.89689184025445,24.653825523797416],[99.89694684725167,24.653788895133452],[99.89685586198188,24.653676033161208],[99.89680085498465,24.65371266185828],[99.89689184025445,24.653825523797416]]]]},"properties":{"id":"593","kind":"new","heightM":17.1,"areaM2":106.7,"centerLongitude":99.896874,"centerLatitude":24.653751}},{"type":"Feature","id":"building-594","geometry":{"type":"MultiPolygon","coordinates":[[[[99.8975065799222,24.653699351517247],[99.89766229513604,24.65362430988368],[99.89757369846743,24.653472455618967],[99.89741798325358,24.65354749734382],[99.8975065799222,24.653699351517247]]]]},"properties":{"id":"594","kind":"old","heightM":21.1,"areaM2":338.8,"centerLongitude":99.89754,"centerLatitude":24.653586}},{"type":"Feature","id":"building-595","geometry":{"type":"MultiPolygon","coordinates":[[[[99.89415685272711,24.656347360650514],[99.89410467023383,24.6563462899897],[99.8941019298734,24.656456606921274],[99.89415411236666,24.656457677581145],[99.89415685272711,24.656347360650514]]]]},"properties":{"id":"595","kind":"new","heightM":13.5,"areaM2":64.4,"centerLongitude":99.894129,"centerLatitude":24.656402}},{"type":"Feature","id":"building-596","geometry":{"type":"MultiPolygon","coordinates":[[[[99.8949487278568,24.65285468410534],[99.89487410004052,24.652877600032497],[99.89494147524917,24.65305883794211],[99.89501610306546,24.65303592204822],[99.8949487278568,24.65285468410534]]]]},"properties":{"id":"596","kind":"old","heightM":23.4,"areaM2":168.5,"centerLongitude":99.894945,"centerLatitude":24.652957}},{"type":"Feature","id":"building-597","geometry":{"type":"MultiPolygon","coordinates":[[[[99.89530845572878,24.65771789298485],[99.89526861494402,24.657763766310044],[99.89538472148543,24.657847053111265],[99.89542456227022,24.657801179816683],[99.89530845572878,24.65771789298485]]]]},"properties":{"id":"597","kind":"old","heightM":16.5,"areaM2":96.7,"centerLongitude":99.895347,"centerLatitude":24.657782}},{"type":"Feature","id":"building-598","geometry":{"type":"MultiPolygon","coordinates":[[[[99.89550974409238,24.65773445031529],[99.89546414015457,24.657700500189616],[99.8953972940237,24.657774663546967],[99.8954428979615,24.657808613652467],[99.89550974409238,24.65773445031529]]]]},"properties":{"id":"598","kind":"old","heightM":11.7,"areaM2":63.2,"centerLongitude":99.895454,"centerLatitude":24.657755}},{"type":"Feature","id":"building-599","geometry":{"type":"MultiPolygon","coordinates":[[[[99.89531618180357,24.65759635448179],[99.8952679017066,24.65763958621614],[99.89532954360322,24.65769644455984],[99.89537782370019,24.65765321284519],[99.89531618180357,24.65759635448179]]]]},"properties":{"id":"599","kind":"old","heightM":9.8,"areaM2":60.5,"centerLongitude":99.895323,"centerLatitude":24.657646}},{"type":"Feature","id":"building-600","geometry":{"type":"MultiPolygon","coordinates":[[[[99.89841032924994,24.657306973877965],[99.89847852008134,24.65728608183392],[99.89844101914217,24.65718498383556],[99.89837282831078,24.657205875896526],[99.89841032924994,24.657306973877965]]]]},"properties":{"id":"600","kind":"new","heightM":13.1,"areaM2":85.9,"centerLongitude":99.898426,"centerLatitude":24.657246}},{"type":"Feature","id":"building-601","geometry":{"type":"MultiPolygon","coordinates":[[[[99.9007039994962,24.661722537569705],[99.90078292471465,24.661792567433878],[99.9009467329775,24.661640094570217],[99.90086780775904,24.661570064620477],[99.9007039994962,24.661722537569705]]]]},"properties":{"id":"601","kind":"old","heightM":26.1,"areaM2":262.9,"centerLongitude":99.900825,"centerLatitude":24.661681}},{"type":"Feature","id":"building-602","geometry":{"type":"MultiPolygon","coordinates":[[[[99.90323983550405,24.661158618839693],[99.90313737814904,24.6612489135673],[99.90322009961086,24.661326435860524],[99.90332255696588,24.661236141189004],[99.90323983550405,24.661158618839693]]]]},"properties":{"id":"602","kind":"new","heightM":15.9,"areaM2":172.4,"centerLongitude":99.90323,"centerLatitude":24.661243}},{"type":"Feature","id":"building-603","geometry":{"type":"MultiPolygon","coordinates":[[[[99.90164005239804,24.666525492592502],[99.90155335596134,24.666603932483675],[99.90159939540068,24.66664595525776],[99.90168609183735,24.66656751539301],[99.90164005239804,24.666525492592502]]]]},"properties":{"id":"603","kind":"new","heightM":13.6,"areaM2":81.1,"centerLongitude":99.90162,"centerLatitude":24.666586}},{"type":"Feature","id":"building-604","geometry":{"type":"MultiPolygon","coordinates":[[[[99.9030370651213,24.655635951130225],[99.90312257285127,24.65560213802879],[99.90305176492906,24.655454237625808],[99.90296625719911,24.65548805076731],[99.9030370651213,24.655635951130225]]]]},"properties":{"id":"604","kind":"new","heightM":19.8,"areaM2":168.2,"centerLongitude":99.903044,"centerLatitude":24.655545}},{"type":"Feature","id":"building-605","geometry":{"type":"MultiPolygon","coordinates":[[[[99.90358650928214,24.65639362434985],[99.90363696836917,24.65644676761128],[99.90376010017872,24.656350201939016],[99.9037096410917,24.656297058636472],[99.90358650928214,24.65639362434985]]]]},"properties":{"id":"605","kind":"new","heightM":18.1,"areaM2":127.7,"centerLongitude":99.903673,"centerLatitude":24.656372}},{"type":"Feature","id":"building-606","geometry":{"type":"MultiPolygon","coordinates":[[[[99.90677432822854,24.658141620772092],[99.90681831537349,24.658100652797582],[99.90674593653746,24.658036466478855],[99.90670194939253,24.658077434474436],[99.90677432822854,24.658141620772092]]]]},"properties":{"id":"606","kind":"new","heightM":11.3,"areaM2":64.7,"centerLongitude":99.90676,"centerLatitude":24.658089}},{"type":"Feature","id":"building-607","geometry":{"type":"MultiPolygon","coordinates":[[[[99.90141573535995,24.65244271950225],[99.90140041120527,24.652579317904852],[99.90150556394917,24.652589061959432],[99.90152088810386,24.652452463567496],[99.90141573535995,24.65244271950225]]]]},"properties":{"id":"607","kind":"new","heightM":16.8,"areaM2":162.3,"centerLongitude":99.901461,"centerLatitude":24.652516}},{"type":"Feature","id":"building-608","geometry":{"type":"MultiPolygon","coordinates":[[[[99.90438872044551,24.651115353479998],[99.90431348779369,24.651105120507353],[99.90429045849712,24.651244977181552],[99.90436569114895,24.651255210142736],[99.90438872044551,24.651115353479998]]]]},"properties":{"id":"608","kind":"new","heightM":17.3,"areaM2":120.3,"centerLongitude":99.90434,"centerLatitude":24.65118}},{"type":"Feature","id":"building-609","geometry":{"type":"MultiPolygon","coordinates":[[[[99.90488130850756,24.649283973496864],[99.904818158847,24.64925021019565],[99.90475618971418,24.64934595438858],[99.90481933937474,24.6493797176639],[99.90488130850756,24.649283973496864]]]]},"properties":{"id":"609","kind":"new","heightM":13.6,"areaM2":91,"centerLongitude":99.904819,"centerLatitude":24.649315}},{"type":"Feature","id":"building-610","geometry":{"type":"MultiPolygon","coordinates":[[[[99.90465489108517,24.64914674827481],[99.90461410008615,24.64921315580695],[99.90473077049906,24.649272355456766],[99.9047715614981,24.649205947956112],[99.90465489108517,24.64914674827481]]]]},"properties":{"id":"610","kind":"new","heightM":14.9,"areaM2":113.7,"centerLongitude":99.904693,"centerLatitude":24.64921}},{"type":"Feature","id":"building-611","geometry":{"type":"MultiPolygon","coordinates":[[[[99.9148219870109,24.65058565017933],[99.91486007233047,24.65051395283634],[99.91472100035506,24.650452929424183],[99.9146829150355,24.65052462680221],[99.9148219870109,24.65058565017933]]]]},"properties":{"id":"611","kind":"new","heightM":17.2,"areaM2":137.5,"centerLongitude":99.914771,"centerLatitude":24.650519}},{"type":"Feature","id":"building-612","geometry":{"type":"MultiPolygon","coordinates":[[[[99.90728207542567,24.653829167927192],[99.9071709188853,24.65384363681384],[99.90718100519597,24.653907641435715],[99.90729216173634,24.65389317255649],[99.90728207542567,24.653829167927192]]]]},"properties":{"id":"612","kind":"new","heightM":12.5,"areaM2":81.2,"centerLongitude":99.907232,"centerLatitude":24.653868}},{"type":"Feature","id":"building-613","geometry":{"type":"MultiPolygon","coordinates":[[[[99.91044383587835,24.653928685363084],[99.9104892834659,24.654003630042897],[99.91059997092273,24.653948187042623],[99.91055452333518,24.653873242329528],[99.91044383587835,24.653928685363084]]]]},"properties":{"id":"613","kind":"new","heightM":14.1,"areaM2":121,"centerLongitude":99.910522,"centerLatitude":24.653938}},{"type":"Feature","id":"building-614","geometry":{"type":"MultiPolygon","coordinates":[[[[99.91595405911039,24.652726551670465],[99.91588251292667,24.652791955181154],[99.9159646235175,24.65286614957079],[99.91603616970121,24.652800746098976],[99.91595405911039,24.652726551670465]]]]},"properties":{"id":"614","kind":"new","heightM":12.9,"areaM2":119.4,"centerLongitude":99.915959,"centerLatitude":24.652796}},{"type":"Feature","id":"building-615","geometry":{"type":"MultiPolygon","coordinates":[[[[99.91604986349395,24.652778546593638],[99.91610355420552,24.652736049087434],[99.91601406428387,24.65264265985393],[99.91596037357233,24.652685157391925],[99.91604986349395,24.652778546593638]]]]},"properties":{"id":"615","kind":"new","heightM":15.2,"areaM2":98.6,"centerLongitude":99.916032,"centerLatitude":24.652711}},{"type":"Feature","id":"building-616","geometry":{"type":"MultiPolygon","coordinates":[[[[99.91473914901997,24.654242349748454],[99.91464271156728,24.6542943605407],[99.91473210355963,24.654431267892107],[99.9148285410123,24.654379257156904],[99.91473914901997,24.654242349748454]]]]},"properties":{"id":"616","kind":"new","heightM":19.5,"areaM2":199.7,"centerLongitude":99.914736,"centerLatitude":24.654337}},{"type":"Feature","id":"building-617","geometry":{"type":"MultiPolygon","coordinates":[[[[99.9141695012542,24.654599778086258],[99.91420025561321,24.654548943497744],[99.91411438363208,24.65450603205629],[99.91408362927307,24.654556866662283],[99.9141695012542,24.654599778086258]]]]},"properties":{"id":"617","kind":"old","heightM":10.9,"areaM2":63.6,"centerLongitude":99.914142,"centerLatitude":24.654553}},{"type":"Feature","id":"building-618","geometry":{"type":"MultiPolygon","coordinates":[[[[99.9127217178483,24.658526324521763],[99.91260907871394,24.658463326663547],[99.91252045280564,24.658594205947203],[99.91263309194,24.658657203739356],[99.9127217178483,24.658526324521763]]]]},"properties":{"id":"618","kind":"new","heightM":18.8,"areaM2":227.3,"centerLongitude":99.912621,"centerLatitude":24.65856}},{"type":"Feature","id":"building-619","geometry":{"type":"MultiPolygon","coordinates":[[[[99.91440967088081,24.657711873244935],[99.91426966282972,24.657717449938136],[99.91427766979655,24.657883483630563],[99.91441767784764,24.657877906944773],[99.91440967088081,24.657711873244935]]]]},"properties":{"id":"619","kind":"new","heightM":20.4,"areaM2":260.5,"centerLongitude":99.914344,"centerLatitude":24.657798}},{"type":"Feature","id":"building-620","geometry":{"type":"MultiPolygon","coordinates":[[[[99.91516310276454,24.657852475747646],[99.91527872224759,24.65781553687816],[99.91523449208574,24.65770119176126],[99.91511887260269,24.657738130664587],[99.91516310276454,24.657852475747646]]]]},"properties":{"id":"620","kind":"new","heightM":14.8,"areaM2":166.1,"centerLongitude":99.915199,"centerLatitude":24.657777}},{"type":"Feature","id":"building-621","geometry":{"type":"MultiPolygon","coordinates":[[[[99.91409205092141,24.660578494333116],[99.91406377133802,24.660546526622632],[99.91399095311395,24.660599729355077],[99.91401923269736,24.660631697051933],[99.91409205092141,24.660578494333116]]]]},"properties":{"id":"621","kind":"old","heightM":10.4,"areaM2":42.9,"centerLongitude":99.914042,"centerLatitude":24.660589}},{"type":"Feature","id":"building-622","geometry":{"type":"MultiPolygon","coordinates":[[[[99.91518526686805,24.66264245934546],[99.91511381548376,24.66272472169224],[99.91524576874559,24.662819377448404],[99.91531722012991,24.662737115164017],[99.91518526686805,24.66264245934546]]]]},"properties":{"id":"622","kind":"new","heightM":18.7,"areaM2":197,"centerLongitude":99.915216,"centerLatitude":24.662731}},{"type":"Feature","id":"building-623","geometry":{"type":"MultiPolygon","coordinates":[[[[99.9089674552144,24.659884723917553],[99.90892050816197,24.65985799353731],[99.90886091694907,24.659944435086782],[99.90890786400149,24.659971165448518],[99.9089674552144,24.659884723917553]]]]},"properties":{"id":"623","kind":"new","heightM":12.5,"areaM2":63.2,"centerLongitude":99.908914,"centerLatitude":24.659915}},{"type":"Feature","id":"building-624","geometry":{"type":"MultiPolygon","coordinates":[[[[99.90908031836243,24.659947287814603],[99.90902580757707,24.659917834367512],[99.90897079719934,24.660001921132345],[99.9090253079847,24.660031374559598],[99.90908031836243,24.659947287814603]]]]},"properties":{"id":"624","kind":"new","heightM":12,"areaM2":69.4,"centerLongitude":99.909026,"centerLatitude":24.659975}},{"type":"Feature","id":"building-625","geometry":{"type":"MultiPolygon","coordinates":[[[[99.90957550134058,24.658517773465466],[99.90957576389373,24.65842795099147],[99.90947362307179,24.65842770439966],[99.90947336051866,24.658517526873833],[99.90957550134058,24.658517773465466]]]]},"properties":{"id":"625","kind":"new","heightM":11.4,"areaM2":102.6,"centerLongitude":99.909525,"centerLatitude":24.658473}},{"type":"Feature","id":"building-626","geometry":{"type":"MultiPolygon","coordinates":[[[[99.90973918256219,24.658526517741755],[99.9097341229859,24.658458980261056],[99.90962017366121,24.658466030891915],[99.90962523323752,24.658533568368796],[99.90973918256219,24.658526517741755]]]]},"properties":{"id":"626","kind":"new","heightM":12.7,"areaM2":86.5,"centerLongitude":99.90968,"centerLatitude":24.658496}},{"type":"Feature","id":"building-627","geometry":{"type":"MultiPolygon","coordinates":[[[[99.91082856977538,24.65872331563967],[99.91088877425715,24.658783168837665],[99.91102034498711,24.6586738623743],[99.91096014050532,24.65861400912388],[99.91082856977538,24.65872331563967]]]]},"properties":{"id":"627","kind":"old","heightM":19.8,"areaM2":161.7,"centerLongitude":99.910924,"centerLatitude":24.658699}},{"type":"Feature","id":"building-628","geometry":{"type":"MultiPolygon","coordinates":[[[[99.9067876356658,24.665384676020178],[99.9067587915557,24.66532542811117],[99.9066377096563,24.665374109439306],[99.90666655376639,24.665433357325202],[99.9067876356658,24.665384676020178]]]]},"properties":{"id":"628","kind":"old","heightM":14.7,"areaM2":95.9,"centerLongitude":99.906713,"centerLatitude":24.665379}},{"type":"Feature","id":"building-629","geometry":{"type":"MultiPolygon","coordinates":[[[[99.90626547889751,24.662989246594496],[99.90629587385409,24.66303764671539],[99.90641423853144,24.66297625742962],[99.90638384357486,24.66292785728491],[99.90626547889751,24.662989246594496]]]]},"properties":{"id":"629","kind":"new","heightM":15.2,"areaM2":84.9,"centerLongitude":99.90634,"centerLatitude":24.662983}},{"type":"Feature","id":"building-630","geometry":{"type":"MultiPolygon","coordinates":[[[[99.90615100118744,24.66119846407435],[99.906089234974,24.661204552931373],[99.90610638622739,24.66134824697795],[99.90616815244084,24.66134215812794],[99.90615100118744,24.66119846407435]]]]},"properties":{"id":"630","kind":"new","heightM":17.7,"areaM2":100.4,"centerLongitude":99.906129,"centerLatitude":24.661273}},{"type":"Feature","id":"building-631","geometry":{"type":"MultiPolygon","coordinates":[[[[99.90542805521962,24.64617836240844],[99.90532574849992,24.64623372213434],[99.90538866292958,24.646329771065524],[99.90549096964928,24.6462744113822],[99.90542805521962,24.64617836240844]]]]},"properties":{"id":"631","kind":"new","heightM":13.7,"areaM2":148.8,"centerLongitude":99.905408,"centerLatitude":24.646254}},{"type":"Feature","id":"building-632","geometry":{"type":"MultiPolygon","coordinates":[[[[99.90519081840121,24.64629162295988],[99.90524798150375,24.646380701947702],[99.90536690263679,24.646317659812564],[99.90530973953423,24.646228580779773],[99.90519081840121,24.64629162295988]]]]},"properties":{"id":"632","kind":"new","heightM":15.3,"areaM2":158.8,"centerLongitude":99.905279,"centerLatitude":24.646305}},{"type":"Feature","id":"building-633","geometry":{"type":"MultiPolygon","coordinates":[[[[99.90547075801157,24.646183855487827],[99.90553031582088,24.646277184478496],[99.90563267143766,24.646223225229853],[99.90557311362836,24.646129896198854],[99.90547075801157,24.646183855487827]]]]},"properties":{"id":"633","kind":"old","heightM":13.2,"areaM2":142.8,"centerLongitude":99.905552,"centerLatitude":24.646204}},{"type":"Feature","id":"building-634","geometry":{"type":"MultiPolygon","coordinates":[[[[99.90575406173956,24.646167569098633],[99.90569987823868,24.646084344992953],[99.90559647172297,24.646139960863795],[99.90565065522385,24.646223184932413],[99.90575406173956,24.646167569098633]]]]},"properties":{"id":"634","kind":"old","heightM":13.4,"areaM2":129.9,"centerLongitude":99.905675,"centerLatitude":24.646154}},{"type":"Feature","id":"building-635","geometry":{"type":"MultiPolygon","coordinates":[[[[99.90604272173887,24.645614848343772],[99.90609675898617,24.645526094677592],[99.90602513515381,24.64549006989111],[99.90597109790652,24.645578823582888],[99.90604272173887,24.645614848343772]]]]},"properties":{"id":"635","kind":"old","heightM":12.4,"areaM2":92.9,"centerLongitude":99.906034,"centerLatitude":24.645552}},{"type":"Feature","id":"building-636","geometry":{"type":"MultiPolygon","coordinates":[[[[99.90565927044814,24.644881521288504],[99.90563373079377,24.644940713387413],[99.90578243863668,24.64499371953824],[99.90580797829105,24.64493452746446],[99.90565927044814,24.644881521288504]]]]},"properties":{"id":"636","kind":"new","heightM":17.8,"areaM2":113.6,"centerLongitude":99.905721,"centerLatitude":24.644938}},{"type":"Feature","id":"building-637","geometry":{"type":"MultiPolygon","coordinates":[[[[99.90583915296946,24.64490366106564],[99.90581263912576,24.644963798671448],[99.90598317966715,24.64502591347827],[99.90600969351085,24.64496577590237],[99.90583915296946,24.64490366106564]]]]},"properties":{"id":"637","kind":"new","heightM":20.5,"areaM2":133.1,"centerLongitude":99.905911,"centerLatitude":24.644965}},{"type":"Feature","id":"building-638","geometry":{"type":"MultiPolygon","coordinates":[[[[99.90496616822834,24.646370935382222],[99.90497253312813,24.646486120611655],[99.90506492597447,24.64648190302813],[99.90505856107468,24.64636671779481],[99.90496616822834,24.646370935382222]]]]},"properties":{"id":"638","kind":"new","heightM":14.1,"areaM2":119.3,"centerLongitude":99.905016,"centerLatitude":24.646426}},{"type":"Feature","id":"building-639","geometry":{"type":"MultiPolygon","coordinates":[[[[99.90580491573093,24.6450551941116],[99.90577125812221,24.645144497126665],[99.9058996716269,24.64518447941165],[99.90593332923561,24.645095176425183],[99.90580491573093,24.6450551941116]]]]},"properties":{"id":"639","kind":"new","heightM":15.1,"areaM2":143.3,"centerLongitude":99.905852,"centerLatitude":24.64512}},{"type":"Feature","id":"building-640","geometry":{"type":"MultiPolygon","coordinates":[[[[99.9057040181342,24.645197862078827],[99.90557935652008,24.645167681575636],[99.90555769009161,24.645241613659053],[99.90568235170575,24.645271794144378],[99.9057040181342,24.645197862078827]]]]},"properties":{"id":"640","kind":"new","heightM":14.4,"areaM2":110.4,"centerLongitude":99.905631,"centerLatitude":24.64522}},{"type":"Feature","id":"building-641","geometry":{"type":"MultiPolygon","coordinates":[[[[99.90539624826776,24.645126470767483],[99.90537094201251,24.645189678423623],[99.90552375113492,24.645240219778266],[99.90554905739017,24.64517701214771],[99.90539624826776,24.645126470767483]]]]},"properties":{"id":"641","kind":"new","heightM":18.1,"areaM2":122.3,"centerLongitude":99.90546,"centerLatitude":24.645183}},{"type":"Feature","id":"building-642","geometry":{"type":"MultiPolygon","coordinates":[[[[99.90560537684938,24.644957937211814],[99.90562851282539,24.644895389138814],[99.90546910642362,24.644846678811437],[99.90544597044763,24.64490922690883],[99.90560537684938,24.644957937211814]]]]},"properties":{"id":"642","kind":"new","heightM":18.7,"areaM2":124.1,"centerLongitude":99.905537,"centerLatitude":24.644902}},{"type":"Feature","id":"building-643","geometry":{"type":"MultiPolygon","coordinates":[[[[99.90558374264583,24.645292113839286],[99.90555190414531,24.645376496628604],[99.90566206042281,24.64541083234743],[99.90569389892332,24.64532644958131],[99.90558374264583,24.645292113839286]]]]},"properties":{"id":"643","kind":"old","heightM":13,"areaM2":116.2,"centerLongitude":99.905623,"centerLatitude":24.645351}},{"type":"Feature","id":"building-644","geometry":{"type":"MultiPolygon","coordinates":[[[[99.90577811368323,24.645080334882323],[99.90563936742176,24.645036732274384],[99.90561613301843,24.645097809683474],[99.9057548792799,24.645141412270082],[99.90577811368323,24.645080334882323]]]]},"properties":{"id":"644","kind":"new","heightM":16.3,"areaM2":106.1,"centerLongitude":99.905697,"centerLatitude":24.645089}},{"type":"Feature","id":"building-645","geometry":{"type":"MultiPolygon","coordinates":[[[[99.90575056217689,24.645207560655674],[99.90572146641075,24.645279001503493],[99.90585521953815,24.645324002895073],[99.9058843153043,24.645252562073],[99.90575056217689,24.645207560655674]]]]},"properties":{"id":"645","kind":"new","heightM":15.9,"areaM2":121.5,"centerLongitude":99.905803,"centerLatitude":24.645266}},{"type":"Feature","id":"building-646","geometry":{"type":"MultiPolygon","coordinates":[[[[99.90544774263124,24.644994475104316],[99.90542671906147,24.64505218115775],[99.90555935816163,24.645092101753807],[99.90558038173141,24.645034395718817],[99.90544774263124,24.644994475104316]]]]},"properties":{"id":"646","kind":"new","heightM":15.6,"areaM2":95,"centerLongitude":99.905504,"centerLatitude":24.645043}},{"type":"Feature","id":"building-647","geometry":{"type":"MultiPolygon","coordinates":[[[[99.90567276166558,24.645450086057348],[99.90564753951267,24.645511881067026],[99.90577170401629,24.64555374725087],[99.9057969261692,24.645491952261906],[99.90567276166558,24.645450086057348]]]]},"properties":{"id":"647","kind":"old","heightM":14.7,"areaM2":97.6,"centerLongitude":99.905722,"centerLatitude":24.645502}},{"type":"Feature","id":"building-648","geometry":{"type":"MultiPolygon","coordinates":[[[[99.9057927370851,24.64547411684905],[99.9058243566214,24.64541351913358],[99.90573087315653,24.645373222215746],[99.90569925362023,24.645433819950775],[99.9057927370851,24.64547411684905]]]]},"properties":{"id":"648","kind":"new","heightM":11.5,"areaM2":77.6,"centerLongitude":99.905762,"centerLatitude":24.645424}},{"type":"Feature","id":"building-649","geometry":{"type":"MultiPolygon","coordinates":[[[[99.90589757012928,24.64541772313626],[99.90583932806521,24.64539958895667],[99.90581091450068,24.645474976973567],[99.90586915656476,24.64549311114221],[99.90589757012928,24.64541772313626]]]]},"properties":{"id":"649","kind":"new","heightM":9.8,"areaM2":54.9,"centerLongitude":99.905854,"centerLatitude":24.645446}},{"type":"Feature","id":"building-650","geometry":{"type":"MultiPolygon","coordinates":[[[[99.9059172652168,24.64504011213082],[99.90590255193705,24.64507731596665],[99.90597664182229,24.645101521846623],[99.90599135510206,24.64506431801801],[99.9059172652168,24.64504011213082]]]]},"properties":{"id":"650","kind":"new","heightM":8.8,"areaM2":34.8,"centerLongitude":99.905947,"centerLatitude":24.645071}},{"type":"Feature","id":"building-651","geometry":{"type":"MultiPolygon","coordinates":[[[[99.90555881954256,24.642371573586644],[99.90560232179205,24.642451095713454],[99.90578930960507,24.64236658811938],[99.90574580735559,24.642287065938763],[99.90555881954256,24.642371573586644]]]]},"properties":{"id":"651","kind":"old","heightM":23.2,"areaM2":207.4,"centerLongitude":99.905674,"centerLatitude":24.642369}},{"type":"Feature","id":"building-652","geometry":{"type":"MultiPolygon","coordinates":[[[[99.90679140538272,24.64255872181964],[99.90675032893083,24.642516350362943],[99.90657194709976,24.642659216003167],[99.90661302355164,24.6427015874114],[99.90679140538272,24.64255872181964]]]]},"properties":{"id":"652","kind":"new","heightM":26.5,"areaM2":150.2,"centerLongitude":99.906682,"centerLatitude":24.642609}},{"type":"Feature","id":"building-653","geometry":{"type":"MultiPolygon","coordinates":[[[[99.90666623508798,24.642435852807765],[99.90655384303258,24.642424304438652],[99.9065357545458,24.64256974164683],[99.9066481466012,24.642581290002497],[99.90666623508798,24.642435852807765]]]]},"properties":{"id":"653","kind":"new","heightM":17.9,"areaM2":185.1,"centerLongitude":99.906601,"centerLatitude":24.642503}},{"type":"Feature","id":"building-654","geometry":{"type":"MultiPolygon","coordinates":[[[[99.90607852598444,24.643423997627774],[99.90604338813868,24.64349884373399],[99.90617967506265,24.643551701801837],[99.90621481290842,24.643476855727297],[99.90607852598444,24.643423997627774]]]]},"properties":{"id":"654","kind":"new","heightM":16.5,"areaM2":134.8,"centerLongitude":99.906129,"centerLatitude":24.643488}},{"type":"Feature","id":"building-655","geometry":{"type":"MultiPolygon","coordinates":[[[[99.90580023528265,24.642812646892818],[99.90584197020128,24.642720685592067],[99.90568688422661,24.642662539105523],[99.90564514930799,24.642754500449083],[99.90580023528265,24.642812646892818]]]]},"properties":{"id":"655","kind":"new","heightM":18.7,"areaM2":186.6,"centerLongitude":99.905744,"centerLatitude":24.642738}},{"type":"Feature","id":"building-656","geometry":{"type":"MultiPolygon","coordinates":[[[[99.9070507371788,24.6422554692767],[99.9071020650185,24.642309007704036],[99.90728658656454,24.64216285925255],[99.90723525872484,24.642109320762575],[99.9070507371788,24.6422554692767]]]]},"properties":{"id":"656","kind":"new","heightM":27.2,"areaM2":194.4,"centerLongitude":99.907169,"centerLatitude":24.642209}},{"type":"Feature","id":"building-657","geometry":{"type":"MultiPolygon","coordinates":[[[[99.9066312036479,24.642269196250822],[99.90657894624196,24.642318435011344],[99.90675022983902,24.642468616249193],[99.90680248724497,24.64241937754787],[99.9066312036479,24.642269196250822]]]]},"properties":{"id":"657","kind":"new","heightM":26.5,"areaM2":182.1,"centerLongitude":99.906691,"centerLatitude":24.642369}},{"type":"Feature","id":"building-658","geometry":{"type":"MultiPolygon","coordinates":[[[[99.90603504374435,24.64449982967631],[99.90590113509299,24.64445067625028],[99.90585369637682,24.644557442014804],[99.90598760502819,24.64460659539882],[99.90603504374435,24.64449982967631]]]]},"properties":{"id":"658","kind":"new","heightM":16.1,"areaM2":186,"centerLongitude":99.905944,"centerLatitude":24.644529}},{"type":"Feature","id":"building-659","geometry":{"type":"MultiPolygon","coordinates":[[[[99.90606578000695,24.64423654455817],[99.90592536918771,24.644182820969114],[99.90588507966545,24.644269811865634],[99.9060254904847,24.644323535417268],[99.90606578000695,24.64423654455817]]]]},"properties":{"id":"659","kind":"new","heightM":17,"areaM2":160.8,"centerLongitude":99.905975,"centerLatitude":24.644253}},{"type":"Feature","id":"building-660","geometry":{"type":"MultiPolygon","coordinates":[[[[99.90562971611011,24.644332625659313],[99.9056557118485,24.64428014524025],[99.90549728373195,24.64421531422157],[99.90547128799359,24.64426779466788],[99.90562971611011,24.644332625659313]]]]},"properties":{"id":"660","kind":"new","heightM":19.3,"areaM2":111.8,"centerLongitude":99.905563,"centerLatitude":24.644274}},{"type":"Feature","id":"building-661","geometry":{"type":"MultiPolygon","coordinates":[[[[99.90578710910593,24.643006740692925],[99.9057452966771,24.643094649080663],[99.90588558409429,24.64314977397932],[99.90592739652313,24.643061865630383],[99.90578710910593,24.643006740692925]]]]},"properties":{"id":"661","kind":"new","heightM":17,"areaM2":163.7,"centerLongitude":99.905836,"centerLatitude":24.643078}},{"type":"Feature","id":"building-662","geometry":{"type":"MultiPolygon","coordinates":[[[[99.90550898229601,24.642614647975872],[99.90547050291731,24.642700871589383],[99.90561645521892,24.642754682398355],[99.90565493459764,24.642668458821994],[99.90550898229601,24.642614647975872]]]]},"properties":{"id":"662","kind":"new","heightM":17.5,"areaM2":163.9,"centerLongitude":99.905563,"centerLatitude":24.642685}},{"type":"Feature","id":"building-663","geometry":{"type":"MultiPolygon","coordinates":[[[[99.90628184104483,24.64368043685989],[99.90617366250467,24.643645767172448],[99.90614603868093,24.643716974537213],[99.9062542172211,24.643751644204894],[99.90628184104483,24.64368043685989]]]]},"properties":{"id":"663","kind":"new","heightM":12.8,"areaM2":96.9,"centerLongitude":99.906214,"centerLatitude":24.643699}},{"type":"Feature","id":"building-664","geometry":{"type":"MultiPolygon","coordinates":[[[[99.90568586526554,24.644504175208116],[99.9058182989215,24.64456268493639],[99.90586191392089,24.644481130021585],[99.90572948026492,24.644422620255106],[99.90568586526554,24.644504175208116]]]]},"properties":{"id":"664","kind":"new","heightM":16.4,"areaM2":149.3,"centerLongitude":99.905774,"centerLatitude":24.644493}},{"type":"Feature","id":"building-665","geometry":{"type":"MultiPolygon","coordinates":[[[[99.90556607722398,24.642904839115353],[99.90559636904383,24.642829361317286],[99.90544579812718,24.64277943805179],[99.90541550630732,24.642854915880026],[99.90556607722398,24.642904839115353]]]]},"properties":{"id":"665","kind":"new","heightM":17.8,"areaM2":144,"centerLongitude":99.905506,"centerLatitude":24.642842}},{"type":"Feature","id":"building-666","geometry":{"type":"MultiPolygon","coordinates":[[[[99.9052444445974,24.642876827700604],[99.90521822154238,24.642949510058788],[99.90537673762273,24.642996757968717],[99.90540296067776,24.64292407563803],[99.9052444445974,24.642876827700604]]]]},"properties":{"id":"666","kind":"new","heightM":18.6,"areaM2":142.7,"centerLongitude":99.905311,"centerLatitude":24.642937}},{"type":"Feature","id":"building-667","geometry":{"type":"MultiPolygon","coordinates":[[[[99.90567904810166,24.644816706435662],[99.90582027483607,24.644862890839704],[99.90585111219603,24.644784990271],[99.90570988546163,24.644738805838145],[99.90567904810166,24.644816706435662]]]]},"properties":{"id":"667","kind":"old","heightM":16.7,"areaM2":139,"centerLongitude":99.905765,"centerLatitude":24.644801}},{"type":"Feature","id":"building-668","geometry":{"type":"MultiPolygon","coordinates":[[[[99.90576727884631,24.644060056743673],[99.90579666724291,24.643985229231028],[99.90564442256803,24.643935831795513],[99.90561503417145,24.64401065933776],[99.90576727884631,24.644060056743673]]]]},"properties":{"id":"668","kind":"new","heightM":18,"areaM2":143.6,"centerLongitude":99.905706,"centerLatitude":24.643998}},{"type":"Feature","id":"building-669","geometry":{"type":"MultiPolygon","coordinates":[[[[99.90754881877194,24.642336512669942],[99.90763446845845,24.6423966811601],[99.90770957679086,24.64230835205255],[99.90762392710435,24.642248183519843],[99.90754881877194,24.642336512669942]]]]},"properties":{"id":"669","kind":"new","heightM":13.7,"areaM2":135.1,"centerLongitude":99.907629,"centerLatitude":24.642322}},{"type":"Feature","id":"building-670","geometry":{"type":"MultiPolygon","coordinates":[[[[99.90542469584258,24.64271483334169],[99.90546819806788,24.642629315057142],[99.90534426606372,24.642577232405106],[99.90530076383843,24.642662750725318],[99.90542469584258,24.64271483334169]]]]},"properties":{"id":"670","kind":"new","heightM":15.2,"areaM2":143.9,"centerLongitude":99.905384,"centerLatitude":24.642646}},{"type":"Feature","id":"building-671","geometry":{"type":"MultiPolygon","coordinates":[[[[99.9054335073576,24.64402062004958],[99.90540633248499,24.644081297019092],[99.90552522246129,24.64412528519865],[99.9055523973339,24.644064608250506],[99.9054335073576,24.64402062004958]]]]},"properties":{"id":"671","kind":"new","heightM":14.3,"areaM2":94,"centerLongitude":99.905479,"centerLatitude":24.644073}},{"type":"Feature","id":"building-672","geometry":{"type":"MultiPolygon","coordinates":[[[[99.90559021808956,24.64322712332851],[99.9056209709342,24.643156051527367],[99.90547659505641,24.643104441261528],[99.90544584221176,24.64317551309204],[99.90559021808956,24.64322712332851]]]]},"properties":{"id":"672","kind":"old","heightM":17.3,"areaM2":132.5,"centerLongitude":99.905533,"centerLatitude":24.643166}},{"type":"Feature","id":"building-673","geometry":{"type":"MultiPolygon","coordinates":[[[[99.90594851633757,24.644654672850972],[99.90591461262322,24.6447225557303],[99.90610509907913,24.644801150515832],[99.90613900279348,24.644733267679225],[99.90594851633757,24.644654672850972]]]]},"properties":{"id":"673","kind":"old","heightM":23.3,"areaM2":174.4,"centerLongitude":99.906027,"centerLatitude":24.644728}},{"type":"Feature","id":"building-674","geometry":{"type":"MultiPolygon","coordinates":[[[[99.90584242487418,24.644246735840245],[99.90587923006314,24.644171167395022],[99.90574582972464,24.644117492411713],[99.90570902453568,24.644193060889414],[99.90584242487418,24.644246735840245]]]]},"properties":{"id":"674","kind":"new","heightM":16.2,"areaM2":134.8,"centerLongitude":99.905794,"centerLatitude":24.644182}},{"type":"Feature","id":"building-675","geometry":{"type":"MultiPolygon","coordinates":[[[[99.90585416484424,24.642682888292228],[99.90588558614073,24.642613453836354],[99.9057469744336,24.64256163278272],[99.90571555313711,24.6426310672674],[99.90585416484424,24.642682888292228]]]]},"properties":{"id":"675","kind":"new","heightM":16.7,"areaM2":125.8,"centerLongitude":99.905801,"centerLatitude":24.642622}},{"type":"Feature","id":"building-676","geometry":{"type":"MultiPolygon","coordinates":[[[[99.90551247037908,24.64389758658783],[99.90547717729746,24.643985094594655],[99.90559470253301,24.64402425261763],[99.90562999561463,24.643936744638243],[99.90551247037908,24.64389758658783]]]]},"properties":{"id":"676","kind":"new","heightM":13.9,"areaM2":130.5,"centerLongitude":99.905554,"centerLatitude":24.643961}},{"type":"Feature","id":"building-677","geometry":{"type":"MultiPolygon","coordinates":[[[[99.90537803039284,24.64304443821127],[99.90533427062236,24.643141435861033],[99.90542986729268,24.643177065409418],[99.90547362706316,24.643080067787327],[99.90537803039284,24.64304443821127]]]]},"properties":{"id":"677","kind":"old","heightM":12.8,"areaM2":121.1,"centerLongitude":99.905404,"centerLatitude":24.643111}},{"type":"Feature","id":"building-678","geometry":{"type":"MultiPolygon","coordinates":[[[[99.90558796833861,24.64374717338347],[99.90556178273474,24.643814312728686],[99.90570906612722,24.643861768413746],[99.90573525173109,24.64379462909404],[99.90558796833861,24.64374717338347]]]]},"properties":{"id":"678","kind":"new","heightM":17.4,"areaM2":124.5,"centerLongitude":99.905649,"centerLatitude":24.643804}},{"type":"Feature","id":"building-679","geometry":{"type":"MultiPolygon","coordinates":[[[[99.90577822855337,24.643585974269307],[99.90581445772206,24.64350011564699],[99.90569288658368,24.64345773613144],[99.90565665741501,24.643543594782894],[99.90577822855337,24.643585974269307]]]]},"properties":{"id":"679","kind":"new","heightM":14.5,"areaM2":133.9,"centerLongitude":99.905736,"centerLatitude":24.643522}},{"type":"Feature","id":"building-680","geometry":{"type":"MultiPolygon","coordinates":[[[[99.90575875386617,24.642895957356732],[99.90561600421327,24.6428394057747],[99.90558420076948,24.642905728132856],[99.90572695042239,24.642962279684856],[99.90575875386617,24.642895957356732]]]]},"properties":{"id":"680","kind":"new","heightM":17.3,"areaM2":126,"centerLongitude":99.905671,"centerLatitude":24.642901}},{"type":"Feature","id":"building-681","geometry":{"type":"MultiPolygon","coordinates":[[[[99.90613569984615,24.642503072363763],[99.90612354851369,24.642582914912268],[99.90625652254279,24.642599634053084],[99.90626867387525,24.642519791515262],[99.90613569984615,24.642503072363763]]]]},"properties":{"id":"681","kind":"new","heightM":14.9,"areaM2":121,"centerLongitude":99.906196,"centerLatitude":24.642551}},{"type":"Feature","id":"building-682","geometry":{"type":"MultiPolygon","coordinates":[[[[99.90597518870362,24.642864505611637],[99.90599775349588,24.642796266145776],[99.90584498023316,24.64275453127722],[99.90582241544091,24.642822770765886],[99.90597518870362,24.642864505611637]]]]},"properties":{"id":"682","kind":"new","heightM":17.8,"areaM2":127.1,"centerLongitude":99.90591,"centerLatitude":24.64281}},{"type":"Feature","id":"building-683","geometry":{"type":"MultiPolygon","coordinates":[[[[99.90607999073909,24.643851002105837],[99.90611127677573,24.643776842245476],[99.90597643149731,24.643729845634017],[99.90594514546066,24.643804005522288],[99.90607999073909,24.643851002105837]]]]},"properties":{"id":"683","kind":"new","heightM":16.1,"areaM2":128.3,"centerLongitude":99.906028,"centerLatitude":24.64379}},{"type":"Feature","id":"building-684","geometry":{"type":"MultiPolygon","coordinates":[[[[99.90559615360348,24.642991807555102],[99.90556585347153,24.643053128839796],[99.90571816245384,24.64311530344344],[99.90574846258579,24.64305398218928],[99.90559615360348,24.642991807555102]]]]},"properties":{"id":"684","kind":"new","heightM":18.6,"areaM2":125.5,"centerLongitude":99.905657,"centerLatitude":24.643054}},{"type":"Feature","id":"building-685","geometry":{"type":"MultiPolygon","coordinates":[[[[99.90593864989017,24.643871902043788],[99.90590925501179,24.643932084651205],[99.90606257088275,24.643993948352797],[99.90609196576114,24.64393376577519],[99.90593864989017,24.643871902043788]]]]},"properties":{"id":"685","kind":"new","heightM":18.7,"areaM2":123.5,"centerLongitude":99.906001,"centerLatitude":24.643933}},{"type":"Feature","id":"building-686","geometry":{"type":"MultiPolygon","coordinates":[[[[99.9058407622172,24.644331839784453],[99.90569066912599,24.644282587213386],[99.90566600569886,24.64434467850745],[99.90581609879007,24.644393931054037],[99.9058407622172,24.644331839784453]]]]},"properties":{"id":"686","kind":"new","heightM":17.8,"areaM2":117.8,"centerLongitude":99.905753,"centerLatitude":24.644338}},{"type":"Feature","id":"building-687","geometry":{"type":"MultiPolygon","coordinates":[[[[99.90530055581303,24.644467024988472],[99.90526399420246,24.64454981123819],[99.90537206620704,24.644589241005875],[99.90540862781761,24.644506454782295],[99.90530055581303,24.644467024988472]]]]},"properties":{"id":"687","kind":"new","heightM":13,"areaM2":116.2,"centerLongitude":99.905336,"centerLatitude":24.644528}},{"type":"Feature","id":"building-688","geometry":{"type":"MultiPolygon","coordinates":[[[[99.905772591296,24.644620977707426],[99.90560414141333,24.644560463612027],[99.90557536323632,24.6446266427306],[99.905743813119,24.644687156793932],[99.905772591296,24.644620977707426]]]]},"properties":{"id":"688","kind":"new","heightM":20.2,"areaM2":144.1,"centerLongitude":99.905674,"centerLatitude":24.644624}},{"type":"Feature","id":"building-689","geometry":{"type":"MultiPolygon","coordinates":[[[[99.90544664985832,24.64476334385422],[99.90547093140961,24.644706705692933],[99.90531992067793,24.644653222438667],[99.90529563912663,24.644709860624207],[99.90544664985832,24.64476334385422]]]]},"properties":{"id":"689","kind":"new","heightM":18,"areaM2":110.2,"centerLongitude":99.905383,"centerLatitude":24.644708}},{"type":"Feature","id":"building-690","geometry":{"type":"MultiPolygon","coordinates":[[[[99.90558246179731,24.642518036471976],[99.90555223815208,24.642577678293502],[99.90569276382162,24.64263650968904],[99.90572298746685,24.642576867895603],[99.90558246179731,24.642518036471976]]]]},"properties":{"id":"690","kind":"new","heightM":17.2,"areaM2":113.6,"centerLongitude":99.905638,"centerLatitude":24.642577}},{"type":"Feature","id":"building-691","geometry":{"type":"MultiPolygon","coordinates":[[[[99.90696747018282,24.643387472491195],[99.90692607299526,24.64335389728332],[99.90683355401313,24.643448137200206],[99.90687495120069,24.643481712382744],[99.90696747018282,24.643387472491195]]]]},"properties":{"id":"691","kind":"old","heightM":15.5,"areaM2":78.4,"centerLongitude":99.906901,"centerLatitude":24.643418}},{"type":"Feature","id":"building-692","geometry":{"type":"MultiPolygon","coordinates":[[[[99.90549560770853,24.643279452946654],[99.90547191199737,24.643336283633097],[99.90561917372511,24.643387009445796],[99.90564286943628,24.64333017878245],[99.90549560770853,24.643279452946654]]]]},"properties":{"id":"692","kind":"new","heightM":17.5,"areaM2":107,"centerLongitude":99.905557,"centerLatitude":24.643333}},{"type":"Feature","id":"building-693","geometry":{"type":"MultiPolygon","coordinates":[[[[99.90586342515617,24.643529814558566],[99.90582577566728,24.64360660888355],[99.90593451590519,24.64365065125337],[99.90597216539406,24.643573856955467],[99.90586342515617,24.643529814558566]]]]},"properties":{"id":"693","kind":"new","heightM":13.3,"areaM2":111.9,"centerLongitude":99.905899,"centerLatitude":24.64359}},{"type":"Feature","id":"building-694","geometry":{"type":"MultiPolygon","coordinates":[[[[99.90592535570914,24.64378172112921],[99.90595118508188,24.643720045221013],[99.90581498786865,24.643672924047305],[99.90578915849592,24.64373459997877],[99.90592535570914,24.64378172112921]]]]},"properties":{"id":"694","kind":"new","heightM":16.2,"areaM2":107.6,"centerLongitude":99.90587,"centerLatitude":24.643727}},{"type":"Feature","id":"building-695","geometry":{"type":"MultiPolygon","coordinates":[[[[99.90589379111168,24.644335300211207],[99.90585820140541,24.644396060185315],[99.90597504426106,24.644452599936038],[99.90601063396734,24.64439183998944],[99.90589379111168,24.644335300211207]]]]},"properties":{"id":"695","kind":"new","heightM":14.7,"areaM2":101.9,"centerLongitude":99.905934,"centerLatitude":24.644394}},{"type":"Feature","id":"building-696","geometry":{"type":"MultiPolygon","coordinates":[[[[99.90582065310205,24.643225061051904],[99.90579523878755,24.643281229674308],[99.90593255306324,24.643332557512743],[99.90595796737774,24.643276388913424],[99.90582065310205,24.643225061051904]]]]},"properties":{"id":"696","kind":"new","heightM":16.5,"areaM2":100.8,"centerLongitude":99.905877,"centerLatitude":24.643279}},{"type":"Feature","id":"building-697","geometry":{"type":"MultiPolygon","coordinates":[[[[99.9054739006374,24.644464349251304],[99.90551083250989,24.644403960172514],[99.9053598178265,24.644327663259347],[99.905322885954,24.64438805237503],[99.9054739006374,24.644464349251304]]]]},"properties":{"id":"697","kind":"old","heightM":19.2,"areaM2":133.5,"centerLongitude":99.905417,"centerLatitude":24.644396}},{"type":"Feature","id":"building-698","geometry":{"type":"MultiPolygon","coordinates":[[[[99.9059065613852,24.644653101508116],[99.90579463037761,24.6446080920479],[99.9057601349629,24.64467896021468],[99.9058720659705,24.644723969649355],[99.9059065613852,24.644653101508116]]]]},"properties":{"id":"698","kind":"new","heightM":13.6,"areaM2":106.1,"centerLongitude":99.905833,"centerLatitude":24.644666}},{"type":"Feature","id":"building-699","geometry":{"type":"MultiPolygon","coordinates":[[[[99.9056257129579,24.644825945218628],[99.90565708546268,24.64475525586654],[99.90549000505877,24.644693997827446],[99.90545863255399,24.644764687214213],[99.9056257129579,24.644825945218628]]]]},"properties":{"id":"699","kind":"new","heightM":20.1,"areaM2":153.6,"centerLongitude":99.905558,"centerLatitude":24.64476}},{"type":"Feature","id":"building-700","geometry":{"type":"MultiPolygon","coordinates":[[[[99.90600315106501,24.644034953432165],[99.90592465182466,24.644008422500217],[99.90588298749752,24.644110263977222],[99.90596148673785,24.644136794887537],[99.90600315106501,24.644034953432165]]]]},"properties":{"id":"700","kind":"new","heightM":13.3,"areaM2":101.8,"centerLongitude":99.905943,"centerLatitude":24.644073}},{"type":"Feature","id":"building-701","geometry":{"type":"MultiPolygon","coordinates":[[[[99.90568079413202,24.643444122908896],[99.90560660311766,24.643415887693884],[99.90556123369916,24.643514373788165],[99.90563542471354,24.643542608980916],[99.90568079413202,24.643444122908896]]]]},"properties":{"id":"701","kind":"new","heightM":13.1,"areaM2":96,"centerLongitude":99.905621,"centerLatitude":24.643479}},{"type":"Feature","id":"building-702","geometry":{"type":"MultiPolygon","coordinates":[[[[99.90556839597977,24.642985725121328],[99.90544298280541,24.642947658761894],[99.90541997788647,24.643010273608045],[99.90554539106081,24.643048339948393],[99.90556839597977,24.642985725121328]]]]},"properties":{"id":"702","kind":"new","heightM":14.7,"areaM2":97.6,"centerLongitude":99.905494,"centerLatitude":24.642998}},{"type":"Feature","id":"building-703","geometry":{"type":"MultiPolygon","coordinates":[[[[99.90595180335254,24.64249682946211],[99.90583724090327,24.642453765885584],[99.90580957588952,24.642514568367496],[99.90592413833878,24.642557631923054],[99.90595180335254,24.64249682946211]]]]},"properties":{"id":"703","kind":"new","heightM":13.8,"areaM2":91.2,"centerLongitude":99.905881,"centerLatitude":24.642506}},{"type":"Feature","id":"building-704","geometry":{"type":"MultiPolygon","coordinates":[[[[99.90615345117462,24.64395107810166],[99.90612401411158,24.644017025006264],[99.90623551518674,24.644058142505436],[99.90626495224978,24.643992195622552],[99.90615345117462,24.64395107810166]]]]},"properties":{"id":"704","kind":"new","heightM":13.4,"areaM2":95.8,"centerLongitude":99.906194,"centerLatitude":24.644005}},{"type":"Feature","id":"building-705","geometry":{"type":"MultiPolygon","coordinates":[[[[99.90611650298744,24.643692992970347],[99.9061433111282,24.64363737318689],[99.90602747934193,24.643591250424453],[99.90600067120117,24.643646870228448],[99.90611650298744,24.643692992970347]]]]},"properties":{"id":"705","kind":"new","heightM":14.1,"areaM2":85.9,"centerLongitude":99.906072,"centerLatitude":24.643642}},{"type":"Feature","id":"building-706","geometry":{"type":"MultiPolygon","coordinates":[[[[99.90574016198059,24.643738193086623],[99.90576415410634,24.643681449877683],[99.90565462661866,24.643643191390225],[99.90563063449291,24.643699934616542],[99.90574016198059,24.643738193086623]]]]},"properties":{"id":"706","kind":"new","heightM":13.1,"areaM2":79.8,"centerLongitude":99.905697,"centerLatitude":24.643691}},{"type":"Feature","id":"building-707","geometry":{"type":"MultiPolygon","coordinates":[[[[99.90578036981587,24.643836084324658],[99.90575315312414,24.643891492153557],[99.90586474027822,24.643936774281258],[99.90589195696995,24.643881366472442],[99.90578036981587,24.643836084324658]]]]},"properties":{"id":"707","kind":"new","heightM":13.6,"areaM2":82.9,"centerLongitude":99.905823,"centerLatitude":24.643886}},{"type":"Feature","id":"building-708","geometry":{"type":"MultiPolygon","coordinates":[[[[99.9060317221775,24.642381534790406],[99.9060128371413,24.642439850272275],[99.90612539900988,24.642469965336705],[99.90614428404609,24.642411649868883],[99.9060317221775,24.642381534790406]]]]},"properties":{"id":"708","kind":"new","heightM":13.1,"areaM2":79.8,"centerLongitude":99.906079,"centerLatitude":24.642426}},{"type":"Feature","id":"building-709","geometry":{"type":"MultiPolygon","coordinates":[[[[99.9064912321115,24.64195648152642],[99.90659759268249,24.64186212939333],[99.90655760745749,24.641824891003],[99.9064512468865,24.641919243164217],[99.9064912321115,24.64195648152642]]]]},"properties":{"id":"709","kind":"new","heightM":16.5,"areaM2":86.5,"centerLongitude":99.906524,"centerLatitude":24.641891}},{"type":"Feature","id":"building-710","geometry":{"type":"MultiPolygon","coordinates":[[[[99.90560825053286,24.64409288885867],[99.90558545893596,24.644144488343134],[99.90568884632448,24.644182214592224],[99.90571163792139,24.644130615123355],[99.90560825053286,24.64409288885867]]]]},"properties":{"id":"710","kind":"new","heightM":12.4,"areaM2":69.3,"centerLongitude":99.905649,"centerLatitude":24.644138}},{"type":"Feature","id":"building-711","geometry":{"type":"MultiPolygon","coordinates":[[[[99.90580132625166,24.643183500429497],[99.90574923202009,24.64316404621509],[99.90570671550441,24.64325810229427],[99.905758809736,24.643277556494027],[99.90580132625166,24.643183500429497]]]]},"properties":{"id":"711","kind":"new","heightM":12.5,"areaM2":64,"centerLongitude":99.905754,"centerLatitude":24.643221}},{"type":"Feature","id":"building-712","geometry":{"type":"MultiPolygon","coordinates":[[[[99.90726715211349,24.64299297064286],[99.90724290551213,24.64294038889311],[99.90712746380424,24.642984366686342],[99.9071517104056,24.643036948417574],[99.90726715211349,24.64299297064286]]]]},"properties":{"id":"712","kind":"new","heightM":13.9,"areaM2":79.8,"centerLongitude":99.907197,"centerLatitude":24.642989}},{"type":"Feature","id":"building-713","geometry":{"type":"MultiPolygon","coordinates":[[[[99.90584229836652,24.64299606412967],[99.90586909175705,24.642927883173876],[99.90578460950175,24.642900455743362],[99.90575781611122,24.642968636714123],[99.90584229836652,24.64299606412967]]]]},"properties":{"id":"713","kind":"new","heightM":10,"areaM2":72.6,"centerLongitude":99.905813,"centerLatitude":24.642948}},{"type":"Feature","id":"building-714","geometry":{"type":"MultiPolygon","coordinates":[[[[99.9058770705303,24.644093185929787],[99.90590434524333,24.644019291628638],[99.90581457005936,24.643991916700813],[99.90578729534631,24.644065811018155],[99.9058770705303,24.644093185929787]]]]},"properties":{"id":"714","kind":"new","heightM":10.5,"areaM2":82.5,"centerLongitude":99.905846,"centerLatitude":24.644043}},{"type":"Feature","id":"building-715","geometry":{"type":"MultiPolygon","coordinates":[[[[99.90542947107866,24.644526681773584],[99.90540182090665,24.64458350446802],[99.90549005311887,24.644618973293813],[99.90551770329088,24.644562150615513],[99.90542947107866,24.644526681773584]]]]},"properties":{"id":"715","kind":"new","heightM":10.7,"areaM2":67,"centerLongitude":99.90546,"centerLatitude":24.644573}},{"type":"Feature","id":"building-716","geometry":{"type":"MultiPolygon","coordinates":[[[[99.90632344096717,24.64244291388258],[99.90633037989807,24.642362695166945],[99.90626085700981,24.642357726915463],[99.90625391807892,24.642437945634285],[99.90632344096717,24.64244291388258]]]]},"properties":{"id":"716","kind":"new","heightM":9.9,"areaM2":62.8,"centerLongitude":99.906292,"centerLatitude":24.6424}},{"type":"Feature","id":"building-717","geometry":{"type":"MultiPolygon","coordinates":[[[[99.90569401493717,24.643258182682782],[99.90571784905693,24.643208248260798],[99.90563322564336,24.643174879294158],[99.9056093915236,24.643224813729482],[99.90569401493717,24.643258182682782]]]]},"properties":{"id":"717","kind":"new","heightM":10.3,"areaM2":56.2,"centerLongitude":99.905664,"centerLatitude":24.643217}},{"type":"Feature","id":"building-718","geometry":{"type":"MultiPolygon","coordinates":[[[[99.90587666013798,24.642933714215687],[99.90585264317913,24.642995992240053],[99.90592227003008,24.643018174952175],[99.90594628698892,24.64295589693887],[99.90587666013798,24.642933714215687]]]]},"properties":{"id":"718","kind":"new","heightM":8.2,"areaM2":54.5,"centerLongitude":99.905899,"centerLatitude":24.642976}},{"type":"Feature","id":"building-719","geometry":{"type":"MultiPolygon","coordinates":[[[[99.9063272091382,24.642524302851438],[99.9063268273861,24.642583310429703],[99.90639119928954,24.6425836544845],[99.90639158104165,24.642524646906395],[99.9063272091382,24.642524302851438]]]]},"properties":{"id":"719","kind":"new","heightM":7.2,"areaM2":42.5,"centerLongitude":99.906359,"centerLatitude":24.642554}},{"type":"Feature","id":"building-720","geometry":{"type":"MultiPolygon","coordinates":[[[[99.906825438566,24.643458779424215],[99.90676048340487,24.643392077233788],[99.90672948524674,24.643417015208286],[99.90679444040791,24.643483717385397],[99.906825438566,24.643458779424215]]]]},"properties":{"id":"720","kind":"old","heightM":10.9,"areaM2":41.2,"centerLongitude":99.906777,"centerLatitude":24.643438}},{"type":"Feature","id":"building-721","geometry":{"type":"MultiPolygon","coordinates":[[[[99.90553437143514,24.644553375582028],[99.90550531282882,24.644609632212276],[99.90555644838686,24.644631452854902],[99.90558550699318,24.644575196234477],[99.90553437143514,24.644553375582028]]]]},"properties":{"id":"721","kind":"new","heightM":7.6,"areaM2":39.3,"centerLongitude":99.905545,"centerLatitude":24.644592}},{"type":"Feature","id":"building-722","geometry":{"type":"MultiPolygon","coordinates":[[[[99.90729118527447,24.642870651458708],[99.90724290551215,24.642870651458708],[99.90724290551215,24.642929660056982],[99.90729118527447,24.642929660056982],[99.90729118527447,24.642870651458708]]]]},"properties":{"id":"722","kind":"new","heightM":7.2,"areaM2":31.9,"centerLongitude":99.907267,"centerLatitude":24.6429}},{"type":"Feature","id":"building-723","geometry":{"type":"MultiPolygon","coordinates":[[[[99.90653622187857,24.642762871303898],[99.90650548265239,24.642719368637355],[99.90644824467418,24.64275278181349],[99.90647898390034,24.642796284468393],[99.90653622187857,24.642762871303898]]]]},"properties":{"id":"723","kind":"new","heightM":7.6,"areaM2":39.3,"centerLongitude":99.906492,"centerLatitude":24.642758}},{"type":"Feature","id":"building-724","geometry":{"type":"MultiPolygon","coordinates":[[[[99.90682778916447,24.643440975340358],[99.9068661460127,24.643396153404407],[99.90683021227767,24.643370749148374],[99.90679185542942,24.64341557109344],[99.90682778916447,24.643440975340358]]]]},"properties":{"id":"724","kind":"old","heightM":7,"areaM2":28.9,"centerLongitude":99.906829,"centerLatitude":24.643406}},{"type":"Feature","id":"building-725","geometry":{"type":"MultiPolygon","coordinates":[[[[99.90686448968502,24.64329079656963],[99.90683891940088,24.643320292734884],[99.90689764535506,24.64336235110456],[99.90692321563922,24.643332854949236],[99.90686448968502,24.64329079656963]]]]},"properties":{"id":"725","kind":"old","heightM":8.3,"areaM2":31.4,"centerLongitude":99.906881,"centerLatitude":24.643327}},{"type":"Feature","id":"building-726","geometry":{"type":"MultiPolygon","coordinates":[[[[99.90592453034681,24.642933643078223],[99.90597188120674,24.642947372441444],[99.9059922087949,24.642889453792247],[99.90594485793495,24.64287572442266],[99.90592453034681,24.642933643078223]]]]},"properties":{"id":"726","kind":"new","heightM":7.4,"areaM2":33.8,"centerLongitude":99.905958,"centerLatitude":24.642912}},{"type":"Feature","id":"building-727","geometry":{"type":"MultiPolygon","coordinates":[[[[99.90857296546456,24.64294940304061],[99.90863107544335,24.642863910366696],[99.90851705484597,24.64279988373687],[99.90845894486718,24.6428853764546],[99.90857296546456,24.64294940304061]]]]},"properties":{"id":"727","kind":"old","heightM":14.9,"areaM2":150.6,"centerLongitude":99.908545,"centerLatitude":24.642875}},{"type":"Feature","id":"building-728","geometry":{"type":"MultiPolygon","coordinates":[[[[99.9082944800591,24.643042646567537],[99.90837508667822,24.643045685364623],[99.9083824800632,24.642883666009304],[99.90830187344407,24.642880627208275],[99.9082944800591,24.643042646567537]]]]},"properties":{"id":"728","kind":"new","heightM":19.9,"areaM2":146.3,"centerLongitude":99.908338,"centerLatitude":24.642963}},{"type":"Feature","id":"building-729","geometry":{"type":"MultiPolygon","coordinates":[[[[99.9083880338016,24.642351086525803],[99.90826944089399,24.642307173865607],[99.90822814375738,24.64239931384198],[99.90834673666501,24.642443226469787],[99.9083880338016,24.642351086525803]]]]},"properties":{"id":"729","kind":"new","heightM":14.3,"areaM2":142.5,"centerLongitude":99.908308,"centerLatitude":24.642375}},{"type":"Feature","id":"building-730","geometry":{"type":"MultiPolygon","coordinates":[[[[99.90981315654153,24.64225188717485],[99.90976868481927,24.6421621360589],[99.90965514332565,24.64220861528513],[99.90969961504791,24.642298366367687],[99.90981315654153,24.64225188717485]]]]},"properties":{"id":"730","kind":"new","heightM":13.9,"areaM2":137.1,"centerLongitude":99.909734,"centerLatitude":24.64223}},{"type":"Feature","id":"building-731","geometry":{"type":"MultiPolygon","coordinates":[[[[99.90841612461588,24.642665336998853],[99.90831956531397,24.64266552544393],[99.90831984410465,24.642783542368527],[99.90841640340656,24.642783353923623],[99.90841612461588,24.642665336998853]]]]},"properties":{"id":"731","kind":"new","heightM":14.5,"areaM2":127.4,"centerLongitude":99.908368,"centerLatitude":24.642724}},{"type":"Feature","id":"building-732","geometry":{"type":"MultiPolygon","coordinates":[[[[99.90802378951645,24.6425512568306],[99.90810987566655,24.642581176825793],[99.90816419587921,24.642452057567702],[99.9080781097291,24.642422137541573],[99.90802378951645,24.6425512568306]]]]},"properties":{"id":"732","kind":"new","heightM":16.9,"areaM2":142.5,"centerLongitude":99.908094,"centerLatitude":24.642502}},{"type":"Feature","id":"building-733","geometry":{"type":"MultiPolygon","coordinates":[[[[99.90902117631165,24.64244310587576],[99.90896345283832,24.642514728485367],[99.90906342411083,24.642581291889382],[99.90912114758417,24.642509669317942],[99.90902117631165,24.64244310587576]]]]},"properties":{"id":"733","kind":"old","heightM":13.8,"areaM2":123,"centerLongitude":99.909042,"centerLatitude":24.642512}},{"type":"Feature","id":"building-734","geometry":{"type":"MultiPolygon","coordinates":[[[[99.90800714546553,24.64300355707497],[99.9079691712102,24.643068720899745],[99.90808146011534,24.643122780607378],[99.90811943437068,24.64305761681081],[99.90800714546553,24.64300355707497]]]]},"properties":{"id":"734","kind":"new","heightM":14.1,"areaM2":104.8,"centerLongitude":99.908044,"centerLatitude":24.643063}},{"type":"Feature","id":"building-735","geometry":{"type":"MultiPolygon","coordinates":[[[[99.90790707207874,24.642322794940952],[99.90782590108233,24.642297994046373],[99.9077926369226,24.64238793746192],[99.90787380791902,24.64241273833864],[99.90790707207874,24.642322794940952]]]]},"properties":{"id":"735","kind":"old","heightM":11.6,"areaM2":90.9,"centerLongitude":99.90785,"centerLatitude":24.642355}},{"type":"Feature","id":"building-736","geometry":{"type":"MultiPolygon","coordinates":[[[[99.9091978317772,24.642377011505783],[99.90915362633523,24.642436441155724],[99.90924056193296,24.642489864213736],[99.90928476737494,24.64243043458922],[99.9091978317772,24.642377011505783]]]]},"properties":{"id":"736","kind":"old","heightM":11.7,"areaM2":84.2,"centerLongitude":99.909219,"centerLatitude":24.642433}},{"type":"Feature","id":"building-737","geometry":{"type":"MultiPolygon","coordinates":[[[[99.90886260876395,24.6429724002971],[99.9088036167013,24.642982972803],[99.90882933403915,24.64310152133798],[99.9088883261018,24.643090948842115],[99.90886260876395,24.6429724002971]]]]},"properties":{"id":"737","kind":"old","heightM":14.8,"areaM2":81.3,"centerLongitude":99.908846,"centerLatitude":24.643037}},{"type":"Feature","id":"building-738","geometry":{"type":"MultiPolygon","coordinates":[[[[99.90933695790031,24.642342168695702],[99.90926824245366,24.642297937046592],[99.90921036762617,24.64237221676227],[99.90927908307282,24.642416448385074],[99.90933695790031,24.642342168695702]]]]},"properties":{"id":"738","kind":"old","heightM":11.1,"areaM2":85.7,"centerLongitude":99.909274,"centerLatitude":24.642357}},{"type":"Feature","id":"building-739","geometry":{"type":"MultiPolygon","coordinates":[[[[99.9088483702432,24.642903071428474],[99.9089073287528,24.642897344771267],[99.90889337626041,24.642778671580743],[99.90883441775081,24.642784398243386],[99.9088483702432,24.642903071428474]]]]},"properties":{"id":"739","kind":"old","heightM":14.6,"areaM2":79.1,"centerLongitude":99.908871,"centerLatitude":24.642841}},{"type":"Feature","id":"building-740","geometry":{"type":"MultiPolygon","coordinates":[[[[99.90889835707404,24.643318983788234],[99.90895237493149,24.643311221735974],[99.9089319442995,24.643193760322017],[99.90887792644203,24.64320152238158],[99.90889835707404,24.643318983788234]]]]},"properties":{"id":"740","kind":"old","heightM":14.6,"areaM2":72.7,"centerLongitude":99.908915,"centerLatitude":24.643256}},{"type":"Feature","id":"building-741","geometry":{"type":"MultiPolygon","coordinates":[[[[99.9097543416692,24.64253219100199],[99.90977368682222,24.642482602726492],[99.90967791960024,24.642451737588424],[99.90965857444723,24.642501325876175],[99.9097543416692,24.64253219100199]]]]},"properties":{"id":"741","kind":"new","heightM":11.3,"areaM2":59.8,"centerLongitude":99.909716,"centerLatitude":24.642492}},{"type":"Feature","id":"building-742","geometry":{"type":"MultiPolygon","coordinates":[[[[99.90905021426597,24.643627569296346],[99.90905004800373,24.643531009890104],[99.90899103947766,24.643531093829242],[99.9089912057399,24.64362765323542],[99.90905021426597,24.643627569296346]]]]},"properties":{"id":"742","kind":"new","heightM":11.8,"areaM2":63.7,"centerLongitude":99.909021,"centerLatitude":24.643579}},{"type":"Feature","id":"building-743","geometry":{"type":"MultiPolygon","coordinates":[[[[99.90880738248552,24.64311190977681],[99.90879279621315,24.643042754785007],[99.9087124119118,24.64305676181919],[99.90872699818415,24.643125916803235],[99.90880738248552,24.64311190977681]]]]},"properties":{"id":"743","kind":"old","heightM":9.1,"areaM2":64.5,"centerLongitude":99.90876,"centerLatitude":24.643084}},{"type":"Feature","id":"building-744","geometry":{"type":"MultiPolygon","coordinates":[[[[99.90896971233539,24.64357926175656],[99.90896961732842,24.64353098207154],[99.90888378677717,24.643531121606763],[99.90888388178415,24.643579401291735],[99.90896971233539,24.64357926175656]]]]},"properties":{"id":"744","kind":"new","heightM":9.6,"areaM2":46.3,"centerLongitude":99.908927,"centerLatitude":24.643555}},{"type":"Feature","id":"building-745","geometry":{"type":"MultiPolygon","coordinates":[[[[99.90838939879418,24.642634463160867],[99.90846986494415,24.64263458973955],[99.90846995931447,24.64258502814446],[99.9083894931645,24.642584901565726],[99.90838939879418,24.642634463160867]]]]},"properties":{"id":"745","kind":"new","heightM":9,"areaM2":44.6,"centerLongitude":99.90843,"centerLatitude":24.64261}},{"type":"Feature","id":"building-746","geometry":{"type":"MultiPolygon","coordinates":[[[[99.90976174898087,24.642460907857522],[99.90977933354334,24.642415205681665],[99.90970919431031,24.642392910329647],[99.90969160974784,24.642438612513665],[99.90976174898087,24.642460907857522]]]]},"properties":{"id":"746","kind":"new","heightM":8.3,"areaM2":40.2,"centerLongitude":99.909735,"centerLatitude":24.642427}},{"type":"Feature","id":"building-747","geometry":{"type":"MultiPolygon","coordinates":[[[[99.90864263068279,24.64317404869978],[99.9086465542527,24.64324906583266],[99.90870013791951,24.643246750537468],[99.9086962143496,24.643171733403197],[99.90864263068279,24.64317404869978]]]]},"properties":{"id":"747","kind":"old","heightM":9.2,"areaM2":45.1,"centerLongitude":99.908671,"centerLatitude":24.64321}},{"type":"Feature","id":"building-748","geometry":{"type":"MultiPolygon","coordinates":[[[[99.90801064868049,24.642944860294328],[99.90798922001221,24.642983795427277],[99.9080767125217,24.643023576739967],[99.90809814119001,24.64298464161942],[99.90801064868049,24.642944860294328]]]]},"properties":{"id":"748","kind":"new","heightM":10.9,"areaM2":47.6,"centerLongitude":99.908044,"centerLatitude":24.642984}},{"type":"Feature","id":"building-749","geometry":{"type":"MultiPolygon","coordinates":[[[[99.90913338350647,24.642454611561718],[99.90915839971922,24.642408793522698],[99.90911684675861,24.642390050237857],[99.90909183054586,24.642435868283748],[99.90913338350647,24.642454611561718]]]]},"properties":{"id":"749","kind":"old","heightM":6.3,"areaM2":26.5,"centerLongitude":99.909125,"centerLatitude":24.642422}},{"type":"Feature","id":"building-750","geometry":{"type":"MultiPolygon","coordinates":[[[[99.90904793332801,24.642373710065037],[99.90903034356765,24.64241944528268],[99.90908209203475,24.642435887688197],[99.9090996817951,24.64239015247658],[99.90904793332801,24.642373710065037]]]]},"properties":{"id":"750","kind":"old","heightM":6.1,"areaM2":29.7,"centerLongitude":99.909065,"centerLatitude":24.642405}},{"type":"Feature","id":"building-751","geometry":{"type":"MultiPolygon","coordinates":[[[[99.9107606779991,24.642121294068204],[99.91074222582843,24.642179723931793],[99.91085500835304,24.64220914881595],[99.9108734605237,24.642150718966125],[99.9107606779991,24.642121294068204]]]]},"properties":{"id":"751","kind":"old","heightM":13.1,"areaM2":79.8,"centerLongitude":99.910808,"centerLatitude":24.642165}},{"type":"Feature","id":"building-752","geometry":{"type":"MultiPolygon","coordinates":[[[[99.91210113946008,24.64277051451406],[99.91214949884063,24.642825638044524],[99.91222721860346,24.64276930915596],[99.91217885922292,24.64271418560063],[99.91210113946008,24.64277051451406]]]]},"properties":{"id":"752","kind":"old","heightM":11.1,"areaM2":78.4,"centerLongitude":99.912164,"centerLatitude":24.64277}},{"type":"Feature","id":"building-753","geometry":{"type":"MultiPolygon","coordinates":[[[[99.9107033014298,24.643332555013554],[99.91064965724951,24.643332555013554],[99.91064965724951,24.64342503205289],[99.9107033014298,24.64342503205289],[99.9107033014298,24.643332555013554]]]]},"properties":{"id":"753","kind":"new","heightM":11.3,"areaM2":55.5,"centerLongitude":99.910676,"centerLatitude":24.643379}},{"type":"Feature","id":"building-754","geometry":{"type":"MultiPolygon","coordinates":[[[[99.91210124655622,24.64281045582987],[99.91203353445921,24.642859856613534],[99.91206266717062,24.642892845597505],[99.91213037926761,24.642843444826894],[99.91210124655622,24.64281045582987]]]]},"properties":{"id":"754","kind":"old","heightM":9.7,"areaM2":41.1,"centerLongitude":99.912082,"centerLatitude":24.642852}},{"type":"Feature","id":"building-755","geometry":{"type":"MultiPolygon","coordinates":[[[[99.91218833431469,24.642884761667847],[99.91225950978998,24.642855806953907],[99.91224563520949,24.642827630485137],[99.9121744597342,24.642856585205603],[99.91218833431469,24.642884761667847]]]]},"properties":{"id":"755","kind":"old","heightM":8.7,"areaM2":26.9,"centerLongitude":99.912217,"centerLatitude":24.642856}},{"type":"Feature","id":"building-756","geometry":{"type":"MultiPolygon","coordinates":[[[[99.91205609814561,24.642991068808072],[99.91205591691015,24.642932060439605],[99.9120067644978,24.64293218515769],[99.91200694573328,24.642991193526097],[99.91205609814561,24.642991068808072]]]]},"properties":{"id":"756","kind":"old","heightM":7.2,"areaM2":32.4,"centerLongitude":99.912031,"centerLatitude":24.642962}},{"type":"Feature","id":"building-757","geometry":{"type":"MultiPolygon","coordinates":[[[[99.91077840328218,24.64343447895608],[99.9107033014298,24.64343447895608],[99.9107033014298,24.643466665464295],[99.91077840328218,24.643466665464295],[99.91077840328218,24.64343447895608]]]]},"properties":{"id":"757","kind":"new","heightM":8.4,"areaM2":27,"centerLongitude":99.910741,"centerLatitude":24.643451}},{"type":"Feature","id":"building-758","geometry":{"type":"MultiPolygon","coordinates":[[[[99.9122080260018,24.642838108144844],[99.9121968708773,24.64281508822311],[99.91214946858605,24.642834065143308],[99.91216062371055,24.642857085061543],[99.9122080260018,24.642838108144844]]]]},"properties":{"id":"758","kind":"old","heightM":5.8,"areaM2":14.6,"centerLongitude":99.912179,"centerLatitude":24.642836}},{"type":"Feature","id":"building-759","geometry":{"type":"MultiPolygon","coordinates":[[[[99.90722482969345,24.641854252316524],[99.90714834420396,24.641914771508446],[99.90730898074992,24.642082494365816],[99.90738546623939,24.64202197525516],[99.90722482969345,24.641854252316524]]]]},"properties":{"id":"759","kind":"new","heightM":27.2,"areaM2":252.2,"centerLongitude":99.907267,"centerLatitude":24.641968}},{"type":"Feature","id":"building-760","geometry":{"type":"MultiPolygon","coordinates":[[[[99.9069540588888,24.640868682316093],[99.90689096529414,24.6408105802595],[99.90679326878245,24.640898228338198],[99.90685636237711,24.640956330354026],[99.9069540588888,24.640868682316093]]]]},"properties":{"id":"760","kind":"new","heightM":15.3,"areaM2":125.3,"centerLongitude":99.906874,"centerLatitude":24.640883}},{"type":"Feature","id":"building-761","geometry":{"type":"MultiPolygon","coordinates":[[[[99.90642600158371,24.641309986693457],[99.90648308484676,24.641377791214286],[99.90657597902242,24.64131318047045],[99.90651889575938,24.641245375914547],[99.90642600158371,24.641309986693457]]]]},"properties":{"id":"761","kind":"new","heightM":13,"areaM2":111.7,"centerLongitude":99.906501,"centerLatitude":24.641312}},{"type":"Feature","id":"building-762","geometry":{"type":"MultiPolygon","coordinates":[[[[99.90663070439719,24.641153385976754],[99.90670738311037,24.641230934723055],[99.90680928872361,24.641147688348575],[99.90673261001045,24.64107013955059],[99.90663070439719,24.641153385976754]]]]},"properties":{"id":"762","kind":"new","heightM":15.3,"areaM2":159.8,"centerLongitude":99.90672,"centerLatitude":24.641151}},{"type":"Feature","id":"building-763","geometry":{"type":"MultiPolygon","coordinates":[[[[99.90661066838508,24.641510655161827],[99.90653869567754,24.641441858073513],[99.90643142192232,24.641534574444826],[99.90650339462988,24.641603371482066],[99.90661066838508,24.641510655161827]]]]},"properties":{"id":"763","kind":"new","heightM":16.5,"areaM2":157.2,"centerLongitude":99.906521,"centerLatitude":24.641523}},{"type":"Feature","id":"building-764","geometry":{"type":"MultiPolygon","coordinates":[[[[99.9068887075909,24.641191541013246],[99.90695466977017,24.64127441819992],[99.90706287347702,24.641203269166066],[99.90699691129774,24.641120391932187],[99.9068887075909,24.641191541013246]]]]},"properties":{"id":"764","kind":"new","heightM":14.9,"areaM2":152.8,"centerLongitude":99.906976,"centerLatitude":24.641197}},{"type":"Feature","id":"building-765","geometry":{"type":"MultiPolygon","coordinates":[[[[99.90720204183812,24.641551883251],[99.90725947272739,24.641624380600913],[99.90738353802624,24.641543183939255],[99.90732610713697,24.64147068654222],[99.90720204183812,24.641551883251]]]]},"properties":{"id":"765","kind":"new","heightM":17,"areaM2":152.7,"centerLongitude":99.907293,"centerLatitude":24.641548}},{"type":"Feature","id":"building-766","geometry":{"type":"MultiPolygon","coordinates":[[[[99.90710967722652,24.640418844534228],[99.90700342352568,24.640517496832796],[99.90708109080617,24.640586607784783],[99.90718734450702,24.6404879555408],[99.90710967722652,24.640418844534228]]]]},"properties":{"id":"766","kind":"new","heightM":16.9,"areaM2":167.8,"centerLongitude":99.907095,"centerLatitude":24.640503}},{"type":"Feature","id":"building-767","geometry":{"type":"MultiPolygon","coordinates":[[[[99.90683716380052,24.641543989036574],[99.90676698629714,24.641474548875923],[99.90666901532202,24.641556348174138],[99.90673919282538,24.64162578828931],[99.90683716380052,24.641543989036574]]]]},"properties":{"id":"767","kind":"new","heightM":14.8,"areaM2":140.3,"centerLongitude":99.906753,"centerLatitude":24.64155}},{"type":"Feature","id":"building-768","geometry":{"type":"MultiPolygon","coordinates":[[[[99.90688305862112,24.640996446241427],[99.90694986523631,24.641070202497918],[99.90705145819504,24.64099417818629],[99.90698465157986,24.640920421884914],[99.90688305862112,24.640996446241427]]]]},"properties":{"id":"768","kind":"new","heightM":14.6,"areaM2":140.6,"centerLongitude":99.906967,"centerLatitude":24.640995}},{"type":"Feature","id":"building-769","geometry":{"type":"MultiPolygon","coordinates":[[[[99.90675198073622,24.64106672858683],[99.90683081737463,24.64114695250898],[99.90693172280409,24.64106502938308],[99.90685288616571,24.640984805408312],[99.90675198073622,24.64106672858683]]]]},"properties":{"id":"769","kind":"new","heightM":15.1,"areaM2":162.8,"centerLongitude":99.906842,"centerLatitude":24.641066}},{"type":"Feature","id":"building-770","geometry":{"type":"MultiPolygon","coordinates":[[[[99.9067848535087,24.641479123517],[99.90685809409247,24.641550791723414],[99.9069553770444,24.64146865697106],[99.90688213646062,24.641396988717524],[99.9067848535087,24.641479123517]]]]},"properties":{"id":"770","kind":"new","heightM":14.8,"areaM2":145.2,"centerLongitude":99.90687,"centerLatitude":24.641474}},{"type":"Feature","id":"building-771","geometry":{"type":"MultiPolygon","coordinates":[[[[99.9065610787472,24.64203212837212],[99.90658692680236,24.642075097568153],[99.90674193634014,24.64199806217375],[99.90671608828501,24.641955092951218],[99.9065610787472,24.64203212837212]]]]},"properties":{"id":"771","kind":"new","heightM":19.7,"areaM2":96.8,"centerLongitude":99.906652,"centerLatitude":24.642015}},{"type":"Feature","id":"building-772","geometry":{"type":"MultiPolygon","coordinates":[[[[99.90701658269384,24.641115298844987],[99.90708507516017,24.641191797657466],[99.90718343312876,24.641119042279563],[99.90711494066242,24.64104254342252],[99.90701658269384,24.641115298844987]]]]},"properties":{"id":"772","kind":"new","heightM":14.1,"areaM2":139.9,"centerLongitude":99.9071,"centerLatitude":24.641117}},{"type":"Feature","id":"building-773","geometry":{"type":"MultiPolygon","coordinates":[[[[99.90678327589673,24.64127195428318],[99.90685492457881,24.641348137278236],[99.90695151659928,24.64127308605595],[99.9068798679172,24.641196903015118],[99.90678327589673,24.64127195428318]]]]},"properties":{"id":"773","kind":"new","heightM":14.1,"areaM2":142.4,"centerLongitude":99.906867,"centerLatitude":24.641273}},{"type":"Feature","id":"building-774","geometry":{"type":"MultiPolygon","coordinates":[[[[99.90683037331706,24.640946134133895],[99.906756231849,24.640880678522592],[99.90667157483996,24.64095990061521],[99.90674571630802,24.641025356185],[99.90683037331706,24.640946134133895]]]]},"properties":{"id":"774","kind":"new","heightM":13.5,"areaM2":127.7,"centerLongitude":99.906751,"centerLatitude":24.640953}},{"type":"Feature","id":"building-775","geometry":{"type":"MultiPolygon","coordinates":[[[[99.90609837677317,24.641864975135704],[99.9060548742478,24.64194644316192],[99.90616985854219,24.641997168830976],[99.90621336106757,24.641915700837846],[99.90609837677317,24.641864975135704]]]]},"properties":{"id":"775","kind":"new","heightM":14.2,"areaM2":129.4,"centerLongitude":99.906134,"centerLatitude":24.641931}},{"type":"Feature","id":"building-776","geometry":{"type":"MultiPolygon","coordinates":[[[[99.90634524849058,24.6419487093064],[99.90623010025735,24.641915610889452],[99.90619539075794,24.64201537178094],[99.90631053899115,24.642048470171453],[99.90634524849058,24.6419487093064]]]]},"properties":{"id":"776","kind":"new","heightM":13.4,"areaM2":141.3,"centerLongitude":99.90627,"centerLatitude":24.641982}},{"type":"Feature","id":"building-777","geometry":{"type":"MultiPolygon","coordinates":[[[[99.90655254189974,24.641029180113836],[99.90661902712783,24.64110000427989],[99.90671720277545,24.641023863811935],[99.90665071754735,24.640953039602717],[99.90655254189974,24.641029180113836]]]]},"properties":{"id":"777","kind":"new","heightM":14.4,"areaM2":134.4,"centerLongitude":99.906635,"centerLatitude":24.641027}},{"type":"Feature","id":"building-778","geometry":{"type":"MultiPolygon","coordinates":[[[[99.90653127003924,24.64123853600266],[99.90659275138286,24.641315439674926],[99.90669846800806,24.641245615447865],[99.90663698666444,24.641168711732607],[99.90653127003924,24.64123853600266]]]]},"properties":{"id":"778","kind":"new","heightM":14.5,"areaM2":138.9,"centerLongitude":99.906615,"centerLatitude":24.641242}},{"type":"Feature","id":"building-779","geometry":{"type":"MultiPolygon","coordinates":[[[[99.90677866241292,24.6406762401732],[99.90682873996911,24.640743716891134],[99.90694646545921,24.640671534673317],[99.906896387903,24.64060405791639],[99.90677866241292,24.6406762401732]]]]},"properties":{"id":"779","kind":"new","heightM":15.8,"areaM2":129.3,"centerLongitude":99.906863,"centerLatitude":24.640674}},{"type":"Feature","id":"building-780","geometry":{"type":"MultiPolygon","coordinates":[[[[99.90743504048429,24.64201085178635],[99.90749276377686,24.641968915952518],[99.90737908618703,24.64183964450937],[99.90732136289446,24.641881580386606],[99.90743504048429,24.64201085178635]]]]},"properties":{"id":"780","kind":"new","heightM":20.3,"areaM2":136.8,"centerLongitude":99.907407,"centerLatitude":24.641925}},{"type":"Feature","id":"building-781","geometry":{"type":"MultiPolygon","coordinates":[[[[99.90726359113584,24.6416423210564],[99.90719467649504,24.641564346179194],[99.90712752312935,24.641613379233814],[99.90719643777014,24.64169135408041],[99.90726359113584,24.6416423210564]]]]},"properties":{"id":"781","kind":"new","heightM":12.2,"areaM2":96.3,"centerLongitude":99.907196,"centerLatitude":24.641628}},{"type":"Feature","id":"building-782","geometry":{"type":"MultiPolygon","coordinates":[[[[99.90705090226433,24.640390084531457],[99.90699377042085,24.640338724300136],[99.9069145602111,24.640411519932925],[99.90697169205458,24.64046288013432],[99.90705090226433,24.640390084531457]]]]},"properties":{"id":"782","kind":"new","heightM":12.5,"areaM2":92,"centerLongitude":99.906983,"centerLatitude":24.640401}},{"type":"Feature","id":"building-783","geometry":{"type":"MultiPolygon","coordinates":[[[[99.910130067375,24.64202329066979],[99.90998627449623,24.641912614206998],[99.90991397330484,24.64199021915299],[99.91005776618357,24.642100895547017],[99.910130067375,24.64202329066979]]]]},"properties":{"id":"783","kind":"old","heightM":21,"areaM2":214.3,"centerLongitude":99.910022,"centerLatitude":24.642007}},{"type":"Feature","id":"building-784","geometry":{"type":"MultiPolygon","coordinates":[[[[99.91026769022206,24.641207457690847],[99.910322318699,24.641302254709395],[99.91044689434274,24.641242945213442],[99.91039226586578,24.64114814814988],[99.91026769022206,24.641207457690847]]]]},"properties":{"id":"784","kind":"old","heightM":15.7,"areaM2":168.3,"centerLongitude":99.910357,"centerLatitude":24.641225}},{"type":"Feature","id":"building-785","geometry":{"type":"MultiPolygon","coordinates":[[[[99.91018175007135,24.64149465284791],[99.91013553621057,24.64156407220141],[99.91027606465558,24.641641361702575],[99.91032227851635,24.641571942392027],[99.91018175007135,24.64149465284791]]]]},"properties":{"id":"785","kind":"old","heightM":18.3,"areaM2":149,"centerLongitude":99.910229,"centerLatitude":24.641568}},{"type":"Feature","id":"building-786","geometry":{"type":"MultiPolygon","coordinates":[[[[99.91024898927083,24.641413826408353],[99.9102125518605,24.641501646232786],[99.91033398682343,24.641543272147324],[99.91037042423376,24.641455452352158],[99.91024898927083,24.641413826408353]]]]},"properties":{"id":"786","kind":"old","heightM":14.4,"areaM2":136.2,"centerLongitude":99.910291,"centerLatitude":24.641479}},{"type":"Feature","id":"building-787","geometry":{"type":"MultiPolygon","coordinates":[[[[99.90991775721359,24.640535377821987],[99.90977794439476,24.640487811200227],[99.90974601270871,24.64056535344893],[99.90988582552754,24.640612920041164],[99.90991775721359,24.640535377821987]]]]},"properties":{"id":"787","kind":"new","heightM":16.6,"areaM2":138.2,"centerLongitude":99.909832,"centerLatitude":24.64055}},{"type":"Feature","id":"building-788","geometry":{"type":"MultiPolygon","coordinates":[[[[99.90967911778642,24.640675865525857],[99.90955397521907,24.64063742902192],[99.90952331218533,24.640719908732233],[99.90964845475267,24.640758345210795],[99.90967911778642,24.640675865525857]]]]},"properties":{"id":"788","kind":"old","heightM":14.7,"areaM2":128.6,"centerLongitude":99.909601,"centerLatitude":24.640698}},{"type":"Feature","id":"building-789","geometry":{"type":"MultiPolygon","coordinates":[[[[99.90991858175329,24.640661015813773],[99.90979713124825,24.640624398943633],[99.90976805993674,24.6407040613925],[99.90988951044176,24.640740678239293],[99.90991858175329,24.640661015813773]]]]},"properties":{"id":"789","kind":"old","heightM":14.2,"areaM2":120.1,"centerLongitude":99.909843,"centerLatitude":24.640683}},{"type":"Feature","id":"building-790","geometry":{"type":"MultiPolygon","coordinates":[[[[99.90932048707784,24.64037485239845],[99.90931870508665,24.64045530236604],[99.90944742503352,24.64045765794663],[99.9094492070247,24.640377207980553],[99.90932048707784,24.64037485239845]]]]},"properties":{"id":"790","kind":"new","heightM":14.3,"areaM2":115.9,"centerLongitude":99.909384,"centerLatitude":24.640416}},{"type":"Feature","id":"building-791","geometry":{"type":"MultiPolygon","coordinates":[[[[99.90974425001703,24.640486530990092],[99.90963736279235,24.640435014697417],[99.90959018624689,24.640515883227096],[99.90969707347156,24.640567399486418],[99.90974425001703,24.640486530990092]]]]},"properties":{"id":"791","kind":"new","heightM":13.5,"areaM2":123.8,"centerLongitude":99.909667,"centerLatitude":24.640501}},{"type":"Feature","id":"building-792","geometry":{"type":"MultiPolygon","coordinates":[[[[99.91002172251955,24.63946404893663],[99.90990727061343,24.639509075136104],[99.90993890945593,24.639575519350146],[99.91005336136205,24.639530493174625],[99.91002172251955,24.63946404893663]]]]},"properties":{"id":"792","kind":"new","heightM":13.9,"areaM2":101,"centerLongitude":99.90998,"centerLatitude":24.63952}},{"type":"Feature","id":"building-793","geometry":{"type":"MultiPolygon","coordinates":[[[[99.90936909302211,24.640058583514154],[99.90936665656932,24.640155117640003],[99.90945782768752,24.640157018757535],[99.90946026414032,24.640060484633153],[99.90936909302211,24.640058583514154]]]]},"properties":{"id":"793","kind":"new","heightM":11.8,"areaM2":98.5,"centerLongitude":99.909413,"centerLatitude":24.640108}},{"type":"Feature","id":"building-794","geometry":{"type":"MultiPolygon","coordinates":[[[[99.91022399943199,24.641350387457468],[99.9101655419831,24.6413445252369],[99.91015197371094,24.64145630628118],[99.91021043115983,24.641462168496513],[99.91022399943199,24.641350387457468]]]]},"properties":{"id":"794","kind":"old","heightM":13.8,"areaM2":74,"centerLongitude":99.910188,"centerLatitude":24.641403}},{"type":"Feature","id":"building-795","geometry":{"type":"MultiPolygon","coordinates":[[[[99.90971075029712,24.64097369435127],[99.90972062571373,24.64091358587632],[99.90960889237155,24.640898419859194],[99.90959901695496,24.64095852834145],[99.90971075029712,24.64097369435127]]]]},"properties":{"id":"795","kind":"old","heightM":12.6,"areaM2":76.8,"centerLongitude":99.90966,"centerLatitude":24.640936}},{"type":"Feature","id":"building-796","geometry":{"type":"MultiPolygon","coordinates":[[[[99.91011458250652,24.640973419513752],[99.91007586507008,24.640896353120528],[99.91001589178431,24.64092124561733],[99.91005460922074,24.640998311995194],[99.91011458250652,24.640973419513752]]]]},"properties":{"id":"796","kind":"new","heightM":10.4,"areaM2":62.5,"centerLongitude":99.910065,"centerLatitude":24.640947}},{"type":"Feature","id":"building-797","geometry":{"type":"MultiPolygon","coordinates":[[[[99.91044547603074,24.641327552399503],[99.91041279739238,24.641275073080973],[99.9103202642951,24.641322676625446],[99.91035294293344,24.641375155923974],[99.91044547603074,24.641327552399503]]]]},"properties":{"id":"797","kind":"old","heightM":11.8,"areaM2":71.7,"centerLongitude":99.910383,"centerLatitude":24.641325}},{"type":"Feature","id":"building-798","geometry":{"type":"MultiPolygon","coordinates":[[[[99.90990345506394,24.640890046631608],[99.90994412219499,24.640850512923596],[99.90987296763699,24.640790041763697],[99.90983230050595,24.640829575490848],[99.90990345506394,24.640890046631608]]]]},"properties":{"id":"798","kind":"old","heightM":10.8,"areaM2":59,"centerLongitude":99.909888,"centerLatitude":24.64084}},{"type":"Feature","id":"building-799","geometry":{"type":"MultiPolygon","coordinates":[[[[99.90976807067396,24.64071551603786],[99.90975540086171,24.64075793165422],[99.90985090225193,24.640781499740534],[99.90986357206418,24.640739084132175],[99.90976807067396,24.64071551603786]]]]},"properties":{"id":"799","kind":"old","heightM":11,"areaM2":48.6,"centerLongitude":99.909809,"centerLatitude":24.640749}},{"type":"Feature","id":"building-800","geometry":{"type":"MultiPolygon","coordinates":[[[[99.9097660620645,24.64066927906461],[99.90977328863413,24.640614747219622],[99.90970405166766,24.64060716683676],[99.90969682509805,24.64066169868504],[99.9097660620645,24.64066927906461]]]]},"properties":{"id":"800","kind":"old","heightM":7.8,"areaM2":42.8,"centerLongitude":99.909735,"centerLatitude":24.640638}},{"type":"Feature","id":"building-801","geometry":{"type":"MultiPolygon","coordinates":[[[[99.90926191649554,24.640721436004796],[99.90924458544261,24.64076921801379],[99.90931683464798,24.640790868306933],[99.9093341657009,24.640743086306227],[99.90926191649554,24.640721436004796]]]]},"properties":{"id":"801","kind":"old","heightM":8.5,"areaM2":42.8,"centerLongitude":99.909289,"centerLatitude":24.640756}},{"type":"Feature","id":"building-802","geometry":{"type":"MultiPolygon","coordinates":[[[[99.90934723967294,24.639376032666863],[99.90931216446437,24.639334554736564],[99.90926043982724,24.639370692443883],[99.90929551503582,24.63941217036219],[99.90934723967294,24.639376032666863]]]]},"properties":{"id":"802","kind":"old","heightM":7.3,"areaM2":38.2,"centerLongitude":99.909304,"centerLatitude":24.639373}},{"type":"Feature","id":"building-803","geometry":{"type":"MultiPolygon","coordinates":[[[[99.90928476801912,24.64064867250822],[99.90926443144335,24.64069561100905],[99.90930742341114,24.640710999875232],[99.90932775998692,24.64066406138019],[99.90928476801912,24.64064867250822]]]]},"properties":{"id":"803","kind":"old","heightM":6.2,"areaM2":26.1,"centerLongitude":99.909296,"centerLatitude":24.64068}},{"type":"Feature","id":"building-804","geometry":{"type":"MultiPolygon","coordinates":[[[[99.91076066622574,24.641181350026276],[99.9107871347297,24.641242805431137],[99.91096896332604,24.641178106286212],[99.91094249482208,24.64111665084952],[99.91076066622574,24.641181350026276]]]]},"properties":{"id":"804","kind":"old","heightM":21.7,"areaM2":144.1,"centerLongitude":99.910865,"centerLatitude":24.64118}},{"type":"Feature","id":"building-805","geometry":{"type":"MultiPolygon","coordinates":[[[[99.91063465922213,24.640908641940946],[99.91059399632165,24.64084493733924],[99.9104909961178,24.640899254244662],[99.91053165901828,24.640962958818672],[99.91063465922213,24.640908641940946]]]]},"properties":{"id":"805","kind":"new","heightM":13.3,"areaM2":98.1,"centerLongitude":99.910563,"centerLatitude":24.640904}},{"type":"Feature","id":"building-806","geometry":{"type":"MultiPolygon","coordinates":[[[[99.91097627191569,24.641997516252918],[99.91094816244944,24.64205402187851],[99.91105247462471,24.642096892237564],[99.91108058409095,24.64204038663136],[99.91097627191569,24.641997516252918]]]]},"properties":{"id":"806","kind":"old","heightM":12.7,"areaM2":79.4,"centerLongitude":99.911014,"centerLatitude":24.642047}},{"type":"Feature","id":"building-807","geometry":{"type":"MultiPolygon","coordinates":[[[[99.91086800788575,24.641020894377643],[99.9108416934538,24.64096505228667],[99.91074589664713,24.64100234740196],[99.91077221107908,24.641058189476258],[99.91086800788575,24.641020894377643]]]]},"properties":{"id":"807","kind":"old","heightM":11.6,"areaM2":70.8,"centerLongitude":99.910807,"centerLatitude":24.641012}},{"type":"Feature","id":"building-808","geometry":{"type":"MultiPolygon","coordinates":[[[[99.91099199971325,24.641605258642336],[99.91096291823783,24.641648280966617],[99.9110287895403,24.641685066989226],[99.91105787101573,24.641642044677624],[99.91099199971325,24.641605258642336]]]]},"properties":{"id":"808","kind":"new","heightM":8.6,"areaM2":43.7,"centerLongitude":99.91101,"centerLatitude":24.641645}},{"type":"Feature","id":"building-809","geometry":{"type":"MultiPolygon","coordinates":[[[[99.91092586977719,24.641653628066937],[99.91094810907829,24.64161453250537],[99.91086477946504,24.64157537118869],[99.91084254016394,24.64161446676252],[99.91092586977719,24.641653628066937]]]]},"properties":{"id":"809","kind":"new","heightM":10.4,"areaM2":46.2,"centerLongitude":99.910895,"centerLatitude":24.641614}},{"type":"Feature","id":"building-810","geometry":{"type":"MultiPolygon","coordinates":[[[[99.91058837196437,24.641238416094197],[99.91056101338222,24.64118145971201],[99.91047147443021,24.64121699258209],[99.91049883301235,24.641273948948076],[99.91058837196437,24.641238416094197]]]]},"properties":{"id":"810","kind":"new","heightM":10.9,"areaM2":67.9,"centerLongitude":99.91053,"centerLatitude":24.641228}},{"type":"Feature","id":"building-811","geometry":{"type":"MultiPolygon","coordinates":[[[[99.91107867468345,24.641549924305643],[99.91099681413188,24.641512610220865],[99.91096616511103,24.641568160118624],[99.91104802566261,24.641605474186814],[99.91107867468345,24.641549924305643]]]]},"properties":{"id":"811","kind":"new","heightM":10.2,"areaM2":63.6,"centerLongitude":99.911022,"centerLatitude":24.641559}},{"type":"Feature","id":"building-812","geometry":{"type":"MultiPolygon","coordinates":[[[[99.91088431673352,24.641106800990567],[99.91085886928845,24.641050599588976],[99.91077497838269,24.641081981539372],[99.91080042582776,24.64113818292685],[99.91088431673352,24.641106800990567]]]]},"properties":{"id":"812","kind":"old","heightM":10.1,"areaM2":61.7,"centerLongitude":99.91083,"centerLatitude":24.641094}},{"type":"Feature","id":"building-813","geometry":{"type":"MultiPolygon","coordinates":[[[[99.9106745500962,24.64100656290727],[99.91064485258585,24.64095246857797],[99.91055733738256,24.640992162177945],[99.91058703489293,24.64104625649005],[99.9106745500962,24.64100656290727]]]]},"properties":{"id":"813","kind":"new","heightM":10.9,"areaM2":66.1,"centerLongitude":99.910616,"centerLatitude":24.640999}},{"type":"Feature","id":"building-814","geometry":{"type":"MultiPolygon","coordinates":[[[[99.91075489566224,24.641150610113797],[99.91072670409746,24.64109960561663],[99.91064830349072,24.641135406834888],[99.91067649505551,24.641186411317435],[99.91075489566224,24.641150610113797]]]]},"properties":{"id":"814","kind":"new","heightM":9.8,"areaM2":56,"centerLongitude":99.910702,"centerLatitude":24.641143}},{"type":"Feature","id":"building-815","geometry":{"type":"MultiPolygon","coordinates":[[[[99.91097472419678,24.641056032680055],[99.91095797126111,24.641010550326907],[99.91087004986564,24.64103730569202],[99.91088680280133,24.64108278803542],[99.91097472419678,24.641056032680055]]]]},"properties":{"id":"815","kind":"old","heightM":10.3,"areaM2":49.7,"centerLongitude":99.910922,"centerLatitude":24.641047}},{"type":"Feature","id":"building-816","geometry":{"type":"MultiPolygon","coordinates":[[[[99.91111922297665,24.6416544526896],[99.91107496288578,24.641632056783926],[99.9110421940254,24.641685558658082],[99.91108645411626,24.641707954554164],[99.91111922297665,24.6416544526896]]]]},"properties":{"id":"816","kind":"new","heightM":7.5,"areaM2":34.7,"centerLongitude":99.911081,"centerLatitude":24.64167}},{"type":"Feature","id":"building-817","geometry":{"type":"MultiPolygon","coordinates":[[[[99.91063015186111,24.641136921116203],[99.91057678619647,24.641158353139872],[99.91060667498411,24.641219838877003],[99.91066004064875,24.641198406863886],[99.91063015186111,24.641136921116203]]]]},"properties":{"id":"817","kind":"new","heightM":8.2,"areaM2":43.9,"centerLongitude":99.910618,"centerLatitude":24.641178}},{"type":"Feature","id":"building-818","geometry":{"type":"MultiPolygon","coordinates":[[[[99.91049083154864,24.64104239688513],[99.91054477029286,24.641015897300438],[99.91050911567659,24.640955939458756],[99.91045517693236,24.640982439056174],[99.91049083154864,24.64104239688513]]]]},"properties":{"id":"818","kind":"new","heightM":8.3,"areaM2":46.7,"centerLongitude":99.9105,"centerLatitude":24.640999}},{"type":"Feature","id":"building-819","geometry":{"type":"MultiPolygon","coordinates":[[[[99.91061340959894,24.641044390314672],[99.91062918512885,24.6410859982355],[99.91069100539478,24.64106663371121],[99.91067522986485,24.641025025783932],[99.91061340959894,24.641044390314672]]]]},"properties":{"id":"819","kind":"new","heightM":7.3,"areaM2":32.2,"centerLongitude":99.910652,"centerLatitude":24.641056}},{"type":"Feature","id":"building-820","geometry":{"type":"MultiPolygon","coordinates":[[[[99.9094511442447,24.63704433271083],[99.90942160843504,24.636942286154564],[99.90923910291822,24.63698592999885],[99.90926863872787,24.63708797651947],[99.9094511442447,24.63704433271083]]]]},"properties":{"id":"820","kind":"old","heightM":21,"areaM2":222.7,"centerLongitude":99.909345,"centerLatitude":24.637015}},{"type":"Feature","id":"building-821","geometry":{"type":"MultiPolygon","coordinates":[[[[99.9092250840577,24.636584758915127],[99.90916131972551,24.6366470750642],[99.90932623309698,24.636786497197583],[99.90938999742916,24.63672418111806],[99.9092250840577,24.636584758915127]]]]},"properties":{"id":"821","kind":"new","heightM":25.1,"areaM2":214.4,"centerLongitude":99.909276,"centerLatitude":24.636686}},{"type":"Feature","id":"building-822","geometry":{"type":"MultiPolygon","coordinates":[[[[99.91014940874945,24.638408418327252],[99.91001790660472,24.638222741055422],[99.9099522367047,24.63826116729442],[99.9100837388494,24.63844684450914],[99.91014940874945,24.638408418327252]]]]},"properties":{"id":"822","kind":"old","heightM":27,"areaM2":192.9,"centerLongitude":99.910051,"centerLatitude":24.638335}},{"type":"Feature","id":"building-823","geometry":{"type":"MultiPolygon","coordinates":[[[[99.90884027245433,24.638033928971417],[99.90892381931533,24.637961604304397],[99.90883340495176,24.63787531225398],[99.90874985809074,24.637947636970953],[99.90884027245433,24.638033928971417]]]]},"properties":{"id":"823","kind":"old","heightM":14.6,"areaM2":153.8,"centerLongitude":99.908837,"centerLatitude":24.637955}},{"type":"Feature","id":"building-824","geometry":{"type":"MultiPolygon","coordinates":[[[[99.91022282160822,24.638696884048155],[99.91036927892885,24.638621901774414],[99.91033475226935,24.63856618421864],[99.91018829494871,24.638641166525822],[99.91022282160822,24.638696884048155]]]]},"properties":{"id":"824","kind":"old","heightM":18.7,"areaM2":120.2,"centerLongitude":99.910279,"centerLatitude":24.638632}},{"type":"Feature","id":"building-825","geometry":{"type":"MultiPolygon","coordinates":[[[[99.90918816151715,24.63855963124135],[99.9092673864463,24.63863049225332],[99.90936993536852,24.63853576588514],[99.90929071043932,24.63846490481944],[99.90918816151715,24.63855963124135]]]]},"properties":{"id":"825","kind":"new","heightM":16.3,"areaM2":165.2,"centerLongitude":99.909279,"centerLatitude":24.638548}},{"type":"Feature","id":"building-826","geometry":{"type":"MultiPolygon","coordinates":[[[[99.90935155886916,24.6392929461218],[99.90942474397448,24.63927072406545],[99.90937287010047,24.639129578289765],[99.90929968499515,24.639151800371227],[99.90935155886916,24.6392929461218]]]]},"properties":{"id":"826","kind":"new","heightM":18.2,"areaM2":128.4,"centerLongitude":99.909362,"centerLatitude":24.639211}},{"type":"Feature","id":"building-827","geometry":{"type":"MultiPolygon","coordinates":[[[[99.90976418452986,24.638615777101464],[99.90971965410907,24.63872888938571],[99.90980718186732,24.638757358718166],[99.90985171228812,24.638644246459698],[99.90976418452986,24.638615777101464]]]]},"properties":{"id":"827","kind":"new","heightM":14.7,"areaM2":124.9,"centerLongitude":99.909786,"centerLatitude":24.638687}},{"type":"Feature","id":"building-828","geometry":{"type":"MultiPolygon","coordinates":[[[[99.90830162847467,24.637263376141032],[99.9083356835855,24.63719746152736],[99.90820448127155,24.637141455209985],[99.90817042616072,24.637207369853204],[99.90830162847467,24.637263376141032]]]]},"properties":{"id":"828","kind":"old","heightM":16.1,"areaM2":118,"centerLongitude":99.908253,"centerLatitude":24.637202}},{"type":"Feature","id":"building-829","geometry":{"type":"MultiPolygon","coordinates":[[[[99.90989541188478,24.638552410061195],[99.90995737274683,24.638523243702227],[99.90989925923991,24.63842124416981],[99.90983729837784,24.638450410552597],[99.90989541188478,24.638552410061195]]]]},"properties":{"id":"829","kind":"old","heightM":14.1,"areaM2":89.6,"centerLongitude":99.909897,"centerLatitude":24.638487}},{"type":"Feature","id":"building-830","geometry":{"type":"MultiPolygon","coordinates":[[[[99.90895101491948,24.63715698782559],[99.90889711765162,24.637231655138567],[99.90898973808885,24.637286893120486],[99.90904363535671,24.63721222584053],[99.90895101491948,24.63715698782559]]]]},"properties":{"id":"830","kind":"new","heightM":12.3,"areaM2":110.6,"centerLongitude":99.90897,"centerLatitude":24.637222}},{"type":"Feature","id":"building-831","geometry":{"type":"MultiPolygon","coordinates":[[[[99.90806031432172,24.63756160910128],[99.90797522761311,24.637551359193434],[99.90795972025907,24.637657717583526],[99.9080448069677,24.63766796748265],[99.90806031432172,24.63756160910128]]]]},"properties":{"id":"831","kind":"old","heightM":13.1,"areaM2":103,"centerLongitude":99.90801,"centerLatitude":24.63761}},{"type":"Feature","id":"building-832","geometry":{"type":"MultiPolygon","coordinates":[[[[99.9097178825535,24.637639975124067],[99.90960092772286,24.637543948668853],[99.90955835377136,24.637586790056638],[99.90967530860198,24.637682816478925],[99.9097178825535,24.637639975124067]]]]},"properties":{"id":"832","kind":"old","heightM":17.5,"areaM2":101.8,"centerLongitude":99.909638,"centerLatitude":24.637613}},{"type":"Feature","id":"building-833","geometry":{"type":"MultiPolygon","coordinates":[[[[99.90871023882531,24.637089204832783],[99.90867720228978,24.637139606934216],[99.90881125170415,24.63721220183084],[99.90884428823969,24.637161799758694],[99.90871023882531,24.637089204832783]]]]},"properties":{"id":"833","kind":"old","heightM":17.4,"areaM2":102.4,"centerLongitude":99.908761,"centerLatitude":24.637151}},{"type":"Feature","id":"building-834","geometry":{"type":"MultiPolygon","coordinates":[[[[99.90832186901906,24.63702736986068],[99.90827662048468,24.637072877606805],[99.90838495192608,24.637161873395275],[99.90843020046044,24.637116365681567],[99.90832186901906,24.63702736986068]]]]},"properties":{"id":"834","kind":"new","heightM":16.3,"areaM2":100.2,"centerLongitude":99.908353,"centerLatitude":24.637095}},{"type":"Feature","id":"building-835","geometry":{"type":"MultiPolygon","coordinates":[[[[99.90985665614892,24.63761414994209],[99.90981565395761,24.637658239810804],[99.90992040523007,24.637738725608962],[99.90996140742138,24.63769463576866],[99.90985665614892,24.63761414994209]]]]},"properties":{"id":"835","kind":"old","heightM":15.3,"areaM2":88.6,"centerLongitude":99.909889,"centerLatitude":24.637676}},{"type":"Feature","id":"building-836","geometry":{"type":"MultiPolygon","coordinates":[[[[99.90848845213324,24.63708482653953],[99.90853014330072,24.637027019909517],[99.90843441273805,24.636969975491585],[99.90839272157058,24.637027782147996],[99.90848845213324,24.63708482653953]]]]},"properties":{"id":"836","kind":"new","heightM":12.7,"areaM2":88.5,"centerLongitude":99.908461,"centerLatitude":24.637027}},{"type":"Feature","id":"building-837","geometry":{"type":"MultiPolygon","coordinates":[[[[99.9080505927415,24.637049406310886],[99.9081005914753,24.63700276298673],[99.90801807659894,24.636929683057527],[99.90796807786512,24.63697632640897],[99.9080505927415,24.637049406310886]]]]},"properties":{"id":"837","kind":"old","heightM":12.8,"areaM2":83.9,"centerLongitude":99.908034,"centerLatitude":24.63699}},{"type":"Feature","id":"building-838","geometry":{"type":"MultiPolygon","coordinates":[[[[99.91025004371596,24.637639417017436],[99.91036760892302,24.637630037476296],[99.91036193269828,24.637571254870505],[99.91024436749122,24.637580634416054],[99.91025004371596,24.637639417017436]]]]},"properties":{"id":"838","kind":"new","heightM":13.1,"areaM2":77.9,"centerLongitude":99.910306,"centerLatitude":24.637605}},{"type":"Feature","id":"building-839","geometry":{"type":"MultiPolygon","coordinates":[[[[99.90813911173933,24.63680475109127],[99.90809513198121,24.636841237465347],[99.90818768046658,24.636933407293657],[99.90823166022473,24.63689692094649],[99.90813911173933,24.63680475109127]]]]},"properties":{"id":"839","kind":"old","heightM":15.3,"areaM2":83.1,"centerLongitude":99.908163,"centerLatitude":24.636869}},{"type":"Feature","id":"building-840","geometry":{"type":"MultiPolygon","coordinates":[[[[99.91023348418193,24.638828107157355],[99.91028477841084,24.63881700094908],[99.91025337721186,24.638697179986487],[99.91020208298295,24.638708286205418],[99.91023348418193,24.638828107157355]]]]},"properties":{"id":"840","kind":"old","heightM":15.1,"areaM2":72.6,"centerLongitude":99.910243,"centerLatitude":24.638763}},{"type":"Feature","id":"building-841","geometry":{"type":"MultiPolygon","coordinates":[[[[99.9082042477528,24.636843804967572],[99.90827502142434,24.636916172817916],[99.90832242239559,24.636877871793036],[99.90825164872403,24.636805503920503],[99.9082042477528,24.636843804967572]]]]},"properties":{"id":"841","kind":"new","heightM":11.9,"areaM2":68.7,"centerLongitude":99.908263,"centerLatitude":24.636861}},{"type":"Feature","id":"building-842","geometry":{"type":"MultiPolygon","coordinates":[[[[99.90946222675403,24.638217091176625],[99.90951671942283,24.638215610180055],[99.90951336814759,24.63811373176704],[99.90945887547878,24.638115212764813],[99.90946222675403,24.638217091176625]]]]},"properties":{"id":"842","kind":"new","heightM":12.5,"areaM2":62.1,"centerLongitude":99.909488,"centerLatitude":24.638165}},{"type":"Feature","id":"building-843","geometry":{"type":"MultiPolygon","coordinates":[[[[99.90803051934543,24.637090635606068],[99.90798919373862,24.637141439480605],[99.90807862346658,24.63720154296365],[99.9081199490734,24.637150739113554],[99.90803051934543,24.637090635606068]]]]},"properties":{"id":"843","kind":"old","heightM":12.4,"areaM2":78.6,"centerLongitude":99.908055,"centerLatitude":24.637146}},{"type":"Feature","id":"building-844","geometry":{"type":"MultiPolygon","coordinates":[[[[99.9092520571257,24.639083881013843],[99.90918598577966,24.639076238671855],[99.90917343864596,24.63916586032132],[99.909239509992,24.63917350265783],[99.9092520571257,24.639083881013843]]]]},"properties":{"id":"844","kind":"old","heightM":11.1,"areaM2":67.3,"centerLongitude":99.909213,"centerLatitude":24.639125}},{"type":"Feature","id":"building-845","geometry":{"type":"MultiPolygon","coordinates":[[[[99.91004447042552,24.638476608253175],[99.9100308644281,24.638397098052206],[99.90995665491029,24.63840758993905],[99.90997026090771,24.638487100133343],[99.91004447042552,24.638476608253175]]]]},"properties":{"id":"845","kind":"old","heightM":9.9,"areaM2":67.6,"centerLongitude":99.910001,"centerLatitude":24.638442}},{"type":"Feature","id":"building-846","geometry":{"type":"MultiPolygon","coordinates":[[[[99.90980528758189,24.637297622152758],[99.90979804077882,24.63720128756775],[99.9097391696445,24.637204946559102],[99.90974641644755,24.63730128114129],[99.90980528758189,24.637297622152758]]]]},"properties":{"id":"846","kind":"new","heightM":11.8,"areaM2":63.7,"centerLongitude":99.909772,"centerLatitude":24.637251}},{"type":"Feature","id":"building-847","geometry":{"type":"MultiPolygon","coordinates":[[[[99.90960459857831,24.637913250567692],[99.90951827458795,24.63785499432992],[99.90947957644518,24.63790237153029],[99.90956590043552,24.637960627745972],[99.90960459857831,24.637913250567692]]]]},"properties":{"id":"847","kind":"old","heightM":12,"areaM2":71,"centerLongitude":99.909542,"centerLatitude":24.637908}},{"type":"Feature","id":"building-848","geometry":{"type":"MultiPolygon","coordinates":[[[[99.90794859022681,24.636759904654188],[99.90800084958845,24.63674063185292],[99.90796058399107,24.636650422481583],[99.90790832462942,24.63666969529677],[99.90794859022681,24.636759904654188]]]]},"properties":{"id":"848","kind":"old","heightM":11.9,"areaM2":61.4,"centerLongitude":99.907955,"centerLatitude":24.636705}},{"type":"Feature","id":"building-849","geometry":{"type":"MultiPolygon","coordinates":[[[[99.90999000398618,24.637838496509772],[99.90996325250377,24.63789455282418],[99.91005334411696,24.637930074857536],[99.91008009559935,24.63787401855907],[99.90999000398618,24.637838496509772]]]]},"properties":{"id":"849","kind":"old","heightM":10.9,"areaM2":67.1,"centerLongitude":99.910022,"centerLatitude":24.637884}},{"type":"Feature","id":"building-850","geometry":{"type":"MultiPolygon","coordinates":[[[[99.90972981706429,24.637046431797003],[99.90967622234567,24.63704852522808],[99.90968052971144,24.637139636248925],[99.90973412443005,24.63713754281937],[99.90972981706429,24.637046431797003]]]]},"properties":{"id":"850","kind":"new","heightM":11.2,"areaM2":54.7,"centerLongitude":99.909705,"centerLatitude":24.637093}},{"type":"Feature","id":"building-851","geometry":{"type":"MultiPolygon","coordinates":[[[[99.9096753095148,24.63718039705705],[99.90961671874976,24.63718872621563],[99.90963252261,24.637280577680414],[99.90969111337502,24.63727224852796],[99.9096753095148,24.63718039705705]]]]},"properties":{"id":"851","kind":"old","heightM":11.4,"areaM2":61.7,"centerLongitude":99.909654,"centerLatitude":24.63723}},{"type":"Feature","id":"building-852","geometry":{"type":"MultiPolygon","coordinates":[[[[99.9093173778644,24.637250990081377],[99.90933829944022,24.637307442604612],[99.90942888894365,24.63727970408698],[99.90940796736784,24.63722325155121],[99.9093173778644,24.637250990081377]]]]},"properties":{"id":"852","kind":"old","heightM":10.6,"areaM2":63.7,"centerLongitude":99.909373,"centerLatitude":24.637265}},{"type":"Feature","id":"building-853","geometry":{"type":"MultiPolygon","coordinates":[[[[99.90788672705743,24.636680173970824],[99.90782292528931,24.636687951882134],[99.90783469252946,24.636767704089827],[99.90789849429757,24.636759926183473],[99.90788672705743,24.636680173970824]]]]},"properties":{"id":"853","kind":"old","heightM":9.9,"areaM2":57.9,"centerLongitude":99.907861,"centerLatitude":24.636724}},{"type":"Feature","id":"building-854","geometry":{"type":"MultiPolygon","coordinates":[[[[99.90817914198948,24.637067831316475],[99.90810433568386,24.637011121102756],[99.90806619814857,24.637052685895874],[99.9081410044542,24.63710939609072],[99.90817914198948,24.637067831316475]]]]},"properties":{"id":"854","kind":"old","heightM":10.8,"areaM2":59,"centerLongitude":99.908123,"centerLatitude":24.63706}},{"type":"Feature","id":"building-855","geometry":{"type":"MultiPolygon","coordinates":[[[[99.90969943177274,24.637864241163815],[99.90963728944459,24.63780943705242],[99.90958753338816,24.63785605046006],[99.90964967571631,24.637910854551002],[99.90969943177274,24.637864241163815]]]]},"properties":{"id":"855","kind":"old","heightM":9.6,"areaM2":62.9,"centerLongitude":99.909643,"centerLatitude":24.63786}},{"type":"Feature","id":"building-856","geometry":{"type":"MultiPolygon","coordinates":[[[[99.90945601680765,24.63737615423159],[99.90944492934713,24.637328706468047],[99.90935351514867,24.637346355623265],[99.9093646026092,24.637393803380103],[99.90945601680765,24.63737615423159]]]]},"properties":{"id":"856","kind":"old","heightM":10.4,"areaM2":50.7,"centerLongitude":99.909405,"centerLatitude":24.637361}},{"type":"Feature","id":"building-857","geometry":{"type":"MultiPolygon","coordinates":[[[[99.90991488385714,24.637098162855963],[99.9098505852642,24.63710097568862],[99.90985427343045,24.637170632496915],[99.9099185720234,24.637167819665823],[99.90991488385714,24.637098162855963]]]]},"properties":{"id":"857","kind":"new","heightM":8.5,"areaM2":50.2,"centerLongitude":99.909885,"centerLatitude":24.637134}},{"type":"Feature","id":"building-858","geometry":{"type":"MultiPolygon","coordinates":[[[[99.90904350985409,24.63766652322761],[99.90909969937681,24.637607554206912],[99.90905168980066,24.637569757726162],[99.90899550027794,24.6376287267647],[99.90904350985409,24.63766652322761]]]]},"properties":{"id":"858","kind":"new","heightM":9.6,"areaM2":55.4,"centerLongitude":99.909048,"centerLatitude":24.637618}},{"type":"Feature","id":"building-859","geometry":{"type":"MultiPolygon","coordinates":[[[[99.90977981113966,24.637682195815316],[99.9097485907889,24.637714898316826],[99.90981829026708,24.637769874887635],[99.90984951061786,24.63773717240052],[99.90977981113966,24.637682195815316]]]]},"properties":{"id":"859","kind":"old","heightM":10.3,"areaM2":44.7,"centerLongitude":99.909799,"centerLatitude":24.637726}},{"type":"Feature","id":"building-860","geometry":{"type":"MultiPolygon","coordinates":[[[[99.90914003636927,24.639016874718344],[99.90913241771233,24.63905504823016],[99.90922189442685,24.639069802183627],[99.90922951308379,24.639031628676317],[99.90914003636927,24.639016874718344]]]]},"properties":{"id":"860","kind":"old","heightM":10.1,"areaM2":39.5,"centerLongitude":99.909181,"centerLatitude":24.639043}},{"type":"Feature","id":"building-861","geometry":{"type":"MultiPolygon","coordinates":[[[[99.90998930617772,24.63916894731664],[99.91003099370491,24.639154617161758],[99.91000168373827,24.63908417186285],[99.9099599962111,24.639098502025814],[99.90998930617772,24.63916894731664]]]]},"properties":{"id":"861","kind":"new","heightM":9.2,"areaM2":37.5,"centerLongitude":99.909995,"centerLatitude":24.639127}},{"type":"Feature","id":"building-862","geometry":{"type":"MultiPolygon","coordinates":[[[[99.90815936021207,24.63676554636808],[99.90814999163501,24.63669633082051],[99.90810207318006,24.636701689664182],[99.90811144175711,24.636770905208785],[99.90815936021207,24.63676554636808]]]]},"properties":{"id":"862","kind":"old","heightM":8.5,"areaM2":37.7,"centerLongitude":99.908131,"centerLatitude":24.636734}},{"type":"Feature","id":"building-863","geometry":{"type":"MultiPolygon","coordinates":[[[[99.90892218733917,24.63716608515627],[99.90886671539835,24.63714288520754],[99.90884048026736,24.63719471324631],[99.90889595220817,24.637217913185417],[99.90892218733917,24.63716608515627]]]]},"properties":{"id":"863","kind":"new","heightM":7,"areaM2":39,"centerLongitude":99.908881,"centerLatitude":24.63718}},{"type":"Feature","id":"building-864","geometry":{"type":"MultiPolygon","coordinates":[[[[99.90974609658416,24.637080620430307],[99.90975013209922,24.637155632648284],[99.90979299622416,24.63715372737926],[99.90978896070908,24.637078715160143],[99.90974609658416,24.637080620430307]]]]},"properties":{"id":"864","kind":"new","heightM":9.2,"areaM2":36,"centerLongitude":99.90977,"centerLatitude":24.637117}},{"type":"Feature","id":"building-865","geometry":{"type":"MultiPolygon","coordinates":[[[[99.90943452114831,24.637215356853968],[99.90943950344902,24.637279570370136],[99.9094876635867,24.63727648302128],[99.90948268128601,24.637212269503525],[99.90943452114831,24.637215356853968]]]]},"properties":{"id":"865","kind":"old","heightM":7.9,"areaM2":34.8,"centerLongitude":99.909461,"centerLatitude":24.637246}},{"type":"Feature","id":"building-866","geometry":{"type":"MultiPolygon","coordinates":[[[[99.90939244582506,24.637600194427066],[99.90935504438221,24.63763784042922],[99.90940043954656,24.637675102842476],[99.9094378409894,24.63763745685155],[99.90939244582506,24.637600194427066]]]]},"properties":{"id":"866","kind":"new","heightM":6.8,"areaM2":34.7,"centerLongitude":99.909396,"centerLatitude":24.637638}},{"type":"Feature","id":"building-867","geometry":{"type":"MultiPolygon","coordinates":[[[[99.90977478582516,24.638437785069943],[99.90978194802125,24.638495245882797],[99.90983494581185,24.638489788074907],[99.90982778361577,24.638432327259537],[99.90977478582516,24.638437785069943]]]]},"properties":{"id":"867","kind":"new","heightM":7.1,"areaM2":34.5,"centerLongitude":99.909805,"centerLatitude":24.638464}},{"type":"Feature","id":"building-868","geometry":{"type":"MultiPolygon","coordinates":[[[[99.90912302738766,24.639157364229725],[99.90916904863337,24.639157725536258],[99.9091696787465,24.63909141500188],[99.9091236575008,24.63909105369515],[99.90912302738766,24.639157364229725]]]]},"properties":{"id":"868","kind":"old","heightM":8.1,"areaM2":34.1,"centerLongitude":99.909146,"centerLatitude":24.639124}},{"type":"Feature","id":"building-869","geometry":{"type":"MultiPolygon","coordinates":[[[[99.91088534535439,24.637359191019822],[99.91070831955939,24.637359191019822],[99.91070831955939,24.637466479380418],[99.91088534535439,24.637466479380418],[99.91088534535439,24.637359191019822]]]]},"properties":{"id":"869","kind":"new","heightM":19.7,"areaM2":212.4,"centerLongitude":99.910797,"centerLatitude":24.637413}},{"type":"Feature","id":"building-870","geometry":{"type":"MultiPolygon","coordinates":[[[[99.91060908652791,24.63890955308916],[99.91058112131903,24.638804297958277],[99.91047982815762,24.638826533027054],[99.91050779336649,24.638931788139203],[99.91060908652791,24.63890955308916]]]]},"properties":{"id":"870","kind":"new","heightM":13.3,"areaM2":126.2,"centerLongitude":99.910544,"centerLatitude":24.638868}},{"type":"Feature","id":"building-871","geometry":{"type":"MultiPolygon","coordinates":[[[[99.91078081765744,24.63864734755619],[99.91067393341358,24.63855762355222],[99.91061511187732,24.638615516630928],[99.91072199612118,24.63870524059332],[99.91078081765744,24.63864734755619]]]]},"properties":{"id":"871","kind":"old","heightM":16.2,"areaM2":128.2,"centerLongitude":99.910698,"centerLatitude":24.638631}},{"type":"Feature","id":"building-872","geometry":{"type":"MultiPolygon","coordinates":[[[[99.91082901804518,24.638809761175178],[99.91088201881637,24.63875127551425],[99.91077429431637,24.63867062048341],[99.9107212935452,24.6387291061821],[99.91082901804518,24.638809761175178]]]]},"properties":{"id":"872","kind":"old","heightM":15.5,"areaM2":118.3,"centerLongitude":99.910802,"centerLatitude":24.63874}},{"type":"Feature","id":"building-873","geometry":{"type":"MultiPolygon","coordinates":[[[[99.91129949727689,24.63732431443443],[99.9111872411726,24.63726786415129],[99.9111461129832,24.637335437848364],[99.91125836908749,24.637391888100964],[99.91129949727689,24.63732431443443]]]]},"properties":{"id":"873","kind":"old","heightM":14.3,"areaM2":110.8,"centerLongitude":99.911223,"centerLatitude":24.63733}},{"type":"Feature","id":"building-874","geometry":{"type":"MultiPolygon","coordinates":[[[[99.91120693568837,24.637487402836616],[99.91116273674007,24.637539518366157],[99.91127185820018,24.637615980687936],[99.91131605714845,24.637563865190298],[99.91120693568837,24.637487402836616]]]]},"properties":{"id":"874","kind":"old","heightM":15.3,"areaM2":101.4,"centerLongitude":99.911239,"centerLatitude":24.637552}},{"type":"Feature","id":"building-875","geometry":{"type":"MultiPolygon","coordinates":[[[[99.91048619799692,24.638731929368294],[99.91049494612378,24.638802502025676],[99.91059089849958,24.638792675086517],[99.91058215037272,24.638722102423593],[99.91048619799692,24.638731929368294]]]]},"properties":{"id":"875","kind":"old","heightM":10.7,"areaM2":76.7,"centerLongitude":99.910539,"centerLatitude":24.638762}},{"type":"Feature","id":"building-876","geometry":{"type":"MultiPolygon","coordinates":[[[[99.91070526905868,24.638271629303112],[99.91076932041247,24.638260531748887],[99.91074822847365,24.63815995322486],[99.91068417711985,24.63817105078802],[99.91070526905868,24.638271629303112]]]]},"properties":{"id":"876","kind":"old","heightM":12.5,"areaM2":74.7,"centerLongitude":99.910727,"centerLatitude":24.638216}},{"type":"Feature","id":"building-877","geometry":{"type":"MultiPolygon","coordinates":[[[[99.91059727426817,24.638608603288553],[99.91054634431535,24.638657969240544],[99.91061603500546,24.63871737181989],[99.91066696495828,24.63866800589137],[99.91059727426817,24.638608603288553]]]]},"properties":{"id":"877","kind":"old","heightM":10.6,"areaM2":72.3,"centerLongitude":99.910607,"centerLatitude":24.638663}},{"type":"Feature","id":"building-878","geometry":{"type":"MultiPolygon","coordinates":[[[[99.91062849710114,24.638300860233276],[99.91063635682718,24.638348805590752],[99.91074263403493,24.63833441137394],[99.91073477430888,24.638286466010946],[99.91062849710114,24.638300860233276]]]]},"properties":{"id":"878","kind":"old","heightM":12,"areaM2":58.3,"centerLongitude":99.910686,"centerLatitude":24.638318}},{"type":"Feature","id":"building-879","geometry":{"type":"MultiPolygon","coordinates":[[[[99.90496029464003,24.635423366101474],[99.90485235672844,24.63538261811042],[99.90477454557876,24.635552918971673],[99.90488248349035,24.63559366690719],[99.90496029464003,24.635423366101474]]]]},"properties":{"id":"879","kind":"old","heightM":22.6,"areaM2":241,"centerLongitude":99.904867,"centerLatitude":24.635488}},{"type":"Feature","id":"building-880","geometry":{"type":"MultiPolygon","coordinates":[[[[99.90495471705614,24.63535202508184],[99.90497263219511,24.635292273513578],[99.90487474062415,24.635268022811996],[99.90485682548521,24.635327774391854],[99.90495471705614,24.63535202508184]]]]},"properties":{"id":"880","kind":"old","heightM":11.3,"areaM2":70.3,"centerLongitude":99.904915,"centerLatitude":24.63531}},{"type":"Feature","id":"building-881","geometry":{"type":"MultiPolygon","coordinates":[[[[99.90515296025272,24.635834567990305],[99.90526635613755,24.63588616146186],[99.90537996726037,24.63567984783546],[99.90526657137553,24.635628254278714],[99.90515296025272,24.635834567990305]]]]},"properties":{"id":"881","kind":"old","heightM":28.3,"areaM2":327.2,"centerLongitude":99.905266,"centerLatitude":24.635757}},{"type":"Feature","id":"building-882","geometry":{"type":"MultiPolygon","coordinates":[[[[99.90593316533224,24.635173593016667],[99.90580978371764,24.635173593016667],[99.90580978371764,24.63527015254122],[99.90593316533224,24.63527015254122],[99.90593316533224,24.635173593016667]]]]},"properties":{"id":"882","kind":"old","heightM":13.7,"areaM2":133.2,"centerLongitude":99.905871,"centerLatitude":24.635222}},{"type":"Feature","id":"building-883","geometry":{"type":"MultiPolygon","coordinates":[[[[99.90574973092941,24.634526582442916],[99.90581763970528,24.634491359275497],[99.90575085024004,24.634384964733126],[99.90568294146416,24.634420187930537],[99.90574973092941,24.634526582442916]]]]},"properties":{"id":"883","kind":"old","heightM":15,"areaM2":107.1,"centerLongitude":99.90575,"centerLatitude":24.634456}},{"type":"Feature","id":"building-884","geometry":{"type":"MultiPolygon","coordinates":[[[[99.90545327348849,24.63542570201342],[99.90537524766027,24.63540180627189],[99.90533597762115,24.6355077527246],[99.90541400344935,24.635531648445866],[99.90545327348849,24.63542570201342]]]]},"properties":{"id":"884","kind":"old","heightM":13.7,"areaM2":102.9,"centerLongitude":99.905395,"centerLatitude":24.635467}},{"type":"Feature","id":"building-885","geometry":{"type":"MultiPolygon","coordinates":[[[[99.90517388174324,24.63539868451909],[99.90519388501436,24.63534614247753],[99.90505002151494,24.635300888942627],[99.9050300182438,24.635353431003217],[99.90517388174324,24.63539868451909]]]]},"properties":{"id":"885","kind":"old","heightM":16.9,"areaM2":94.7,"centerLongitude":99.905112,"centerLatitude":24.63535}},{"type":"Feature","id":"building-886","geometry":{"type":"MultiPolygon","coordinates":[[[[99.90495700390656,24.635274364914416],[99.90501721450161,24.63528856547146],[99.90504836712921,24.635179428811],[99.90498815653415,24.63516522824155],[99.90495700390656,24.635274364914416]]]]},"properties":{"id":"886","kind":"old","heightM":13.8,"areaM2":78.4,"centerLongitude":99.905003,"centerLatitude":24.635227}},{"type":"Feature","id":"building-887","geometry":{"type":"MultiPolygon","coordinates":[[[[99.90608395327179,24.635148755479765],[99.9059552072389,24.635148755479765],[99.9059552072389,24.635229221750212],[99.90608395327179,24.635229221750212],[99.90608395327179,24.635148755479765]]]]},"properties":{"id":"887","kind":"old","heightM":14.3,"areaM2":115.9,"centerLongitude":99.90602,"centerLatitude":24.635189}},{"type":"Feature","id":"building-888","geometry":{"type":"MultiPolygon","coordinates":[[[[99.90562868216871,24.63457889936948],[99.90567024420092,24.634556046656233],[99.9056168929817,24.634475875754408],[99.90557533094952,24.634498728482317],[99.90562868216871,24.63457889936948]]]]},"properties":{"id":"888","kind":"old","heightM":11.5,"areaM2":50.9,"centerLongitude":99.905623,"centerLatitude":24.634527}},{"type":"Feature","id":"building-889","geometry":{"type":"MultiPolygon","coordinates":[[[[99.90509267472554,24.63500192127522],[99.90504619194147,24.634987853888305],[99.90502082599704,24.635057107097868],[99.90506730878113,24.635071174476987],[99.90509267472554,24.63500192127522]]]]},"properties":{"id":"889","kind":"old","heightM":8.9,"areaM2":40,"centerLongitude":99.905057,"centerLatitude":24.63503}},{"type":"Feature","id":"building-890","geometry":{"type":"MultiPolygon","coordinates":[[[[99.90527121262463,24.636148713688332],[99.90521284537098,24.63608756915828],[99.90517588420008,24.636116720589445],[99.90523425145373,24.63617786510523],[99.90527121262463,24.636148713688332]]]]},"properties":{"id":"890","kind":"old","heightM":9.9,"areaM2":44.3,"centerLongitude":99.905224,"centerLatitude":24.636133}},{"type":"Feature","id":"building-891","geometry":{"type":"MultiPolygon","coordinates":[[[[99.90572402118421,24.634651600193433],[99.90577264595939,24.63463734337782],[99.90574427202591,24.63455738435366],[99.90569564725074,24.634571641178397],[99.90572402118421,24.634651600193433]]]]},"properties":{"id":"891","kind":"old","heightM":10.3,"areaM2":48,"centerLongitude":99.905734,"centerLatitude":24.634604}},{"type":"Feature","id":"building-892","geometry":{"type":"MultiPolygon","coordinates":[[[[99.90558295488455,24.634435131447656],[99.90560940719834,24.634469882013793],[99.90568243319717,24.63442395234188],[99.90565598088335,24.63438920176297],[99.90558295488455,24.634435131447656]]]]},"properties":{"id":"892","kind":"old","heightM":9.9,"areaM2":42,"centerLongitude":99.905633,"centerLatitude":24.63443}},{"type":"Feature","id":"building-893","geometry":{"type":"MultiPolygon","coordinates":[[[[99.90565177249277,24.63451223872415],[99.90567662731287,24.634554701641136],[99.90572800318782,24.634529854668987],[99.90570314836772,24.634487391743555],[99.90565177249277,24.63451223872415]]]]},"properties":{"id":"893","kind":"old","heightM":6.5,"areaM2":31.3,"centerLongitude":99.90569,"centerLatitude":24.634521}},{"type":"Feature","id":"building-894","geometry":{"type":"MultiPolygon","coordinates":[[[[99.91004450989483,24.636641057334963],[99.91004876027985,24.63652310339596],[99.90988255245348,24.636518154973874],[99.90987830206846,24.63663610891755],[99.91004450989483,24.636641057334963]]]]},"properties":{"id":"894","kind":"new","heightM":18.5,"areaM2":219.5,"centerLongitude":99.909964,"centerLatitude":24.63658}},{"type":"Feature","id":"building-895","geometry":{"type":"MultiPolygon","coordinates":[[[[99.90803117703095,24.635669622285096],[99.90811545532843,24.63558508348471],[99.90805323056624,24.63553382933617],[99.90796895226876,24.635618368171237],[99.90803117703095,24.635669622285096]]]]},"properties":{"id":"895","kind":"new","heightM":14,"areaM2":107.1,"centerLongitude":99.908042,"centerLatitude":24.635602}},{"type":"Feature","id":"building-896","geometry":{"type":"MultiPolygon","coordinates":[[[[99.90963855576281,24.636525098315065],[99.90969168917363,24.6365377494676],[99.9097224564902,24.636430984943004],[99.90966932307938,24.636418333779652],[99.90963855576281,24.636525098315065]]]]},"properties":{"id":"896","kind":"new","heightM":13.5,"areaM2":67.8,"centerLongitude":99.909681,"centerLatitude":24.636478}},{"type":"Feature","id":"building-897","geometry":{"type":"MultiPolygon","coordinates":[[[[99.90808063014444,24.636423633082956],[99.90802708277617,24.6364338638457],[99.90804520767006,24.636512243931357],[99.90809875503832,24.636502013175033],[99.90808063014444,24.636423633082956]]]]},"properties":{"id":"897","kind":"old","heightM":9.8,"areaM2":49,"centerLongitude":99.908063,"centerLatitude":24.636468}},{"type":"Feature","id":"building-898","geometry":{"type":"MultiPolygon","coordinates":[[[[99.90811845950014,24.63656265012651],[99.90807041715061,24.636566996877164],[99.9080786008757,24.636641729419466],[99.90812664322524,24.636637382671413],[99.90811845950014,24.63656265012651]]]]},"properties":{"id":"898","kind":"old","heightM":9.2,"areaM2":40.6,"centerLongitude":99.908099,"centerLatitude":24.636602}},{"type":"Feature","id":"building-899","geometry":{"type":"MultiPolygon","coordinates":[[[[99.90817797019226,24.636561638787924],[99.90818562825864,24.63663102794214],[99.90823366690475,24.636626647506425],[99.90822600883835,24.63655725834978],[99.90817797019226,24.636561638787924]]]]},"properties":{"id":"899","kind":"old","heightM":8.5,"areaM2":37.7,"centerLongitude":99.908206,"centerLatitude":24.636594}},{"type":"Feature","id":"building-900","geometry":{"type":"MultiPolygon","coordinates":[[[[99.90820780878833,24.636359550530198],[99.90811725707711,24.63637390854041],[99.90814018487025,24.636493380271062],[99.90823073658149,24.63647902227458],[99.90820780878833,24.636359550530198]]]]},"properties":{"id":"900","kind":"old","heightM":14.9,"areaM2":124.7,"centerLongitude":99.908174,"centerLatitude":24.636426}},{"type":"Feature","id":"building-901","geometry":{"type":"MultiPolygon","coordinates":[[[[99.9081640753102,24.636655072893404],[99.90816770739141,24.63668169102423],[99.90824756178678,24.636672688269396],[99.90824392970555,24.63664607013665],[99.9081640753102,24.636655072893404]]]]},"properties":{"id":"901","kind":"old","heightM":9,"areaM2":24.1,"centerLongitude":99.908206,"centerLatitude":24.636664}},{"type":"Feature","id":"building-902","geometry":{"type":"MultiPolygon","coordinates":[[[[99.91116974379298,24.636211045016438],[99.91107936411969,24.636222105468185],[99.91109983779256,24.636360333197626],[99.91119021746586,24.63634927275812],[99.91116974379298,24.636211045016438]]]]},"properties":{"id":"902","kind":"old","heightM":17.1,"areaM2":142.2,"centerLongitude":99.911135,"centerLatitude":24.636286}},{"type":"Feature","id":"building-903","geometry":{"type":"MultiPolygon","coordinates":[[[[99.91088431945747,24.636647661598964],[99.91089740941688,24.636687546897544],[99.91098957918287,24.636662554233663],[99.91097648922343,24.636622668927103],[99.91088431945747,24.636647661598964]]]]},"properties":{"id":"903","kind":"new","heightM":10.7,"areaM2":44.8,"centerLongitude":99.910937,"centerLatitude":24.636655}},{"type":"Feature","id":"building-904","geometry":{"type":"MultiPolygon","coordinates":[[[[99.91080888397332,24.63653622826191],[99.91076197451711,24.636541841353097],[99.91077346588536,24.636621188154727],[99.91082037534154,24.636615575067108],[99.91080888397332,24.63653622826191]]]]},"properties":{"id":"904","kind":"old","heightM":9.8,"areaM2":42.3,"centerLongitude":99.910791,"centerLatitude":24.636579}},{"type":"Feature","id":"building-905","geometry":{"type":"MultiPolygon","coordinates":[[[[99.91086652492304,24.63663670379966],[99.91086006722567,24.636589755154162],[99.91082279197416,24.63659399133306],[99.91082924967154,24.63664093997697],[99.91086652492304,24.63663670379966]]]]},"properties":{"id":"905","kind":"old","heightM":5.8,"areaM2":19.9,"centerLongitude":99.910845,"centerLatitude":24.636615}},{"type":"Feature","id":"building-906","geometry":{"type":"MultiPolygon","coordinates":[[[[99.91101218702283,24.63659970220775],[99.91099890928811,24.636569599128556],[99.91095549458238,24.63658542068362],[99.91096877231712,24.636615523759],[99.91101218702283,24.63659970220775]]]]},"properties":{"id":"906","kind":"old","heightM":5.2,"areaM2":17,"centerLongitude":99.910984,"centerLatitude":24.636593}},{"type":"Feature","id":"building-907","geometry":{"type":"MultiPolygon","coordinates":[[[[99.90670864073019,24.632704108223425],[99.90667462348938,24.632635116577156],[99.90638311418311,24.632753879627494],[99.90641713142392,24.63282287120819],[99.90670864073019,24.632704108223425]]]]},"properties":{"id":"907","kind":"new","heightM":35.6,"areaM2":270.1,"centerLongitude":99.906546,"centerLatitude":24.632729}},{"type":"Feature","id":"building-908","geometry":{"type":"MultiPolygon","coordinates":[[[[99.90629670269772,24.633782575452983],[99.90638005439659,24.633695445173487],[99.90625053095312,24.633593065661216],[99.90616717925424,24.633680196012104],[99.90629670269772,24.633782575452983]]]]},"properties":{"id":"908","kind":"new","heightM":19.1,"areaM2":221.6,"centerLongitude":99.906274,"centerLatitude":24.633688}},{"type":"Feature","id":"building-909","geometry":{"type":"MultiPolygon","coordinates":[[[[99.90601976939463,24.63379174538555],[99.90609404138394,24.633874908127265],[99.90619292119148,24.63380194184941],[99.90611864920216,24.633718779059127],[99.90601976939463,24.63379174538555]]]]},"properties":{"id":"909","kind":"old","heightM":14.2,"areaM2":152.6,"centerLongitude":99.906106,"centerLatitude":24.633797}},{"type":"Feature","id":"building-910","geometry":{"type":"MultiPolygon","coordinates":[[[[99.90603162535665,24.633847041578477],[99.90599572040044,24.633776000560275],[99.90588823462701,24.63382088695735],[99.9059241395832,24.63389192795003],[99.90603162535665,24.633847041578477]]]]},"properties":{"id":"910","kind":"old","heightM":13.2,"areaM2":103.4,"centerLongitude":99.90596,"centerLatitude":24.633834}},{"type":"Feature","id":"building-911","geometry":{"type":"MultiPolygon","coordinates":[[[[99.90576037299888,24.633617779277653],[99.90571445883643,24.633545050735254],[99.90561276120232,24.6335980991925],[99.90565867536478,24.633670827704027],[99.90576037299888,24.633617779277653]]]]},"properties":{"id":"911","kind":"new","heightM":13.1,"areaM2":110,"centerLongitude":99.905687,"centerLatitude":24.633608}},{"type":"Feature","id":"building-912","geometry":{"type":"MultiPolygon","coordinates":[[[[99.90658879280087,24.632871150970413],[99.90641713142392,24.632871150970413],[99.90641713142392,24.632914066314683],[99.90658879280087,24.632914066314683],[99.90658879280087,24.632871150970413]]]]},"properties":{"id":"912","kind":"new","heightM":19.1,"areaM2":82.4,"centerLongitude":99.906503,"centerLatitude":24.632893}},{"type":"Feature","id":"building-913","geometry":{"type":"MultiPolygon","coordinates":[[[[99.90557119322652,24.633655038422315],[99.90561363633088,24.63363728163474],[99.90556827991138,24.63354770364051],[99.905525836807,24.633565460440813],[99.90557119322652,24.633655038422315]]]]},"properties":{"id":"913","kind":"new","heightM":12.1,"areaM2":51.5,"centerLongitude":99.90557,"centerLatitude":24.633601}},{"type":"Feature","id":"building-914","geometry":{"type":"MultiPolygon","coordinates":[[[[99.90586241685713,24.633891673272654],[99.90589462643894,24.633879532774724],[99.90586121253223,24.633806285078812],[99.90582900295043,24.633818425583858],[99.90586241685713,24.633891673272654]]]]},"properties":{"id":"914","kind":"old","heightM":9.7,"areaM2":30.9,"centerLongitude":99.905862,"centerLatitude":24.633849}},{"type":"Feature","id":"building-915","geometry":{"type":"MultiPolygon","coordinates":[[[[99.90495096938187,24.645992615664355],[99.9049533659414,24.64585478345882],[99.90482726531786,24.645852972163507],[99.90482486875834,24.645990804371046],[99.90495096938187,24.645992615664355]]]]},"properties":{"id":"915","kind":"new","heightM":16.9,"areaM2":194.4,"centerLongitude":99.904889,"centerLatitude":24.645923}},{"type":"Feature","id":"building-916","geometry":{"type":"MultiPolygon","coordinates":[[[[99.90501390108147,24.64568517928681],[99.90512359362512,24.645754075145575],[99.9052386170082,24.64560278663061],[99.90512892446456,24.645533890688377],[99.90501390108147,24.64568517928681]]]]},"properties":{"id":"916","kind":"new","heightM":22.5,"areaM2":274.2,"centerLongitude":99.905126,"centerLatitude":24.645644}},{"type":"Feature","id":"building-917","geometry":{"type":"MultiPolygon","coordinates":[[[[99.90524515391566,24.642698655458837],[99.90520606618443,24.642779744208173],[99.90537666849652,24.642847683487112],[99.90541575622774,24.642766594781886],[99.90524515391566,24.642698655458837]]]]},"properties":{"id":"917","kind":"new","heightM":20.7,"areaM2":184.4,"centerLongitude":99.905311,"centerLatitude":24.642773}},{"type":"Feature","id":"building-918","geometry":{"type":"MultiPolygon","coordinates":[[[[99.90659006704655,24.64028097619829],[99.90662757385562,24.64025738748199],[99.90654128739668,24.64014403728218],[99.90650378058761,24.640167626019885],[99.90659006704655,24.64028097619829]]]]},"properties":{"id":"918","kind":"new","heightM":16.9,"areaM2":70.3,"centerLongitude":99.906566,"centerLatitude":24.640213}},{"type":"Feature","id":"building-919","geometry":{"type":"MultiPolygon","coordinates":[[[[99.90653540108808,24.640128468774407],[99.90648631546625,24.640080435431486],[99.90644993538905,24.64011115038563],[99.90649902101086,24.640159183716737],[99.90653540108808,24.640128468774407]]]]},"properties":{"id":"919","kind":"new","heightM":8,"areaM2":36.4,"centerLongitude":99.906493,"centerLatitude":24.64012}},{"type":"Feature","id":"building-920","geometry":{"type":"MultiPolygon","coordinates":[[[[99.9074370056297,24.64501210494461],[99.90730892680592,24.645140221454497],[99.90741144456544,24.645224887862135],[99.90753952338922,24.645096771439103],[99.9074370056297,24.64501210494461]]]]},"properties":{"id":"920","kind":"new","heightM":21.2,"areaM2":268.2,"centerLongitude":99.907424,"centerLatitude":24.645118}},{"type":"Feature","id":"building-921","geometry":{"type":"MultiPolygon","coordinates":[[[[99.90694135294405,24.644077558100875],[99.906962929549,24.644292316544785],[99.90711213145198,24.64427993276456],[99.90709055484703,24.644065174299357],[99.90694135294405,24.644077558100875]]]]},"properties":{"id":"921","kind":"new","heightM":26.4,"areaM2":361.3,"centerLongitude":99.907027,"centerLatitude":24.644179}},{"type":"Feature","id":"building-922","geometry":{"type":"MultiPolygon","coordinates":[[[[99.90835611633946,24.64359106031327],[99.9084167347799,24.64356645304928],[99.90835169882469,24.64343409638704],[99.90829108038425,24.64345870367711],[99.90835611633946,24.64359106031327]]]]},"properties":{"id":"922","kind":"new","heightM":17.8,"areaM2":107.6,"centerLongitude":99.908354,"centerLatitude":24.643513}},{"type":"Feature","id":"building-923","geometry":{"type":"MultiPolygon","coordinates":[[[[99.90840391527041,24.643227742714625],[99.90844056029201,24.64334456548385],[99.90858850249316,24.64330622725551],[99.90855185747156,24.64318940445042],[99.90840391527041,24.643227742714625]]]]},"properties":{"id":"923","kind":"old","heightM":17.1,"areaM2":209,"centerLongitude":99.908496,"centerLatitude":24.643267}},{"type":"Feature","id":"building-924","geometry":{"type":"MultiPolygon","coordinates":[[[[99.90850862503613,24.64273436674575],[99.90850703395098,24.6426455455677],[99.90844501362614,24.64264646340953],[99.90844660471129,24.64273528458693],[99.90850862503613,24.64273436674575]]]]},"properties":{"id":"924","kind":"new","heightM":10.9,"areaM2":61.6,"centerLongitude":99.908477,"centerLatitude":24.64269}},{"type":"Feature","id":"building-925","geometry":{"type":"MultiPolygon","coordinates":[[[[99.90616365155114,24.64530579786017],[99.90615387341576,24.64535442234609],[99.90623171039788,24.645367353143417],[99.90624148853327,24.645318728662524],[99.90616365155114,24.64530579786017]]]]},"properties":{"id":"925","kind":"old","heightM":8.8,"areaM2":43.7,"centerLongitude":99.906198,"centerLatitude":24.645337}},{"type":"Feature","id":"building-926","geometry":{"type":"MultiPolygon","coordinates":[[[[99.90613159205685,24.64563121571197],[99.90618198451489,24.645546377361644],[99.90611199517215,24.645512034059543],[99.90606160271412,24.6455968724332],[99.90613159205685,24.64563121571197]]]]},"properties":{"id":"926","kind":"old","heightM":11.8,"areaM2":85.8,"centerLongitude":99.906122,"centerLatitude":24.645572}},{"type":"Feature","id":"building-927","geometry":{"type":"MultiPolygon","coordinates":[[[[99.9058923423839,24.645398131703544],[99.90590326179608,24.645360581811165],[99.90582897201786,24.645342735117115],[99.90581805260568,24.645380285014866],[99.9058923423839,24.645398131703544]]]]},"properties":{"id":"927","kind":"new","heightM":8.6,"areaM2":33.4,"centerLongitude":99.905861,"centerLatitude":24.64537}},{"type":"Feature","id":"building-928","geometry":{"type":"MultiPolygon","coordinates":[[[[99.90616357286702,24.645119341483273],[99.90615655629331,24.64516866113264],[99.90623221862235,24.645177553643602],[99.90623923519605,24.64512823399774],[99.90616357286702,24.645119341483273]]]]},"properties":{"id":"928","kind":"old","heightM":8.5,"areaM2":42.4,"centerLongitude":99.906198,"centerLatitude":24.645148}},{"type":"Feature","id":"building-929","geometry":{"type":"MultiPolygon","coordinates":[[[[99.90586712395842,24.644786002568818],[99.90584039158477,24.644851758416344],[99.90600635475286,24.644907497086585],[99.9060330871265,24.644841741268404],[99.90586712395842,24.644786002568818]]]]},"properties":{"id":"929","kind":"new","heightM":19.7,"areaM2":138.7,"centerLongitude":99.905937,"centerLatitude":24.644847}},{"type":"Feature","id":"building-930","geometry":{"type":"MultiPolygon","coordinates":[[[[99.90566205300696,24.644506853267778],[99.90569591384306,24.64444108298774],[99.90557551761785,24.644389876449786],[99.90554165678174,24.644455646756793],[99.90566205300696,24.644506853267778]]]]},"properties":{"id":"930","kind":"new","heightM":14.8,"areaM2":107.9,"centerLongitude":99.905619,"centerLatitude":24.644448}},{"type":"Feature","id":"building-931","geometry":{"type":"MultiPolygon","coordinates":[[[[99.90647342206186,24.64246714902643],[99.90648452228015,24.642408466491727],[99.90637995124251,24.642392124961663],[99.90636885102423,24.64245080750404],[99.90647342206186,24.64246714902643]]]]},"properties":{"id":"931","kind":"new","heightM":11.8,"areaM2":70.7,"centerLongitude":99.906427,"centerLatitude":24.64243}},{"type":"Feature","id":"building-932","geometry":{"type":"MultiPolygon","coordinates":[[[[99.90645819402162,24.64249366762656],[99.90640397197663,24.642496820341194],[99.9064110249509,24.642597032741868],[99.9064652469959,24.64259388002977],[99.90645819402162,24.64249366762656]]]]},"properties":{"id":"932","kind":"new","heightM":12.3,"areaM2":61,"centerLongitude":99.906435,"centerLatitude":24.642545}},{"type":"Feature","id":"building-933","geometry":{"type":"MultiPolygon","coordinates":[[[[99.90879204780232,24.642723752603043],[99.90879907591392,24.6427779549743],[99.90890809406363,24.64276627678711],[99.90890106595205,24.642712074410788],[99.90879204780232,24.642723752603043]]]]},"properties":{"id":"933","kind":"old","heightM":12.2,"areaM2":67,"centerLongitude":99.90885,"centerLatitude":24.642745}},{"type":"Feature","id":"building-934","geometry":{"type":"MultiPolygon","coordinates":[[[[99.91215862911426,24.642940691358003],[99.91213937788483,24.642904618393253],[99.91206522310246,24.64293731261061],[99.91208447433188,24.642973385565924],[99.91215862911426,24.642940691358003]]]]},"properties":{"id":"934","kind":"old","heightM":9.2,"areaM2":37,"centerLongitude":99.912112,"centerLatitude":24.642939}},{"type":"Feature","id":"building-935","geometry":{"type":"MultiPolygon","coordinates":[[[[99.91001872454001,24.641084418737723],[99.91006758894515,24.641049611542353],[99.90996931908875,24.640935635856984],[99.9099204546836,24.64097044308411],[99.91001872454001,24.641084418737723]]]]},"properties":{"id":"935","kind":"new","heightM":17.7,"areaM2":100.5,"centerLongitude":99.909994,"centerLatitude":24.64101}},{"type":"Feature","id":"building-936","geometry":{"type":"MultiPolygon","coordinates":[[[[99.9093446460125,24.64075064378168],[99.90932722530576,24.640812871178035],[99.90944845334857,24.640840909828505],[99.90946587405531,24.64077868244612],[99.9093446460125,24.64075064378168]]]]},"properties":{"id":"936","kind":"old","heightM":13.9,"areaM2":89.8,"centerLongitude":99.909397,"centerLatitude":24.640796}},{"type":"Feature","id":"building-937","geometry":{"type":"MultiPolygon","coordinates":[[[[99.90944513092914,24.64075606763265],[99.90946116256714,24.640689400560984],[99.90934749751547,24.640666818474397],[99.90933146587749,24.640733485558115],[99.90944513092914,24.64075606763265]]]]},"properties":{"id":"937","kind":"old","heightM":13,"areaM2":88.8,"centerLongitude":99.909396,"centerLatitude":24.640711}},{"type":"Feature","id":"building-938","geometry":{"type":"MultiPolygon","coordinates":[[[[99.91165324828862,24.639951667764972],[99.91162655643924,24.639880418114764],[99.91151322730515,24.639915494401574],[99.91153991915452,24.639986744031777],[99.91165324828862,24.639951667764972]]]]},"properties":{"id":"938","kind":"new","heightM":13.3,"areaM2":100.8,"centerLongitude":99.911583,"centerLatitude":24.639934}},{"type":"Feature","id":"building-939","geometry":{"type":"MultiPolygon","coordinates":[[[[99.90913337847701,24.63798315674463],[99.90907910651619,24.637924067452953],[99.90900051646766,24.63798370557788],[99.90905478842846,24.63804279484135],[99.90913337847701,24.63798315674463]]]]},"properties":{"id":"939","kind":"new","heightM":11.4,"areaM2":88.1,"centerLongitude":99.909067,"centerLatitude":24.637983}},{"type":"Feature","id":"building-940","geometry":{"type":"MultiPolygon","coordinates":[[[[99.91281005949948,24.63809133392499],[99.91276281137733,24.638135610385266],[99.91287382560913,24.63823348693548],[99.91292107373127,24.63818921050989],[99.91281005949948,24.63809133392499]]]]},"properties":{"id":"940","kind":"old","heightM":17.2,"areaM2":106.7,"centerLongitude":99.912842,"centerLatitude":24.638162}},{"type":"Feature","id":"building-941","geometry":{"type":"MultiPolygon","coordinates":[[[[99.9130904402174,24.63819802980675],[99.91308753609526,24.638124140468225],[99.91298225923704,24.63812755911626],[99.9129851633592,24.63820144845277],[99.9130904402174,24.63819802980675]]]]},"properties":{"id":"941","kind":"new","heightM":11.7,"areaM2":87.1,"centerLongitude":99.913036,"centerLatitude":24.638163}},{"type":"Feature","id":"building-942","geometry":{"type":"MultiPolygon","coordinates":[[[[99.91345498639049,24.638231919912233],[99.91348473218784,24.638306042446764],[99.91364015042717,24.638254511893884],[99.91361040462982,24.638180389328777],[99.91345498639049,24.638231919912233]]]]},"properties":{"id":"942","kind":"new","heightM":18.4,"areaM2":146,"centerLongitude":99.913548,"centerLatitude":24.638243}},{"type":"Feature","id":"building-943","geometry":{"type":"MultiPolygon","coordinates":[[[[99.9112162843774,24.636320493372303],[99.911292078964,24.636316088190036],[99.91128285682451,24.63618498680073],[99.91120706223792,24.636189391987617],[99.9112162843774,24.636320493372303]]]]},"properties":{"id":"943","kind":"old","heightM":16.1,"areaM2":111.6,"centerLongitude":99.91125,"centerLatitude":24.636253}},{"type":"Feature","id":"building-944","geometry":{"type":"MultiPolygon","coordinates":[[[[99.90761672558895,24.634823848289717],[99.90782511043149,24.635025557785735],[99.90797836341531,24.634894742241876],[99.90776997857277,24.634693032534667],[99.90761672558895,24.634823848289717]]]]},"properties":{"id":"944","kind":"new","heightM":33.9,"areaM2":650.6,"centerLongitude":99.907798,"centerLatitude":24.634859}},{"type":"Feature","id":"building-945","geometry":{"type":"MultiPolygon","coordinates":[[[[99.90493511083605,24.63507489724562],[99.90492013751553,24.63512265991103],[99.90499177779978,24.63514121642083],[99.90500675112033,24.63509345376251],[99.90493511083605,24.63507489724562]]]]},"properties":{"id":"945","kind":"old","heightM":8.3,"areaM2":41.4,"centerLongitude":99.904963,"centerLatitude":24.635108}},{"type":"Feature","id":"building-946","geometry":{"type":"MultiPolygon","coordinates":[[[[99.90524091116477,24.635425775068377],[99.90529407888097,24.63545158714529],[99.90534227260494,24.63536956656848],[99.90528910488874,24.63534375447462],[99.90524091116477,24.635425775068377]]]]},"properties":{"id":"946","kind":"old","heightM":11.4,"areaM2":62.7,"centerLongitude":99.905292,"centerLatitude":24.635398}},{"type":"Feature","id":"building-947","geometry":{"type":"MultiPolygon","coordinates":[[[[99.90584026455271,24.6346673448648],[99.90590061475847,24.634636954182525],[99.90582386866956,24.634511030482166],[99.90576351846381,24.63454142119506],[99.90584026455271,24.6346673448648]]]]},"properties":{"id":"947","kind":"old","heightM":17.6,"areaM2":111.1,"centerLongitude":99.905832,"centerLatitude":24.634589}},{"type":"Feature","id":"building-948","geometry":{"type":"MultiPolygon","coordinates":[[[[99.90719210122919,24.642101889016132],[99.90725096250569,24.642061577882604],[99.9071085934136,24.641889833816617],[99.90704973213712,24.641930145005567],[99.90719210122919,24.642101889016132]]]]},"properties":{"id":"948","kind":"new","heightM":26.3,"areaM2":177.2,"centerLongitude":99.90715,"centerLatitude":24.641996}},{"type":"Feature","id":"building-949","geometry":{"type":"MultiPolygon","coordinates":[[[[99.90879128685864,24.643002230270557],[99.90878725084826,24.642947848404145],[99.90874669686563,24.642950334893175],[99.90875073287602,24.643004716758497],[99.90879128685864,24.643002230270557]]]]},"properties":{"id":"949","kind":"old","heightM":6.7,"areaM2":24.8,"centerLongitude":99.908769,"centerLatitude":24.642976}},{"type":"Feature","id":"building-950","geometry":{"type":"MultiPolygon","coordinates":[[[[99.90903632685104,24.64349871971374],[99.90903603662517,24.643455176376186],[99.9089132586904,24.643455852437512],[99.90891354891627,24.64349939577483],[99.90903632685104,24.64349871971374]]]]},"properties":{"id":"950","kind":"new","heightM":13.7,"areaM2":59.8,"centerLongitude":99.908975,"centerLatitude":24.643477}},{"type":"Feature","id":"building-951","geometry":{"type":"MultiPolygon","coordinates":[[[[99.9096362992376,24.64056772210225],[99.90960868374817,24.640640605331733],[99.90967235773303,24.64066053767099],[99.90969997322247,24.640587654453146],[99.9096362992376,24.64056772210225]]]]},"properties":{"id":"951","kind":"new","heightM":9.4,"areaM2":58.1,"centerLongitude":99.909654,"centerLatitude":24.640614}},{"type":"Feature","id":"building-952","geometry":{"type":"MultiPolygon","coordinates":[[[[99.90923005367792,24.639226807540325],[99.90918190263827,24.639240498906638],[99.90919961543551,24.639291965652752],[99.90924776647516,24.639278274292078],[99.90923005367792,24.639226807540325]]]]},"properties":{"id":"952","kind":"old","heightM":6.6,"areaM2":30.4,"centerLongitude":99.909215,"centerLatitude":24.639259}},{"type":"Feature","id":"building-953","geometry":{"type":"MultiPolygon","coordinates":[[[[99.90983785530113,24.639159559771624],[99.9098859216843,24.639252888932884],[99.90998942261245,24.639208848738612],[99.90994135622927,24.639115519544443],[99.90983785530113,24.639159559771624]]]]},"properties":{"id":"953","kind":"new","heightM":12.7,"areaM2":131.7,"centerLongitude":99.909914,"centerLatitude":24.639184}},{"type":"Feature","id":"building-954","geometry":{"type":"MultiPolygon","coordinates":[[[[99.9107870519815,24.638866744969306],[99.91082107923961,24.638829954023308],[99.91071444021594,24.63874846749016],[99.91068041295783,24.638785258460153],[99.9107870519815,24.638866744969306]]]]},"properties":{"id":"954","kind":"old","heightM":15.5,"areaM2":74.9,"centerLongitude":99.910751,"centerLatitude":24.638808}},{"type":"Feature","id":"building-955","geometry":{"type":"MultiPolygon","coordinates":[[[[99.9082034322973,24.636701800173658],[99.90822184607877,24.636769344279166],[99.9082812856355,24.636755955864285],[99.908262871854,24.636688411751532],[99.9082034322973,24.636701800173658]]]]},"properties":{"id":"955","kind":"new","heightM":8.5,"areaM2":47.7,"centerLongitude":99.908242,"centerLatitude":24.636729}},{"type":"Feature","id":"building-956","geometry":{"type":"MultiPolygon","coordinates":[[[[99.90679883726634,24.642461430008243],[99.90684705854952,24.642507874034283],[99.90705192263495,24.642332149198616],[99.90700370135175,24.64228570510723],[99.90679883726634,24.642461430008243]]]]},"properties":{"id":"956","kind":"new","heightM":31.4,"areaM2":201.2,"centerLongitude":99.906925,"centerLatitude":24.642397}},{"type":"Feature","id":"building-957","geometry":{"type":"MultiPolygon","coordinates":[[[[99.91033796554038,24.638935505997246],[99.91044835417595,24.638934493361667],[99.91044675912325,24.638790835516545],[99.91033637048766,24.638791848153293],[99.91033796554038,24.638935505997246]]]]},"properties":{"id":"957","kind":"new","heightM":17.6,"areaM2":177.4,"centerLongitude":99.910392,"centerLatitude":24.638863}},{"type":"Feature","id":"building-958","geometry":{"type":"MultiPolygon","coordinates":[[[[99.90766805402643,24.642425406936066],[99.90769803472885,24.642475212059484],[99.90773931020365,24.642454685401898],[99.90770932950122,24.64240488027029],[99.90766805402643,24.642425406936066]]]]},"properties":{"id":"958","kind":"new","heightM":7,"areaM2":29.9,"centerLongitude":99.907704,"centerLatitude":24.64244}},{"type":"Feature","id":"building-959","geometry":{"type":"MultiPolygon","coordinates":[[[[99.90775421667874,24.64236581983324],[99.90772066514425,24.64239638398516],[99.90776333379625,24.642435080134373],[99.90779688533074,24.642404515991924],[99.90775421667874,24.64236581983324]]]]},"properties":{"id":"959","kind":"old","heightM":6.7,"areaM2":29.1,"centerLongitude":99.907759,"centerLatitude":24.6424}},{"type":"Feature","id":"building-960","geometry":{"type":"MultiPolygon","coordinates":[[[[99.90885236304779,24.6435701682864],[99.9087447657339,24.643570368614583],[99.90874502961873,24.643687459809197],[99.90885262693261,24.643687259481204],[99.90885236304779,24.6435701682864]]]]},"properties":{"id":"960","kind":"new","heightM":14.3,"areaM2":140.9,"centerLongitude":99.908799,"centerLatitude":24.643629}},{"type":"Feature","id":"building-961","geometry":{"type":"MultiPolygon","coordinates":[[[[99.904828003667,24.646009754805],[99.90481458032777,24.64620250870919],[99.90491175651493,24.646208099199434],[99.90492517985416,24.646015345303873],[99.904828003667,24.646009754805]]]]},"properties":{"id":"961","kind":"new","heightM":23.7,"areaM2":210.3,"centerLongitude":99.90487,"centerLatitude":24.646109}},{"type":"Feature","id":"building-962","geometry":{"type":"MultiPolygon","coordinates":[[[[99.91027054656811,24.637846238824476],[99.91019423216311,24.637842992238394],[99.9101913156098,24.63789963440788],[99.91026763001481,24.637902880992492],[99.91027054656811,24.637846238824476]]]]},"properties":{"id":"962","kind":"new","heightM":8.5,"areaM2":48.4,"centerLongitude":99.910231,"centerLatitude":24.637873}},{"type":"Feature","id":"building-963","geometry":{"type":"MultiPolygon","coordinates":[[[[99.91029857795866,24.63782442763483],[99.91029808998263,24.63776367109345],[99.91019424152461,24.637764360215915],[99.91019472950062,24.63782511675696],[99.91029857795866,24.63782442763483]]]]},"properties":{"id":"963","kind":"new","heightM":11.6,"areaM2":70.6,"centerLongitude":99.910246,"centerLatitude":24.637794}},{"type":"Feature","id":"building-964","geometry":{"type":"MultiPolygon","coordinates":[[[[99.91040411381088,24.637904359045514],[99.91040728432613,24.637854392203344],[99.91032028946864,24.637849831499945],[99.9103171189534,24.63789979834394],[99.91040411381088,24.637904359045514]]]]},"properties":{"id":"964","kind":"new","heightM":9.7,"areaM2":48.8,"centerLongitude":99.910362,"centerLatitude":24.637877}},{"type":"Feature","id":"building-965","geometry":{"type":"MultiPolygon","coordinates":[[[[99.9104081792167,24.637768684481166],[99.91031444671016,24.637769123424412],[99.9103147372902,24.63782039049941],[99.91040846979675,24.637819951556345],[99.9104081792167,24.637768684481166]]]]},"properties":{"id":"965","kind":"new","heightM":10.4,"areaM2":53.7,"centerLongitude":99.910361,"centerLatitude":24.637795}},{"type":"Feature","id":"building-966","geometry":{"type":"MultiPolygon","coordinates":[[[[99.90971326625764,24.636659240094808],[99.9096751363723,24.636738000443355],[99.90981120103673,24.636792425816388],[99.90984933092206,24.636713665502153],[99.90971326625764,24.636659240094808]]]]},"properties":{"id":"966","kind":"old","heightM":16.5,"areaM2":143.1,"centerLongitude":99.909762,"centerLatitude":24.636726}},{"type":"Feature","id":"building-967","geometry":{"type":"MultiPolygon","coordinates":[[[[99.89255625089186,24.67770538714929],[99.89249664138512,24.677722619381143],[99.89255886754763,24.677900348944405],[99.89261847705438,24.67788311673711],[99.89255625089186,24.67770538714929]]]]},"properties":{"id":"967","kind":"old","heightM":22.8,"areaM2":130.5,"centerLongitude":99.892558,"centerLatitude":24.677803}},{"type":"Feature","id":"building-968","geometry":{"type":"MultiPolygon","coordinates":[[[[99.8926292169136,24.677679837979007],[99.89256612073169,24.677698722948882],[99.89262507305978,24.67786135292414],[99.89268816924171,24.677842467978902],[99.8926292169136,24.677679837979007]]]]},"properties":{"id":"968","kind":"old","heightM":21,"areaM2":127.2,"centerLongitude":99.892627,"centerLatitude":24.677771}},{"type":"Feature","id":"building-969","geometry":{"type":"MultiPolygon","coordinates":[[[[99.89237436744732,24.677689477814166],[99.8922889139919,24.677715920935903],[99.89232600426101,24.67781488778516],[99.8924114577164,24.677788444684403],[99.89237436744732,24.677689477814166]]]]},"properties":{"id":"969","kind":"old","heightM":12.8,"areaM2":105.5,"centerLongitude":99.89235,"centerLatitude":24.677752}},{"type":"Feature","id":"building-970","geometry":{"type":"MultiPolygon","coordinates":[[[[99.89236504293802,24.67783063166624],[99.89239896314501,24.6779057391806],[99.89244973679293,24.677886805925116],[99.89241581658595,24.677811698399356],[99.89236504293802,24.67783063166624]]]]},"properties":{"id":"970","kind":"old","heightM":9.9,"areaM2":49.8,"centerLongitude":99.892407,"centerLatitude":24.677859}},{"type":"Feature","id":"building-971","geometry":{"type":"MultiPolygon","coordinates":[[[[99.89245201170284,24.67798260803055],[99.89243119588483,24.67794179924804],[99.8923621029264,24.677970898707404],[99.89238291874445,24.67801170748039],[99.89245201170284,24.67798260803055]]]]},"properties":{"id":"971","kind":"old","heightM":8.5,"areaM2":38.3,"centerLongitude":99.892407,"centerLatitude":24.677977}},{"type":"Feature","id":"building-972","geometry":{"type":"MultiPolygon","coordinates":[[[[99.89226990724984,24.677693612385703],[99.89221954398371,24.677706883601626],[99.89226179599373,24.677839276101672],[99.89231215925986,24.67782600489984],[99.89226990724984,24.677693612385703]]]]},"properties":{"id":"972","kind":"new","heightM":16.9,"areaM2":80.8,"centerLongitude":99.892266,"centerLatitude":24.677766}},{"type":"Feature","id":"building-973","geometry":{"type":"MultiPolygon","coordinates":[[[[99.89111220284165,24.676479560018993],[99.89103622911824,24.67644003063737],[99.89097380505892,24.676539094903195],[99.89104977878235,24.676578624253413],[99.89111220284165,24.676479560018993]]]]},"properties":{"id":"973","kind":"new","heightM":14,"areaM2":111.8,"centerLongitude":99.891043,"centerLatitude":24.676509}},{"type":"Feature","id":"building-974","geometry":{"type":"MultiPolygon","coordinates":[[[[99.891240039229,24.67654368226584],[99.89111551278265,24.676488206624125],[99.89104048960888,24.67662725819116],[99.89116501605523,24.676682733771017],[99.891240039229,24.67654368226584]]]]},"properties":{"id":"974","kind":"new","heightM":19,"areaM2":240.2,"centerLongitude":99.89114,"centerLatitude":24.676585}},{"type":"Feature","id":"building-975","geometry":{"type":"MultiPolygon","coordinates":[[[[99.89132595311256,24.676595195577722],[99.89124451504502,24.676558604745377],[99.89118429465154,24.67666927210459],[99.89126573271908,24.676705862904463],[99.89132595311256,24.676595195577722]]]]},"properties":{"id":"975","kind":"new","heightM":15.1,"areaM2":125.4,"centerLongitude":99.891255,"centerLatitude":24.676632}},{"type":"Feature","id":"building-976","geometry":{"type":"MultiPolygon","coordinates":[[[[99.89099089663708,24.675779959381984],[99.89105172864078,24.675780339908442],[99.89105259822702,24.675665554522727],[99.89099176622334,24.67566517399592],[99.89099089663708,24.675779959381984]]]]},"properties":{"id":"976","kind":"new","heightM":14.1,"areaM2":78.1,"centerLongitude":99.891022,"centerLatitude":24.675723}},{"type":"Feature","id":"building-977","geometry":{"type":"MultiPolygon","coordinates":[[[[99.89153525711284,24.67594798295226],[99.89147335488305,24.67594984160688],[99.8914771762685,24.676054929708588],[99.89153907849828,24.67605307105553],[99.89153525711284,24.67594798295226]]]]},"properties":{"id":"977","kind":"new","heightM":12.9,"areaM2":72.8,"centerLongitude":99.891506,"centerLatitude":24.676001}},{"type":"Feature","id":"building-978","geometry":{"type":"MultiPolygon","coordinates":[[[[99.89144373090694,24.675951564241334],[99.89137871569655,24.67595109439002],[99.8913778477061,24.67605026764676],[99.89144286291648,24.676050737497704],[99.89144373090694,24.675951564241334]]]]},"properties":{"id":"978","kind":"new","heightM":12.1,"areaM2":72.1,"centerLongitude":99.891411,"centerLatitude":24.676001}},{"type":"Feature","id":"building-979","geometry":{"type":"MultiPolygon","coordinates":[[[[99.8914981155254,24.676113464449376],[99.891498505318,24.67606068051501],[99.89141388260573,24.676060164522767],[99.89141349281313,24.676112948457348],[99.8914981155254,24.676113464449376]]]]},"properties":{"id":"979","kind":"new","heightM":9.4,"areaM2":50,"centerLongitude":99.891456,"centerLatitude":24.676087}},{"type":"Feature","id":"building-980","geometry":{"type":"MultiPolygon","coordinates":[[[[99.89148915705091,24.675774901395556],[99.89137871554412,24.67577356033103],[99.8913767191945,24.67590931210674],[99.89148716070129,24.675910653169804],[99.89148915705091,24.675774901395556]]]]},"properties":{"id":"980","kind":"old","heightM":16.6,"areaM2":167.7,"centerLongitude":99.891433,"centerLatitude":24.675842}},{"type":"Feature","id":"building-981","geometry":{"type":"MultiPolygon","coordinates":[[[[99.89172193475102,24.675457832623845],[99.89164060558193,24.67545671338285],[99.89163881704984,24.675564025308752],[99.89172014621894,24.675565144548788],[99.89172193475102,24.675457832623845]]]]},"properties":{"id":"981","kind":"old","heightM":13.1,"areaM2":97.6,"centerLongitude":99.89168,"centerLatitude":24.675511}},{"type":"Feature","id":"building-982","geometry":{"type":"MultiPolygon","coordinates":[[[[99.8917395255242,24.67558575368521],[99.8918144812115,24.675586637852625],[99.89181585555056,24.6754904341129],[99.89174089986324,24.675489549944807],[99.8917395255242,24.67558575368521]]]]},"properties":{"id":"982","kind":"old","heightM":11.8,"areaM2":80.7,"centerLongitude":99.891778,"centerLatitude":24.675538}},{"type":"Feature","id":"building-983","geometry":{"type":"MultiPolygon","coordinates":[[[[99.89182156965582,24.675404320585606],[99.89174597443179,24.67540298110202],[99.89174446299056,24.675473414266026],[99.89182005821459,24.67547475374886],[99.89182156965582,24.675404320585606]]]]},"properties":{"id":"983","kind":"new","heightM":8.6,"areaM2":59.6,"centerLongitude":99.891783,"centerLatitude":24.675439}},{"type":"Feature","id":"building-984","geometry":{"type":"MultiPolygon","coordinates":[[[[99.89160132304981,24.674362755009255],[99.8915226109267,24.67431888790961],[99.89145959761413,24.67441225018338],[99.89153830973723,24.674456117250195],[99.89160132304981,24.674362755009255]]]]},"properties":{"id":"984","kind":"old","heightM":13.4,"areaM2":113.1,"centerLongitude":99.89153,"centerLatitude":24.674388}},{"type":"Feature","id":"building-985","geometry":{"type":"MultiPolygon","coordinates":[[[[99.89143306533161,24.674413503458346],[99.89138039236671,24.674388323049694],[99.89131519415606,24.67450093813927],[99.89136786712095,24.674526118525183],[99.89143306533161,24.674413503458346]]]]},"properties":{"id":"985","kind":"old","heightM":15.6,"areaM2":84.7,"centerLongitude":99.891374,"centerLatitude":24.674457}},{"type":"Feature","id":"building-986","geometry":{"type":"MultiPolygon","coordinates":[[[[99.89152129852641,24.67446758926281],[99.89143314037676,24.674426525740504],[99.89137708347036,24.674525899344832],[99.89146524162001,24.674566962834422],[99.89152129852641,24.67446758926281]]]]},"properties":{"id":"986","kind":"old","heightM":13.7,"areaM2":123.7,"centerLongitude":99.891449,"centerLatitude":24.674497}},{"type":"Feature","id":"building-987","geometry":{"type":"MultiPolygon","coordinates":[[[[99.89141604677128,24.67462687115882],[99.89144652059949,24.674573726966837],[99.89132459844113,24.674515998672685],[99.89129412461294,24.674569142889265],[99.89141604677128,24.67462687115882]]]]},"properties":{"id":"987","kind":"new","heightM":15.3,"areaM2":92.1,"centerLongitude":99.89137,"centerLatitude":24.674571}},{"type":"Feature","id":"building-988","geometry":{"type":"MultiPolygon","coordinates":[[[[99.89135400373637,24.674613394435717],[99.89128503610875,24.6745876721374],[99.89125418222909,24.674655981448364],[99.89132314985672,24.6746817037326],[99.89135400373637,24.674613394435717]]]]},"properties":{"id":"988","kind":"new","heightM":9,"areaM2":61.6,"centerLongitude":99.891304,"centerLatitude":24.674635}},{"type":"Feature","id":"building-989","geometry":{"type":"MultiPolygon","coordinates":[[[[99.8914098037449,24.674656425936774],[99.89135461816369,24.674633538847953],[99.89129985666969,24.674742568487275],[99.8913550422509,24.67476545555609],[99.8914098037449,24.674656425936774]]]]},"properties":{"id":"989","kind":"new","heightM":14.7,"areaM2":81.3,"centerLongitude":99.891355,"centerLatitude":24.674699}},{"type":"Feature","id":"building-990","geometry":{"type":"MultiPolygon","coordinates":[[[[99.89206138788632,24.674327789409475],[99.8919963131905,24.67429864557449],[99.89194804974332,24.674387631303578],[99.89201312443913,24.67441677511777],[99.89206138788632,24.674327789409475]]]]},"properties":{"id":"990","kind":"new","heightM":12.2,"areaM2":80.5,"centerLongitude":99.892005,"centerLatitude":24.674358}},{"type":"Feature","id":"building-991","geometry":{"type":"MultiPolygon","coordinates":[[[[99.89258375218756,24.674421460196243],[99.89262678950931,24.674339879433365],[99.89252194639455,24.674294209137663],[99.89247890907279,24.67437578993042],[99.89258375218756,24.674421460196243]]]]},"properties":{"id":"991","kind":"new","heightM":12.9,"areaM2":117.6,"centerLongitude":99.892553,"centerLatitude":24.674358}},{"type":"Feature","id":"building-992","geometry":{"type":"MultiPolygon","coordinates":[[[[99.89303196522776,24.677216881872084],[99.89312201737432,24.67721225691377],[99.89311498549039,24.67709920585861],[99.89302493334381,24.677103830821117],[99.89303196522776,24.677216881872084]]]]},"properties":{"id":"992","kind":"new","heightM":13.9,"areaM2":114.2,"centerLongitude":99.893073,"centerLatitude":24.677158}},{"type":"Feature","id":"building-993","geometry":{"type":"MultiPolygon","coordinates":[[[[99.89313775185579,24.677222689788223],[99.89321556678793,24.677218611833894],[99.89320788385635,24.67709756199909],[99.89313006892422,24.677101639957375],[99.89313775185579,24.677222689788223]]]]},"properties":{"id":"993","kind":"new","heightM":14.9,"areaM2":105.7,"centerLongitude":99.893173,"centerLatitude":24.67716}},{"type":"Feature","id":"building-994","geometry":{"type":"MultiPolygon","coordinates":[[[[99.89337076918294,24.677425039219074],[99.89341913728259,24.677407420002584],[99.89338921009184,24.677339585037938],[99.8933408419922,24.677357204264013],[99.89337076918294,24.677425039219074]]]]},"properties":{"id":"994","kind":"new","heightM":9,"areaM2":42.6,"centerLongitude":99.89338,"centerLatitude":24.677382}},{"type":"Feature","id":"building-995","geometry":{"type":"MultiPolygon","coordinates":[[[[99.89353841177898,24.677390290423997],[99.8935105034469,24.67734286359153],[99.8934177539698,24.677387928308875],[99.89344566230186,24.677435355124196],[99.89353841177898,24.677390290423997]]]]},"properties":{"id":"995","kind":"new","heightM":11.7,"areaM2":63.3,"centerLongitude":99.893478,"centerLatitude":24.677389}},{"type":"Feature","id":"building-996","geometry":{"type":"MultiPolygon","coordinates":[[[[99.89348507837632,24.677292158114582],[99.89345654592377,24.677250252290886],[99.89337400536334,24.677296655520436],[99.89340253781589,24.67733856132854],[99.89348507837632,24.677292158114582]]]]},"properties":{"id":"996","kind":"new","heightM":10.8,"areaM2":53.5,"centerLongitude":99.89343,"centerLatitude":24.677294}},{"type":"Feature","id":"building-997","geometry":{"type":"MultiPolygon","coordinates":[[[[99.89351691169792,24.67734084913127],[99.8935993187526,24.677309609489363],[99.89355965477755,24.677223218093733],[99.89347724772286,24.677254457757282],[99.89351691169792,24.67734084913127]]]]},"properties":{"id":"997","kind":"new","heightM":11.5,"areaM2":93.5,"centerLongitude":99.893538,"centerLatitude":24.677282}},{"type":"Feature","id":"building-998","geometry":{"type":"MultiPolygon","coordinates":[[[[99.89360490814592,24.677307969737516],[99.89367252131623,24.677283894171566],[99.89363783659152,24.677203465825823],[99.89357022342121,24.6772275414073],[99.89360490814592,24.677307969737516]]]]},"properties":{"id":"998","kind":"new","heightM":10.6,"areaM2":70.2,"centerLongitude":99.893621,"centerLatitude":24.677256}},{"type":"Feature","id":"building-999","geometry":{"type":"MultiPolygon","coordinates":[[[[99.89364447178926,24.677392249429705],[99.89371466153699,24.677362047646294],[99.89367581608391,24.677287506372792],[99.89360562633618,24.677317708174254],[99.89364447178926,24.677392249429705]]]]},"properties":{"id":"999","kind":"new","heightM":10.1,"areaM2":71.6,"centerLongitude":99.89366,"centerLatitude":24.67734}},{"type":"Feature","id":"building-1000","geometry":{"type":"MultiPolygon","coordinates":[[[[99.89291190995681,24.676748379995498],[99.89297465934314,24.676747121407317],[99.89297286829718,24.67667339001701],[99.89291011891085,24.676674648605935],[99.89291190995681,24.676748379995498]]]]},"properties":{"id":"1000","kind":"new","heightM":9,"areaM2":51.8,"centerLongitude":99.892942,"centerLatitude":24.676711}},{"type":"Feature","id":"building-1001","geometry":{"type":"MultiPolygon","coordinates":[[[[99.89307645410783,24.67671935087577],[99.89307371419164,24.67666697073245],[99.8929751991972,24.676671225669356],[99.8929779391134,24.676723605810892],[99.89307645410783,24.67671935087577]]]]},"properties":{"id":"1001","kind":"new","heightM":11,"areaM2":57.8,"centerLongitude":99.893026,"centerLatitude":24.676695}},{"type":"Feature","id":"building-1002","geometry":{"type":"MultiPolygon","coordinates":[[[[99.89306062626963,24.67679924097439],[99.8930624370011,24.676743734942026],[99.89298091432596,24.676741539045107],[99.89297910359447,24.676797045078445],[99.89306062626963,24.67679924097439]]]]},"properties":{"id":"1002","kind":"new","heightM":9.1,"areaM2":50.6,"centerLongitude":99.893021,"centerLatitude":24.67677}},{"type":"Feature","id":"building-1003","geometry":{"type":"MultiPolygon","coordinates":[[[[99.89315372268165,24.6768007281375],[99.89315424141536,24.67674397629556],[99.89306776465271,24.67674332364066],[99.89306724591899,24.676800075482898],[99.89315372268165,24.6768007281375]]]]},"properties":{"id":"1003","kind":"new","heightM":9.6,"areaM2":54.9,"centerLongitude":99.893111,"centerLatitude":24.676772}},{"type":"Feature","id":"building-1004","geometry":{"type":"MultiPolygon","coordinates":[[[[99.89332473466865,24.676760432572493],[99.89328651092904,24.676685474791206],[99.89315565785188,24.67674057082342],[99.89319388159146,24.676815528571584],[99.89332473466865,24.676760432572493]]]]},"properties":{"id":"1004","kind":"new","heightM":16.1,"areaM2":133.2,"centerLongitude":99.89324,"centerLatitude":24.676751}},{"type":"Feature","id":"building-1005","geometry":{"type":"MultiPolygon","coordinates":[[[[99.89330615411627,24.6768295645224],[99.89328552499242,24.676790298166797],[99.89320433339161,24.676825518267385],[99.89322496251546,24.6768647846119],[99.89330615411627,24.6768295645224]]]]},"properties":{"id":"1005","kind":"new","heightM":10,"areaM2":43.8,"centerLongitude":99.893255,"centerLatitude":24.676828}},{"type":"Feature","id":"building-1006","geometry":{"type":"MultiPolygon","coordinates":[[[[99.89337659665273,24.676902604547244],[99.89334156129924,24.676833485384],[99.89322464898699,24.67688241673478],[99.89325968434049,24.676951535870906],[99.89337659665273,24.676902604547244]]]]},"properties":{"id":"1006","kind":"new","heightM":14.3,"areaM2":109.5,"centerLongitude":99.893301,"centerLatitude":24.676893}},{"type":"Feature","id":"building-1007","geometry":{"type":"MultiPolygon","coordinates":[[[[99.89355892559449,24.676679004764235],[99.89353294376563,24.676612157590156],[99.89338807922927,24.67665864862564],[99.89341406105814,24.6767254957748],[99.89355892559449,24.676679004764235]]]]},"properties":{"id":"1007","kind":"new","heightM":17.1,"areaM2":121.8,"centerLongitude":99.893474,"centerLatitude":24.676669}},{"type":"Feature","id":"building-1008","geometry":{"type":"MultiPolygon","coordinates":[[[[99.89353752491655,24.676803872872277],[99.89361111867919,24.67679341614184],[99.89359360465625,24.676691638923582],[99.8935200108936,24.676702095662552],[99.89353752491655,24.676803872872277]]]]},"properties":{"id":"1008","kind":"new","heightM":12.6,"areaM2":85.8,"centerLongitude":99.893566,"centerLatitude":24.676748}},{"type":"Feature","id":"building-1009","geometry":{"type":"MultiPolygon","coordinates":[[[[99.89344146843078,24.67685188375594],[99.89351694187108,24.676838272919593],[99.89349197346527,24.676723953655646],[99.89341650002498,24.676737564504474],[99.89344146843078,24.67685188375594]]]]},"properties":{"id":"1009","kind":"new","heightM":14.3,"areaM2":100.3,"centerLongitude":99.893467,"centerLatitude":24.676788}},{"type":"Feature","id":"building-1010","geometry":{"type":"MultiPolygon","coordinates":[[[[99.89296489262198,24.676289976832606],[99.89302809587309,24.676281414899233],[99.89301531495636,24.676203512169597],[99.89295211170524,24.676212074108317],[99.89296489262198,24.676289976832606]]]]},"properties":{"id":"1010","kind":"new","heightM":9.6,"areaM2":56.3,"centerLongitude":99.89299,"centerLatitude":24.676247}},{"type":"Feature","id":"building-1011","geometry":{"type":"MultiPolygon","coordinates":[[[[99.8928873544125,24.676189991976624],[99.89298636779753,24.676167148481174],[99.8929502267174,24.676037801459753],[99.89285121333236,24.676060644978897],[99.8928873544125,24.676189991976624]]]]},"properties":{"id":"1011","kind":"new","heightM":16.3,"areaM2":152.5,"centerLongitude":99.892919,"centerLatitude":24.676114}},{"type":"Feature","id":"building-1012","geometry":{"type":"MultiPolygon","coordinates":[[[[99.89299344615397,24.67614304511551],[99.89305645226297,24.6761280019232],[99.89302705137904,24.676026323867344],[99.89296404527003,24.67604136707192],[99.89299344615397,24.67614304511551]]]]},"properties":{"id":"1012","kind":"old","heightM":12.9,"areaM2":76.6,"centerLongitude":99.89301,"centerLatitude":24.676085}},{"type":"Feature","id":"building-1013","geometry":{"type":"MultiPolygon","coordinates":[[[[99.89328300049894,24.67617337992861],[99.8932660422538,24.676107151986674],[99.8931440920952,24.67613293573458],[99.89316105034032,24.676199163662822],[99.89328300049894,24.67617337992861]]]]},"properties":{"id":"1013","kind":"old","heightM":13.9,"areaM2":95.2,"centerLongitude":99.893214,"centerLatitude":24.676153}},{"type":"Feature","id":"building-1014","geometry":{"type":"MultiPolygon","coordinates":[[[[99.89313264462288,24.67611389671816],[99.89320728815005,24.67609783729601],[99.8931844509965,24.67601019200493],[99.89310980746933,24.676026251438373],[99.89313264462288,24.67611389671816]]]]},"properties":{"id":"1014","kind":"new","heightM":11,"areaM2":77.3,"centerLongitude":99.893159,"centerLatitude":24.676062}},{"type":"Feature","id":"building-1015","geometry":{"type":"MultiPolygon","coordinates":[[[[99.89324328955966,24.67608534318623],[99.8933055621569,24.676070696631133],[99.89327678891708,24.675969684194513],[99.89321451631986,24.675984330761473],[99.89324328955966,24.67608534318623]]]]},"properties":{"id":"1015","kind":"new","heightM":12.8,"areaM2":75.1,"centerLongitude":99.89326,"centerLatitude":24.676028}},{"type":"Feature","id":"building-1016","geometry":{"type":"MultiPolygon","coordinates":[[[[99.89321116683595,24.675961016348484],[99.89328829264382,24.67594431891161],[99.89326184875524,24.67584346315232],[99.89318472294737,24.675860160602692],[99.89321116683595,24.675961016348484]]]]},"properties":{"id":"1016","kind":"new","heightM":12.7,"areaM2":91.9,"centerLongitude":99.893237,"centerLatitude":24.675902}},{"type":"Feature","id":"building-1017","geometry":{"type":"MultiPolygon","coordinates":[[[[99.89337802444902,24.67584972997122],[99.89345233316651,24.67583686473754],[99.89342817367992,24.67572164257132],[99.89335386496244,24.675734507816887],[99.89337802444902,24.67584972997122]]]]},"properties":{"id":"1017","kind":"old","heightM":14.4,"areaM2":99.2,"centerLongitude":99.893403,"centerLatitude":24.675786}},{"type":"Feature","id":"building-1018","geometry":{"type":"MultiPolygon","coordinates":[[[[99.89396771646285,24.676580033129255],[99.89403611901528,24.676554610793033],[99.89397786243299,24.676425184323648],[99.89390945988056,24.676450606686256],[99.89396771646285,24.676580033129255]]]]},"properties":{"id":"1018","kind":"old","heightM":17.1,"areaM2":115.6,"centerLongitude":99.893973,"centerLatitude":24.676503}},{"type":"Feature","id":"building-1019","geometry":{"type":"MultiPolygon","coordinates":[[[[99.893674378125,24.676465156748108],[99.89372612719204,24.676433031888493],[99.89364501234625,24.676325141270013],[99.89359326327921,24.676357266157424],[99.893674378125,24.676465156748108]]]]},"properties":{"id":"1019","kind":"new","heightM":16,"areaM2":91.6,"centerLongitude":99.89366,"centerLatitude":24.676395}},{"type":"Feature","id":"building-1020","geometry":{"type":"MultiPolygon","coordinates":[[[[99.89373000830834,24.6764172779965],[99.89377740669975,24.67638966982578],[99.89370970229812,24.676293693258163],[99.89366230390672,24.676321301450137],[99.89373000830834,24.6764172779965]]]]},"properties":{"id":"1020","kind":"new","heightM":14,"areaM2":71.8,"centerLongitude":99.89372,"centerLatitude":24.676355}},{"type":"Feature","id":"building-1021","geometry":{"type":"MultiPolygon","coordinates":[[[[99.89386604323582,24.676321232384783],[99.89381369467739,24.676254536085697],[99.89372389195175,24.676312735076348],[99.8937762405102,24.676379431344305],[99.89386604323582,24.676321232384783]]]]},"properties":{"id":"1021","kind":"new","heightM":12.3,"areaM2":101.1,"centerLongitude":99.893795,"centerLatitude":24.676317}},{"type":"Feature","id":"building-1022","geometry":{"type":"MultiPolygon","coordinates":[[[[99.89378283234275,24.676501867835263],[99.89385090959638,24.676462028741014],[99.89379483192968,24.676382905459498],[99.89372675467602,24.67642274457902],[99.89378283234275,24.676501867835263]]]]},"properties":{"id":"1022","kind":"old","heightM":11.5,"areaM2":85.2,"centerLongitude":99.893789,"centerLatitude":24.676442}},{"type":"Feature","id":"building-1023","geometry":{"type":"MultiPolygon","coordinates":[[[[99.89386206839423,24.676449400720006],[99.89393437237118,24.676407691537193],[99.89387563015161,24.676323609538823],[99.89380332617466,24.67636531874976],[99.89386206839423,24.676449400720006]]]]},"properties":{"id":"1023","kind":"old","heightM":12.2,"areaM2":95.4,"centerLongitude":99.893869,"centerLatitude":24.676387}},{"type":"Feature","id":"building-1024","geometry":{"type":"MultiPolygon","coordinates":[[[[99.89434110462123,24.673544336782243],[99.89430282585974,24.67352336042494],[99.89425225720399,24.673599559768274],[99.8942905359655,24.67362053611276],[99.89434110462123,24.673544336782243]]]]},"properties":{"id":"1024","kind":"old","heightM":10.9,"areaM2":44.5,"centerLongitude":99.894297,"centerLatitude":24.673572}},{"type":"Feature","id":"building-1025","geometry":{"type":"MultiPolygon","coordinates":[[[[99.89440998612939,24.674175672579338],[99.89446485334392,24.67417474289602],[99.89446267319015,24.674068499284036],[99.89440780597563,24.674069428968142],[99.89440998612939,24.674175672579338]]]]},"properties":{"id":"1025","kind":"old","heightM":13,"areaM2":65.2,"centerLongitude":99.894436,"centerLatitude":24.674122}},{"type":"Feature","id":"building-1026","geometry":{"type":"MultiPolygon","coordinates":[[[[99.896194557921,24.67174225241464],[99.89614987873998,24.671700609286685],[99.89605306114412,24.671786386278036],[99.89609774032513,24.67182802937735],[99.896194557921,24.67174225241464]]]]},"properties":{"id":"1026","kind":"old","heightM":15.1,"areaM2":87.9,"centerLongitude":99.896124,"centerLatitude":24.671764}},{"type":"Feature","id":"building-1027","geometry":{"type":"MultiPolygon","coordinates":[[[[99.89626578604896,24.671814842806985],[99.89622160537995,24.671776097664008],[99.89611972919893,24.671872024869444],[99.89616390986797,24.671910769982624],[99.89626578604896,24.671814842806985]]]]},"properties":{"id":"1027","kind":"old","heightM":16.3,"areaM2":91.5,"centerLongitude":99.896193,"centerLatitude":24.671843}},{"type":"Feature","id":"building-1028","geometry":{"type":"MultiPolygon","coordinates":[[[[99.89610096670683,24.671939566635153],[99.89614145620415,24.671904846105896],[99.89606070114596,24.671827081976954],[99.89602021164865,24.671861802527854],[99.89610096670683,24.671939566635153]]]]},"properties":{"id":"1028","kind":"old","heightM":13.1,"areaM2":66.6,"centerLongitude":99.896081,"centerLatitude":24.671883}},{"type":"Feature","id":"building-1029","geometry":{"type":"MultiPolygon","coordinates":[[[[99.89517159708787,24.671244056892018],[99.89521292559773,24.671209340696443],[99.89514366169432,24.67114125075846],[99.89510233318445,24.67117596697299],[99.89517159708787,24.671244056892018]]]]},"properties":{"id":"1029","kind":"old","heightM":11.4,"areaM2":58.4,"centerLongitude":99.895158,"centerLatitude":24.671193}},{"type":"Feature","id":"building-1030","geometry":{"type":"MultiPolygon","coordinates":[[[[99.89523293471112,24.671253650570453],[99.89520375563181,24.67122768395347],[99.89514466594947,24.671282514919373],[99.89517384502875,24.67130848152493],[99.89523293471112,24.671253650570453]]]]},"properties":{"id":"1030","kind":"old","heightM":9.4,"areaM2":35.1,"centerLongitude":99.895189,"centerLatitude":24.671268}},{"type":"Feature","id":"building-1031","geometry":{"type":"MultiPolygon","coordinates":[[[[99.90183430678724,24.67323863374344],[99.9018975013947,24.673218340567487],[99.90185548590397,24.67311030073557],[99.9017922912965,24.6731305939291],[99.90183430678724,24.67323863374344]]]]},"properties":{"id":"1031","kind":"old","heightM":14,"areaM2":85.9,"centerLongitude":99.901845,"centerLatitude":24.673174}},{"type":"Feature","id":"building-1032","geometry":{"type":"MultiPolygon","coordinates":[[[[99.9018880214428,24.673288805263386],[99.90186697920647,24.673244401353816],[99.90177815509796,24.673279158613532],[99.90179919733428,24.673323562510735],[99.9018880214428,24.673288805263386]]]]},"properties":{"id":"1032","kind":"old","heightM":10.8,"areaM2":52.3,"centerLongitude":99.901833,"centerLatitude":24.673284}},{"type":"Feature","id":"building-1033","geometry":{"type":"MultiPolygon","coordinates":[[[[99.90224961441201,24.671572236849954],[99.90224915060962,24.671509426259775],[99.90213200032025,24.671510140590904],[99.90213246412264,24.67157295118073],[99.90224961441201,24.671572236849954]]]]},"properties":{"id":"1033","kind":"new","heightM":13,"areaM2":82.3,"centerLongitude":99.902191,"centerLatitude":24.671541}},{"type":"Feature","id":"building-1034","geometry":{"type":"MultiPolygon","coordinates":[[[[99.90220095682469,24.671373406051526],[99.90213888866732,24.671371648779484],[99.90213459293996,24.671496940827826],[99.90219666109732,24.671498698098105],[99.90220095682469,24.671373406051526]]]]},"properties":{"id":"1034","kind":"new","heightM":15.4,"areaM2":87.1,"centerLongitude":99.902168,"centerLatitude":24.671435}},{"type":"Feature","id":"building-1035","geometry":{"type":"MultiPolygon","coordinates":[[[[99.9022989786649,24.671371122012225],[99.90224953360404,24.671369507264615],[99.90224452328259,24.671496196820407],[99.90229396834346,24.671497811566375],[99.9022989786649,24.671371122012225]]]]},"properties":{"id":"1035","kind":"new","heightM":15.5,"areaM2":70.1,"centerLongitude":99.902272,"centerLatitude":24.671434}},{"type":"Feature","id":"building-1036","geometry":{"type":"MultiPolygon","coordinates":[[[[99.90157995327705,24.671274566770588],[99.90163094674485,24.671226204197485],[99.90154308793568,24.67114970644263],[99.90149209446788,24.671198069045396],[99.90157995327705,24.671274566770588]]]]},"properties":{"id":"1036","kind":"new","heightM":13.5,"areaM2":91.1,"centerLongitude":99.901562,"centerLatitude":24.671212}},{"type":"Feature","id":"building-1037","geometry":{"type":"MultiPolygon","coordinates":[[[[99.90163777417945,24.67121174899984],[99.9016896412353,24.671167015221304],[99.90161782565285,24.671098255622482],[99.90156595859702,24.671142989425682],[99.90163777417945,24.67121174899984]]]]},"properties":{"id":"1037","kind":"new","heightM":11.6,"areaM2":75.8,"centerLongitude":99.901628,"centerLatitude":24.671155}},{"type":"Feature","id":"building-1038","geometry":{"type":"MultiPolygon","coordinates":[[[[99.90148958044837,24.671189175193543],[99.90152697950272,24.67114850029595],[99.90140288609304,24.67105428060297],[99.90136548703867,24.671094955531284],[99.90148958044837,24.671189175193543]]]]},"properties":{"id":"1038","kind":"new","heightM":18,"areaM2":95.9,"centerLongitude":99.901446,"centerLatitude":24.671122}},{"type":"Feature","id":"building-1039","geometry":{"type":"MultiPolygon","coordinates":[[[[99.90154568903846,24.67113108527189],[99.9015962454641,24.671080187037052],[99.90152744807244,24.67102375771668],[99.9014768916468,24.671074655974536],[99.90154568903846,24.67113108527189]]]]},"properties":{"id":"1039","kind":"old","heightM":10.3,"areaM2":71.1,"centerLongitude":99.901537,"centerLatitude":24.671077}},{"type":"Feature","id":"building-1040","geometry":{"type":"MultiPolygon","coordinates":[[[[99.90142353586164,24.670971511738514],[99.90133586454186,24.670910546259048],[99.90123097317463,24.671035104754022],[99.90131864449444,24.67109607017261],[99.90142353586164,24.670971511738514]]]]},"properties":{"id":"1040","kind":"new","heightM":19.2,"areaM2":193.6,"centerLongitude":99.901327,"centerLatitude":24.671003}},{"type":"Feature","id":"building-1041","geometry":{"type":"MultiPolygon","coordinates":[[[[99.90132021560304,24.670895414671964],[99.90124017317198,24.67083056627721],[99.90112942184068,24.670943449817486],[99.90120946427173,24.671008298153556],[99.90132021560304,24.670895414671964]]]]},"properties":{"id":"1041","kind":"new","heightM":18.5,"areaM2":181.4,"centerLongitude":99.901225,"centerLatitude":24.670919}},{"type":"Feature","id":"building-1042","geometry":{"type":"MultiPolygon","coordinates":[[[[99.90121955791541,24.670833842410328],[99.90118440205103,24.670800440980155],[99.90111645733917,24.670859494985983],[99.90115161320357,24.670892896400346],[99.90121955791541,24.670833842410328]]]]},"properties":{"id":"1042","kind":"new","heightM":10.5,"areaM2":48.6,"centerLongitude":99.901168,"centerLatitude":24.670847}},{"type":"Feature","id":"building-1043","geometry":{"type":"MultiPolygon","coordinates":[[[[99.90151400262494,24.67047755219516],[99.90147811234601,24.67045198710077],[99.90142166886629,24.67051742157628],[99.90145755914521,24.670542986657264],[99.90151400262494,24.67047755219516]]]]},"properties":{"id":"1043","kind":"old","heightM":10.2,"areaM2":42.4,"centerLongitude":99.901468,"centerLatitude":24.670497}},{"type":"Feature","id":"building-1044","geometry":{"type":"MultiPolygon","coordinates":[[[[99.90147002217849,24.67045055942412],[99.9015018995687,24.670422717071624],[99.90144661898127,24.670370451789662],[99.90141474159105,24.670398294153827],[99.90147002217849,24.67045055942412]]]]},"properties":{"id":"1044","kind":"old","heightM":8.9,"areaM2":35.8,"centerLongitude":99.901458,"centerLatitude":24.670411}},{"type":"Feature","id":"building-1045","geometry":{"type":"MultiPolygon","coordinates":[[[[99.90141149924851,24.67071286127208],[99.90146149538258,24.670667140034812],[99.90138387387934,24.670597048977058],[99.90133387774527,24.670642770240015],[99.90141149924851,24.67071286127208]]]]},"properties":{"id":"1045","kind":"old","heightM":12.2,"areaM2":78.9,"centerLongitude":99.901398,"centerLatitude":24.670655}},{"type":"Feature","id":"building-1046","geometry":{"type":"MultiPolygon","coordinates":[[[[99.9014690703941,24.67065662074715],[99.90152093598276,24.670610195003057],[99.9014484776811,24.670543349669682],[99.90139661209246,24.670589775438646],[99.9014690703941,24.67065662074715]]]]},"properties":{"id":"1046","kind":"old","heightM":11.5,"areaM2":76.4,"centerLongitude":99.901459,"centerLatitude":24.6706}},{"type":"Feature","id":"building-1047","geometry":{"type":"MultiPolygon","coordinates":[[[[99.90153046048815,24.670594754761037],[99.90157659947288,24.670550426267354],[99.90151439338244,24.670496959876505],[99.90146825439771,24.67054128838919],[99.90153046048815,24.670594754761037]]]]},"properties":{"id":"1047","kind":"old","heightM":9.5,"areaM2":58.4,"centerLongitude":99.901522,"centerLatitude":24.670546}},{"type":"Feature","id":"building-1048","geometry":{"type":"MultiPolygon","coordinates":[[[[99.90159080141288,24.670623403541303],[99.90154778508219,24.670592456460685],[99.9014820168685,24.670667946930777],[99.90152503319916,24.67069889399267],[99.90159080141288,24.670623403541303]]]]},"properties":{"id":"1048","kind":"new","heightM":11.8,"areaM2":59.1,"centerLongitude":99.901536,"centerLatitude":24.670646}},{"type":"Feature","id":"building-1049","geometry":{"type":"MultiPolygon","coordinates":[[[[99.90172442051326,24.670601186712187],[99.90177017391267,24.67055925947203],[99.90170664361968,24.670502010090456],[99.90166089022028,24.670543937349862],[99.90172442051326,24.670601186712187]]]]},"properties":{"id":"1049","kind":"new","heightM":10,"areaM2":59.1,"centerLongitude":99.901716,"centerLatitude":24.670552}},{"type":"Feature","id":"building-1050","geometry":{"type":"MultiPolygon","coordinates":[[[[99.90165131870327,24.670668930327075],[99.90171269826604,24.670612858254497],[99.90162851268556,24.670536759529924],[99.90156713312278,24.670592831636707],[99.90165131870327,24.670668930327075]]]]},"properties":{"id":"1050","kind":"new","heightM":13.2,"areaM2":105,"centerLongitude":99.90164,"centerLatitude":24.670603}},{"type":"Feature","id":"building-1051","geometry":{"type":"MultiPolygon","coordinates":[[[[99.90152298028185,24.670707665826328],[99.90146971960917,24.670665746103445],[99.90140278730911,24.67073597015481],[99.9014560479818,24.670777889854094],[99.90152298028185,24.670707665826328]]]]},"properties":{"id":"1051","kind":"old","heightM":11.4,"areaM2":73.2,"centerLongitude":99.901463,"centerLatitude":24.670722}},{"type":"Feature","id":"building-1052","geometry":{"type":"MultiPolygon","coordinates":[[[[99.90175208166069,24.6706484021585],[99.90171605844647,24.670617121694576],[99.90166422179067,24.670666417337117],[99.90170024500489,24.670697697788675],[99.90175208166069,24.6706484021585]]]]},"properties":{"id":"1052","kind":"new","heightM":8.4,"areaM2":38,"centerLongitude":99.901708,"centerLatitude":24.670657}},{"type":"Feature","id":"building-1053","geometry":{"type":"MultiPolygon","coordinates":[[[[99.90055799858371,24.670406680748933],[99.90055726093662,24.670293990890002],[99.90040733108447,24.67029480132164],[99.90040806873156,24.670407491179837],[99.90055799858371,24.670406680748933]]]]},"properties":{"id":"1053","kind":"old","heightM":16.7,"areaM2":189,"centerLongitude":99.900483,"centerLatitude":24.670351}},{"type":"Feature","id":"building-1054","geometry":{"type":"MultiPolygon","coordinates":[[[[99.90141749325619,24.67040527876006],[99.90138104425944,24.67037757416096],[99.90132672146018,24.670436591522268],[99.90136317045693,24.670464296108268],[99.90141749325619,24.67040527876006]]]]},"properties":{"id":"1054","kind":"old","heightM":9.4,"areaM2":40.9,"centerLongitude":99.901372,"centerLatitude":24.670421}},{"type":"Feature","id":"building-1055","geometry":{"type":"MultiPolygon","coordinates":[[[[99.90174223251755,24.670402018419683],[99.90178699065565,24.67036153801425],[99.9016842283721,24.670267711582873],[99.90163947023399,24.670308192018762],[99.90174223251755,24.670402018419683]]]]},"properties":{"id":"1055","kind":"new","heightM":16.2,"areaM2":93.5,"centerLongitude":99.901713,"centerLatitude":24.670335}},{"type":"Feature","id":"building-1056","geometry":{"type":"MultiPolygon","coordinates":[[[[99.90178863200718,24.670349908223503],[99.90184509343968,24.67029969694468],[99.90174986765385,24.67021127300251],[99.90169340622138,24.670261484316928],[99.90178863200718,24.670349908223503]]]]},"properties":{"id":"1056","kind":"new","heightM":15.2,"areaM2":109.3,"centerLongitude":99.901769,"centerLatitude":24.670281}},{"type":"Feature","id":"building-1057","geometry":{"type":"MultiPolygon","coordinates":[[[[99.90264178394462,24.669735543713443],[99.90258070960124,24.66966294861556],[99.90247419422118,24.669736948772805],[99.90253526856458,24.669809543827625],[99.90264178394462,24.669735543713443]]]]},"properties":{"id":"1057","kind":"new","heightM":14.9,"areaM2":137,"centerLongitude":99.902558,"centerLatitude":24.669736}},{"type":"Feature","id":"building-1058","geometry":{"type":"MultiPolygon","coordinates":[[[[99.90266643755965,24.66980683847146],[99.90262851630705,24.669765085288873],[99.90254281547755,24.66982936091037],[99.90258073673013,24.66987111407144],[99.90266643755965,24.66980683847146]]]]},"properties":{"id":"1058","kind":"new","heightM":12.4,"areaM2":67.3,"centerLongitude":99.902605,"centerLatitude":24.669818}},{"type":"Feature","id":"building-1059","geometry":{"type":"MultiPolygon","coordinates":[[[[99.90365487330011,24.670399874963174],[99.90358365574949,24.670399074827973],[99.90358191846036,24.670526765587976],[99.90365313601099,24.670527565722352],[99.90365487330011,24.670399874963174]]]]},"properties":{"id":"1059","kind":"new","heightM":15.6,"areaM2":101.7,"centerLongitude":99.903618,"centerLatitude":24.670463}},{"type":"Feature","id":"building-1060","geometry":{"type":"MultiPolygon","coordinates":[[[[99.90374365759025,24.67040652798185],[99.90366954952104,24.670404517066487],[99.90366424541322,24.6705659334702],[99.90373835348244,24.67056794438295],[99.90374365759025,24.67040652798185]]]]},"properties":{"id":"1060","kind":"new","heightM":19.8,"areaM2":133.9,"centerLongitude":99.903704,"centerLatitude":24.670486}},{"type":"Feature","id":"building-1061","geometry":{"type":"MultiPolygon","coordinates":[[[[99.90523111523471,24.670035810447814],[99.90526186951129,24.669968293144684],[99.90510155900425,24.669907992862647],[99.90507080472767,24.66997551019842],[99.90523111523471,24.670035810447814]]]]},"properties":{"id":"1061","kind":"old","heightM":19.3,"areaM2":141.8,"centerLongitude":99.905166,"centerLatitude":24.669972}},{"type":"Feature","id":"building-1062","geometry":{"type":"MultiPolygon","coordinates":[[[[99.90525917024674,24.669949796644804],[99.90529839254445,24.669868990521415],[99.90513310406914,24.669802738529768],[99.9050938817714,24.669883544696077],[99.90525917024674,24.669949796644804]]]]},"properties":{"id":"1062","kind":"old","heightM":20.1,"areaM2":178.4,"centerLongitude":99.905196,"centerLatitude":24.669876}},{"type":"Feature","id":"building-1063","geometry":{"type":"MultiPolygon","coordinates":[[[[99.90536246148218,24.669713869373645],[99.90540350749052,24.669654825867333],[99.90528248747255,24.669585351413446],[99.90524144146421,24.66964439495264],[99.90536246148218,24.669713869373645]]]]},"properties":{"id":"1063","kind":"old","heightM":15.9,"areaM2":111.8,"centerLongitude":99.905322,"centerLatitude":24.66965}},{"type":"Feature","id":"building-1064","geometry":{"type":"MultiPolygon","coordinates":[[[[99.90544007538413,24.669653555265036],[99.90548563661159,24.669586482676586],[99.90535194838066,24.669511490987315],[99.9053063871532,24.669578563616085],[99.90544007538413,24.669653555265036]]]]},"properties":{"id":"1064","kind":"old","heightM":17.5,"areaM2":138.5,"centerLongitude":99.905396,"centerLatitude":24.669583}},{"type":"Feature","id":"building-1065","geometry":{"type":"MultiPolygon","coordinates":[[[[99.90532642886949,24.66953056461294],[99.90538058789913,24.66943983030641],[99.90526572017075,24.669383210557086],[99.9052115611411,24.6694739449048],[99.90532642886949,24.66953056461294]]]]},"properties":{"id":"1065","kind":"old","heightM":14.5,"areaM2":150.9,"centerLongitude":99.905296,"centerLatitude":24.669457}},{"type":"Feature","id":"building-1066","geometry":{"type":"MultiPolygon","coordinates":[[[[99.90529627066731,24.668002701421628],[99.90523672679693,24.667975593793482],[99.9051831509255,24.668072777930426],[99.90524269479585,24.668099885537455],[99.90529627066731,24.668002701421628]]]]},"properties":{"id":"1066","kind":"new","heightM":13.3,"areaM2":81,"centerLongitude":99.90524,"centerLatitude":24.668038}},{"type":"Feature","id":"building-1067","geometry":{"type":"MultiPolygon","coordinates":[[[[99.90522563071964,24.66795303414009],[99.9051231075338,24.667906589424312],[99.90506186946871,24.66801822131044],[99.90516439265456,24.668064665984662],[99.90522563071964,24.66795303414009]]]]},"properties":{"id":"1067","kind":"old","heightM":15.3,"areaM2":159.8,"centerLongitude":99.905144,"centerLatitude":24.667986}},{"type":"Feature","id":"building-1068","geometry":{"type":"MultiPolygon","coordinates":[[[[99.90544386002149,24.667924123556574],[99.90543957584762,24.66782152369331],[99.90524077073657,24.667828379041993],[99.90524505491044,24.667930978899626],[99.90544386002149,24.667924123556574]]]]},"properties":{"id":"1068","kind":"new","heightM":22.1,"areaM2":228.4,"centerLongitude":99.905342,"centerLatitude":24.667876}},{"type":"Feature","id":"building-1069","geometry":{"type":"MultiPolygon","coordinates":[[[[99.9018039730654,24.66826134031855],[99.90187737023409,24.668202388923678],[99.90179556964429,24.668118284094128],[99.90172217247562,24.668177235528745],[99.9018039730654,24.66826134031855]]]]},"properties":{"id":"1069","kind":"new","heightM":13.8,"areaM2":123,"centerLongitude":99.9018,"centerLatitude":24.66819}},{"type":"Feature","id":"building-1070","geometry":{"type":"MultiPolygon","coordinates":[[[[99.90271390981565,24.667679936498548],[99.90263543806003,24.667633494223086],[99.90254894644225,24.66775418019825],[99.90262741819788,24.667800622428782],[99.90271390981565,24.667679936498548]]]]},"properties":{"id":"1070","kind":"new","heightM":17.6,"areaM2":150.8,"centerLongitude":99.902631,"centerLatitude":24.667717}},{"type":"Feature","id":"building-1071","geometry":{"type":"MultiPolygon","coordinates":[[[[99.90261958910169,24.66762655764233],[99.90257128637111,24.667595411307623],[99.90250566400502,24.667679453985414],[99.9025539667356,24.667710600299138],[99.90261958910169,24.66762655764233]]]]},"properties":{"id":"1071","kind":"new","heightM":12.6,"areaM2":68.3,"centerLongitude":99.902563,"centerLatitude":24.667653}},{"type":"Feature","id":"building-1072","geometry":{"type":"MultiPolygon","coordinates":[[[[99.90040235421476,24.66812581541532],[99.90036126787771,24.668035336728668],[99.90018612335936,24.668101015922296],[99.90022720969641,24.668191494561313],[99.90040235421476,24.66812581541532]]]]},"properties":{"id":"1072","kind":"new","heightM":21.1,"areaM2":207.4,"centerLongitude":99.900294,"centerLatitude":24.668113}},{"type":"Feature","id":"building-1073","geometry":{"type":"MultiPolygon","coordinates":[[[[99.8987681732713,24.667623061851714],[99.89875205132233,24.66756980678292],[99.89845093992909,24.66764508463099],[99.89846706187805,24.667698339667655],[99.8987681732713,24.667623061851714]]]]},"properties":{"id":"1073","kind":"new","heightM":34.8,"areaM2":192.9,"centerLongitude":99.89861,"centerLatitude":24.667634}},{"type":"Feature","id":"building-1074","geometry":{"type":"MultiPolygon","coordinates":[[[[99.89863328057878,24.667571346279097],[99.89860623918324,24.66750340208967],[99.89846305243374,24.66755046334531],[99.89849009382931,24.667618407509107],[99.89863328057878,24.667571346279097]]]]},"properties":{"id":"1074","kind":"new","heightM":16.9,"areaM2":123,"centerLongitude":99.898548,"centerLatitude":24.667561}},{"type":"Feature","id":"building-1075","geometry":{"type":"MultiPolygon","coordinates":[[[[99.8931410612853,24.666545103545122],[99.8930396403569,24.666540384872857],[99.89303265979815,24.66666428978852],[99.89313408072655,24.666669008456097],[99.8931410612853,24.666545103545122]]]]},"properties":{"id":"1075","kind":"new","heightM":15.2,"areaM2":140.9,"centerLongitude":99.893087,"centerLatitude":24.666605}},{"type":"Feature","id":"building-1076","geometry":{"type":"MultiPolygon","coordinates":[[[[99.89321342151297,24.66658869887504],[99.89314964256972,24.666583560286863],[99.89314182821286,24.66666365744435],[99.89320560715609,24.666668796029224],[99.89321342151297,24.66658869887504]]]]},"properties":{"id":"1076","kind":"new","heightM":9.9,"areaM2":57.6,"centerLongitude":99.893178,"centerLatitude":24.666626}},{"type":"Feature","id":"building-1077","geometry":{"type":"MultiPolygon","coordinates":[[[[99.89476915115144,24.666397274009295],[99.89482861100169,24.66637416629535],[99.89478104778226,24.666273094455676],[99.894721587932,24.66629620218834],[99.89476915115144,24.666397274009295]]]]},"properties":{"id":"1077","kind":"new","heightM":13.5,"areaM2":79.5,"centerLongitude":99.894775,"centerLatitude":24.666335}},{"type":"Feature","id":"building-1078","geometry":{"type":"MultiPolygon","coordinates":[[[[99.89488716239859,24.66637273091885],[99.8949558822581,24.666354378560605],[99.89491097704628,24.666215517830445],[99.89484225718678,24.666233870209116],[99.89488716239859,24.66637273091885]]]]},"properties":{"id":"1078","kind":"new","heightM":17.7,"areaM2":115.9,"centerLongitude":99.894899,"centerLatitude":24.666294}},{"type":"Feature","id":"building-1079","geometry":{"type":"MultiPolygon","coordinates":[[[[99.89590499101746,24.665902267894026],[99.89588380965967,24.66585523279202],[99.8957941944836,24.665888560749977],[99.8958153758414,24.665935595839418],[99.89590499101746,24.665902267894026]]]]},"properties":{"id":"1079","kind":"new","heightM":10.8,"areaM2":55,"centerLongitude":99.89585,"centerLatitude":24.665895}},{"type":"Feature","id":"building-1080","geometry":{"type":"MultiPolygon","coordinates":[[[[99.89605900819303,24.665627642960015],[99.89611106695659,24.665615517156873],[99.89609063930679,24.66554309039152],[99.89603858054322,24.6655552162017],[99.89605900819303,24.665627642960015]]]]},"properties":{"id":"1080","kind":"new","heightM":9.2,"areaM2":44.9,"centerLongitude":99.896075,"centerLatitude":24.665585}},{"type":"Feature","id":"building-1081","geometry":{"type":"MultiPolygon","coordinates":[[[[99.89605929732346,24.665641903754764],[99.89602728048953,24.66557187117945],[99.89592152170205,24.665611800517144],[99.89595353853598,24.66568183307005],[99.89605929732346,24.665641903754764]]]]},"properties":{"id":"1081","kind":"new","heightM":12.7,"areaM2":97.1,"centerLongitude":99.89599,"centerLatitude":24.665627}},{"type":"Feature","id":"building-1082","geometry":{"type":"MultiPolygon","coordinates":[[[[99.89596685284887,24.66579793537119],[99.89603210755273,24.665773892145115],[99.89598881828938,24.665676864487356],[99.89592356358551,24.665700907732123],[99.89596685284887,24.66579793537119]]]]},"properties":{"id":"1082","kind":"old","heightM":12.8,"areaM2":82.4,"centerLongitude":99.895978,"centerLatitude":24.665737}},{"type":"Feature","id":"building-1083","geometry":{"type":"MultiPolygon","coordinates":[[[[99.89604316214289,24.665746211482386],[99.89609293909412,24.665726365708252],[99.89605482406277,24.665647415531634],[99.89600504711156,24.665667261318326],[99.89604316214289,24.665746211482386]]]]},"properties":{"id":"1083","kind":"new","heightM":10.6,"areaM2":52.4,"centerLongitude":99.896049,"centerLatitude":24.665697}},{"type":"Feature","id":"building-1084","geometry":{"type":"MultiPolygon","coordinates":[[[[99.89607569722045,24.665811877173603],[99.89604975401282,24.665767241871148],[99.89597222260538,24.66580445694655],[99.895998165813,24.665849092235685],[99.89607569722045,24.665811877173603]]]]},"properties":{"id":"1084","kind":"old","heightM":9.8,"areaM2":49.5,"centerLongitude":99.896024,"centerLatitude":24.665808}},{"type":"Feature","id":"building-1085","geometry":{"type":"MultiPolygon","coordinates":[[[[99.89620099181181,24.665601867784293],[99.89626641875915,24.665577885487195],[99.896225044389,24.66548466853453],[99.89615961744167,24.66550865084955],[99.89620099181181,24.665601867784293]]]]},"properties":{"id":"1085","kind":"new","heightM":12.3,"areaM2":79.3,"centerLongitude":99.896213,"centerLatitude":24.665543}},{"type":"Feature","id":"building-1086","geometry":{"type":"MultiPolygon","coordinates":[[[[99.89628189348596,24.66557022095281],[99.89635049746501,24.66556641000016],[99.89634019028057,24.665413176526496],[99.89627158630151,24.66541698748383],[99.89628189348596,24.66557022095281]]]]},"properties":{"id":"1086","kind":"new","heightM":18.8,"areaM2":118,"centerLongitude":99.896311,"centerLatitude":24.665492}},{"type":"Feature","id":"building-1087","geometry":{"type":"MultiPolygon","coordinates":[[[[99.89379456675086,24.664057212035228],[99.89383807683903,24.66401866528998],[99.8937592650732,24.663945196695796],[99.89371575498504,24.663983743463746],[99.89379456675086,24.664057212035228]]]]},"properties":{"id":"1087","kind":"new","heightM":12.6,"areaM2":69.7,"centerLongitude":99.893777,"centerLatitude":24.664001}},{"type":"Feature","id":"building-1088","geometry":{"type":"MultiPolygon","coordinates":[[[[99.89376551246656,24.66429253512574],[99.89372940036674,24.664259463473407],[99.89364555169702,24.664335077004704],[99.89368166379683,24.664368148636996],[99.89376551246656,24.66429253512574]]]]},"properties":{"id":"1088","kind":"new","heightM":13.1,"areaM2":61.5,"centerLongitude":99.893706,"centerLatitude":24.664314}},{"type":"Feature","id":"building-1089","geometry":{"type":"MultiPolygon","coordinates":[[[[99.89381322339396,24.664356614656878],[99.89376162839599,24.664311187237157],[99.89368588082674,24.66438223728147],[99.89373747582468,24.66442766467532],[99.89381322339396,24.664356614656878]]]]},"properties":{"id":"1089","kind":"new","heightM":12.1,"areaM2":79.5,"centerLongitude":99.89375,"centerLatitude":24.664369}},{"type":"Feature","id":"building-1090","geometry":{"type":"MultiPolygon","coordinates":[[[[99.89380798654967,24.663528085396464],[99.89373688244879,24.663523826454075],[99.8937286590754,24.66363721116444],[99.89379976317628,24.66364147010296],[99.89380798654967,24.663528085396464]]]]},"properties":{"id":"1090","kind":"new","heightM":13.9,"areaM2":90.6,"centerLongitude":99.893768,"centerLatitude":24.663583}},{"type":"Feature","id":"building-1091","geometry":{"type":"MultiPolygon","coordinates":[[[[99.8938846462438,24.663546272734038],[99.89381975029383,24.66354029644401],[99.89380782867005,24.66364721001503],[99.89387272462002,24.663653186299936],[99.8938846462438,24.663546272734038]]]]},"properties":{"id":"1091","kind":"new","heightM":13.2,"areaM2":78.4,"centerLongitude":99.893846,"centerLatitude":24.663597}},{"type":"Feature","id":"building-1092","geometry":{"type":"MultiPolygon","coordinates":[[[[99.89370868557442,24.663546492889107],[99.8936135064273,24.663531498763007],[99.89358936788432,24.663658043243778],[99.89368454703144,24.663673037354673],[99.89370868557442,24.663546492889107]]]]},"properties":{"id":"1092","kind":"new","heightM":15.7,"areaM2":138.7,"centerLongitude":99.893649,"centerLatitude":24.663602}},{"type":"Feature","id":"building-1093","geometry":{"type":"MultiPolygon","coordinates":[[[[99.89337042756803,24.663766806550143],[99.89342785069992,24.663762415449174],[99.89341943071054,24.663671479565622],[99.89336200757866,24.66367587066979],[99.89337042756803,24.663766806550143]]]]},"properties":{"id":"1093","kind":"new","heightM":11.2,"areaM2":58.8,"centerLongitude":99.893395,"centerLatitude":24.663719}},{"type":"Feature","id":"building-1094","geometry":{"type":"MultiPolygon","coordinates":[[[[99.89343633176088,24.663785292073833],[99.89349026035364,24.663782890522985],[99.89348499831453,24.663685303618422],[99.89343106972177,24.663687705171146],[99.89343633176088,24.663785292073833]]]]},"properties":{"id":"1094","kind":"new","heightM":12,"areaM2":59,"centerLongitude":99.893461,"centerLatitude":24.663735}},{"type":"Feature","id":"building-1095","geometry":{"type":"MultiPolygon","coordinates":[[[[99.89349364882652,24.663726934279513],[99.89355864295237,24.6637256089324],[99.89355699837846,24.663659003694082],[99.8934920042526,24.663660329041896],[99.89349364882652,24.663726934279513]]]]},"properties":{"id":"1095","kind":"old","heightM":8.2,"areaM2":48.4,"centerLongitude":99.893525,"centerLatitude":24.663693}},{"type":"Feature","id":"building-1096","geometry":{"type":"MultiPolygon","coordinates":[[[[99.89355151722883,24.663562838376375],[99.8934920097637,24.663563406531257],[99.89349296293284,24.663645855658842],[99.89355247039798,24.663645287504334],[99.89355151722883,24.663562838376375]]]]},"properties":{"id":"1096","kind":"new","heightM":10.1,"areaM2":54.9,"centerLongitude":99.893522,"centerLatitude":24.663604}},{"type":"Feature","id":"building-1097","geometry":{"type":"MultiPolygon","coordinates":[[[[99.8933874733438,24.663658061809034],[99.89348422947053,24.663656209574373],[99.89348211672441,24.663565062900492],[99.89338536059766,24.663566915136503],[99.8933874733438,24.663658061809034]]]]},"properties":{"id":"1097","kind":"new","heightM":11.2,"areaM2":98.7,"centerLongitude":99.893435,"centerLatitude":24.663612}},{"type":"Feature","id":"building-1098","geometry":{"type":"MultiPolygon","coordinates":[[[[99.89404581848795,24.663694449134024],[99.89398527341477,24.663679644005178],[99.89395920134456,24.663767698732425],[99.89401974641774,24.66378250385082],[99.89404581848795,24.663694449134024]]]]},"properties":{"id":"1098","kind":"old","heightM":11.2,"areaM2":63.9,"centerLongitude":99.894003,"centerLatitude":24.663731}},{"type":"Feature","id":"building-1099","geometry":{"type":"MultiPolygon","coordinates":[[[[99.89404713940111,24.663864290179106],[99.89406680864973,24.663816159306847],[99.89398099038503,24.66378719564267],[99.89396132113642,24.663835326526105],[99.89404713940111,24.663864290179106]]]]},"properties":{"id":"1099","kind":"old","heightM":10.2,"areaM2":52.6,"centerLongitude":99.894014,"centerLatitude":24.663826}},{"type":"Feature","id":"building-1100","geometry":{"type":"MultiPolygon","coordinates":[[[[99.89415024118986,24.663719145374316],[99.89408949380693,24.663705342184066],[99.89406400302005,24.663797991389313],[99.89412475040298,24.663811794569312],[99.89415024118986,24.663719145374316]]]]},"properties":{"id":"1100","kind":"old","heightM":11.7,"areaM2":66.9,"centerLongitude":99.894107,"centerLatitude":24.663759}},{"type":"Feature","id":"building-1101","geometry":{"type":"MultiPolygon","coordinates":[[[[99.89416087763713,24.663696300232168],[99.89424415521084,24.663695989027158],[99.89424367902176,24.663590751235457],[99.89416040144805,24.66359106244073],[99.89416087763713,24.663696300232168]]]]},"properties":{"id":"1101","kind":"old","heightM":12.9,"areaM2":98,"centerLongitude":99.894202,"centerLatitude":24.663644}},{"type":"Feature","id":"building-1102","geometry":{"type":"MultiPolygon","coordinates":[[[[99.89433705499923,24.663581654252294],[99.89427722529531,24.66357975715],[99.89427357264488,24.6636748932761],[99.89433340234878,24.66367679037694],[99.89433705499923,24.663581654252294]]]]},"properties":{"id":"1102","kind":"new","heightM":11.7,"areaM2":63.7,"centerLongitude":99.894305,"centerLatitude":24.663628}},{"type":"Feature","id":"building-1103","geometry":{"type":"MultiPolygon","coordinates":[[[[99.89433948744434,24.66379803550666],[99.89433833501005,24.663715232569295],[99.89424633758343,24.663716290011006],[99.89424749001772,24.663799092947674],[99.89433948744434,24.66379803550666]]]]},"properties":{"id":"1103","kind":"old","heightM":10.2,"areaM2":85.2,"centerLongitude":99.894293,"centerLatitude":24.663757}},{"type":"Feature","id":"building-1104","geometry":{"type":"MultiPolygon","coordinates":[[[[99.89435010373737,24.663758385046027],[99.8944138246553,24.663757349180724],[99.89441210144568,24.66366980502052],[99.89434838052776,24.663670840886542],[99.89435010373737,24.663758385046027]]]]},"properties":{"id":"1104","kind":"new","heightM":10.7,"areaM2":62.4,"centerLongitude":99.894381,"centerLatitude":24.663714}},{"type":"Feature","id":"building-1105","geometry":{"type":"MultiPolygon","coordinates":[[[[99.89443890158982,24.664019310399144],[99.89440410541958,24.663973902919842],[99.8943044346882,24.664036981249186],[99.8943392308584,24.66408238870553],[99.89443890158982,24.664019310399144]]]]},"properties":{"id":"1105","kind":"new","heightM":13.5,"areaM2":75.2,"centerLongitude":99.894372,"centerLatitude":24.664028}},{"type":"Feature","id":"building-1106","geometry":{"type":"MultiPolygon","coordinates":[[[[99.89494900377908,24.663804604678084],[99.89489999771217,24.663772264524827],[99.89483563908918,24.66385280689362],[99.89488464515611,24.663885147026004],[99.89494900377908,24.663804604678084]]]]},"properties":{"id":"1106","kind":"new","heightM":12.2,"areaM2":67.4,"centerLongitude":99.894892,"centerLatitude":24.663829}},{"type":"Feature","id":"building-1107","geometry":{"type":"MultiPolygon","coordinates":[[[[99.89499641441336,24.66383444245953],[99.89495710477631,24.66380759952074],[99.89488615368963,24.663893409472646],[99.89492546332667,24.66392025239297],[99.89499641441336,24.66383444245953]]]]},"properties":{"id":"1107","kind":"new","heightM":13.1,"areaM2":59,"centerLongitude":99.894941,"centerLatitude":24.663864}},{"type":"Feature","id":"building-1108","geometry":{"type":"MultiPolygon","coordinates":[[[[99.8947590146475,24.663816522499538],[99.89479046382625,24.66374670558712],[99.89468107593672,24.663706011799214],[99.89464962675797,24.663775828734398],[99.8947590146475,24.663816522499538]]]]},"properties":{"id":"1108","kind":"old","heightM":13.2,"areaM2":99.7,"centerLongitude":99.89472,"centerLatitude":24.663761}},{"type":"Feature","id":"building-1109","geometry":{"type":"MultiPolygon","coordinates":[[[[99.89456273203065,24.663757596161044],[99.8945025090472,24.663734899096184],[99.89445775196808,24.663832975476854],[99.89451797495151,24.66385567252387],[99.89456273203065,24.663757596161044]]]]},"properties":{"id":"1109","kind":"old","heightM":13,"areaM2":77.4,"centerLongitude":99.89451,"centerLatitude":24.663795}},{"type":"Feature","id":"building-1110","geometry":{"type":"MultiPolygon","coordinates":[[[[99.89464990866284,24.66378707992437],[99.89456878973186,24.663760702723547],[99.89452833360056,24.663863454134734],[99.89460945253155,24.663889831313835],[99.89464990866284,24.66378707992437]]]]},"properties":{"id":"1110","kind":"old","heightM":13.4,"areaM2":105.1,"centerLongitude":99.894589,"centerLatitude":24.663825}},{"type":"Feature","id":"building-1111","geometry":{"type":"MultiPolygon","coordinates":[[[[99.89459738118488,24.663912567893895],[99.89453736785487,24.663882830146182],[99.89448034984635,24.663977860158766],[99.89454036317635,24.664007597883824],[99.89459738118488,24.663912567893895]]]]},"properties":{"id":"1111","kind":"new","heightM":13.3,"areaM2":82.7,"centerLongitude":99.894539,"centerLatitude":24.663945}},{"type":"Feature","id":"building-1112","geometry":{"type":"MultiPolygon","coordinates":[[[[99.89465454664591,24.662831183318485],[99.89458109045086,24.66280541020268],[99.894532735434,24.662919230471253],[99.89460619162905,24.662945003563546],[99.89465454664591,24.662831183318485]]]]},"properties":{"id":"1112","kind":"new","heightM":14.9,"areaM2":107.4,"centerLongitude":99.894594,"centerLatitude":24.662875}},{"type":"Feature","id":"building-1113","geometry":{"type":"MultiPolygon","coordinates":[[[[99.89570587753141,24.66266302325618],[99.89575935330171,24.662638024378698],[99.89571426363976,24.662558365977247],[99.89566078786947,24.662583364870688],[99.89570587753141,24.66266302325618]]]]},"properties":{"id":"1113","kind":"new","heightM":11,"areaM2":60.2,"centerLongitude":99.89571,"centerLatitude":24.662611}},{"type":"Feature","id":"building-1114","geometry":{"type":"MultiPolygon","coordinates":[[[[99.89576655378713,24.66262518982615],[99.89584312401054,24.66259234526853],[99.8957924644621,24.662494806736746],[99.89571589423869,24.662527651320044],[99.89576655378713,24.66262518982615]]]]},"properties":{"id":"1114","kind":"new","heightM":13.2,"areaM2":102.1,"centerLongitude":99.89578,"centerLatitude":24.66256}},{"type":"Feature","id":"building-1115","geometry":{"type":"MultiPolygon","coordinates":[[[[99.89590503841758,24.662511689536235],[99.89597453486515,24.66247837934516],[99.89592508663576,24.662393176244457],[99.89585559018819,24.662426486458273],[99.89590503841758,24.662511689536235]]]]},"properties":{"id":"1115","kind":"new","heightM":11.8,"areaM2":84.6,"centerLongitude":99.895915,"centerLatitude":24.662452}},{"type":"Feature","id":"building-1116","geometry":{"type":"MultiPolygon","coordinates":[[[[99.89614874281379,24.665880720785417],[99.89621107573375,24.665863561789678],[99.89618129384039,24.665774216110822],[99.89611896092045,24.66579137511885],[99.89614874281379,24.665880720785417]]]]},"properties":{"id":"1116","kind":"new","heightM":11.4,"areaM2":68,"centerLongitude":99.896165,"centerLatitude":24.665827}},{"type":"Feature","id":"building-1117","geometry":{"type":"MultiPolygon","coordinates":[[[[99.8961698633223,24.66577129241494],[99.89623954374179,24.665746435720322],[99.89619785606271,24.665649925889387],[99.89612817564321,24.665674782603233],[99.8961698633223,24.66577129241494]]]]},"properties":{"id":"1117","kind":"old","heightM":12.7,"areaM2":86.8,"centerLongitude":99.896184,"centerLatitude":24.665711}},{"type":"Feature","id":"building-1118","geometry":{"type":"MultiPolygon","coordinates":[[[[99.8978578967083,24.663217033192947],[99.89779357124527,24.66321859568485],[99.89779643627938,24.6633160068427],[99.89786076174241,24.663314444352018],[99.8978578967083,24.663217033192947]]]]},"properties":{"id":"1118","kind":"old","heightM":11.9,"areaM2":70.1,"centerLongitude":99.897827,"centerLatitude":24.663267}},{"type":"Feature","id":"building-1119","geometry":{"type":"MultiPolygon","coordinates":[[[[99.89779680089299,24.663423287673655],[99.89785926147869,24.66342193906078],[99.89785674792131,24.66332579549327],[99.89779428733561,24.663327144107193],[99.89779680089299,24.663423287673655]]]]},"properties":{"id":"1119","kind":"old","heightM":11.8,"areaM2":67.2,"centerLongitude":99.897827,"centerLatitude":24.663375}},{"type":"Feature","id":"building-1120","geometry":{"type":"MultiPolygon","coordinates":[[[[99.89929916108318,24.664626138072666],[99.89937667190007,24.66458321474238],[99.89924899123305,24.664392800804585],[99.89917148041616,24.664435724200377],[99.89929916108318,24.664626138072666]]]]},"properties":{"id":"1120","kind":"new","heightM":27.3,"areaM2":226.3,"centerLongitude":99.899274,"centerLatitude":24.664509}},{"type":"Feature","id":"building-1121","geometry":{"type":"MultiPolygon","coordinates":[[[[99.89941072845008,24.664364832293447],[99.89935859838806,24.664305896888894],[99.89925826370808,24.664379191015463],[99.89931039377011,24.6644381263854],[99.89941072845008,24.664364832293447]]]]},"properties":{"id":"1121","kind":"new","heightM":14.3,"areaM2":108.9,"centerLongitude":99.899334,"centerLatitude":24.664372}},{"type":"Feature","id":"building-1122","geometry":{"type":"MultiPolygon","coordinates":[[[[99.89817886884359,24.66506386120435],[99.89811260319482,24.66504460594814],[99.89807516409529,24.665151011808536],[99.89814142974407,24.665170267048317],[99.89817886884359,24.66506386120435]]]]},"properties":{"id":"1122","kind":"new","heightM":13.7,"areaM2":86.9,"centerLongitude":99.898127,"centerLatitude":24.665107}},{"type":"Feature","id":"building-1123","geometry":{"type":"MultiPolygon","coordinates":[[[[99.89823388744507,24.665134259479455],[99.89817827631862,24.66511408620971],[99.89813197606584,24.665219493166678],[99.8981875871923,24.66523966641938],[99.89823388744507,24.665134259479455]]]]},"properties":{"id":"1123","kind":"new","heightM":13.9,"areaM2":76,"centerLongitude":99.898183,"centerLatitude":24.665177}},{"type":"Feature","id":"building-1124","geometry":{"type":"MultiPolygon","coordinates":[[[[99.89839338834433,24.66531876997368],[99.89832623913554,24.665300080744828],[99.89828875958514,24.66541129055646],[99.89835590879393,24.66542997976865],[99.89839338834433,24.66531876997368]]]]},"properties":{"id":"1124","kind":"new","heightM":14.2,"areaM2":91.3,"centerLongitude":99.898341,"centerLatitude":24.665365}},{"type":"Feature","id":"building-1125","geometry":{"type":"MultiPolygon","coordinates":[[[[99.89845069025496,24.66534751529878],[99.89840535621398,24.6653316086032],[99.89835537000012,24.665449259080834],[99.89840070404108,24.665465165761415],[99.89845069025496,24.66534751529878]]]]},"properties":{"id":"1125","kind":"new","heightM":15.4,"areaM2":68.5,"centerLongitude":99.898403,"centerLatitude":24.665398}},{"type":"Feature","id":"building-1126","geometry":{"type":"MultiPolygon","coordinates":[[[[99.898583525617,24.66552181776192],[99.89852135493801,24.66549995546945],[99.89848043200071,24.665596062365843],[99.8985426026797,24.66561792464148],[99.898583525617,24.66552181776192]]]]},"properties":{"id":"1126","kind":"old","heightM":12.6,"areaM2":76.8,"centerLongitude":99.898532,"centerLatitude":24.665559}},{"type":"Feature","id":"building-1127","geometry":{"type":"MultiPolygon","coordinates":[[[[99.89866490163894,24.665683525381954],[99.89871636544451,24.665602387098247],[99.8985985032453,24.66554064975685],[99.89854703943973,24.665621788080703],[99.89866490163894,24.665683525381954]]]]},"properties":{"id":"1127","kind":"new","heightM":15.1,"areaM2":142.5,"centerLongitude":99.898632,"centerLatitude":24.665612}},{"type":"Feature","id":"building-1128","geometry":{"type":"MultiPolygon","coordinates":[[[[99.90083385394577,24.662788837256475],[99.90089452312067,24.662780959037043],[99.90088237095911,24.662703671289936],[99.90082170178421,24.66271154951425],[99.90083385394577,24.662788837256475]]]]},"properties":{"id":"1128","kind":"new","heightM":9.6,"areaM2":53.5,"centerLongitude":99.900858,"centerLatitude":24.662746}},{"type":"Feature","id":"building-1129","geometry":{"type":"MultiPolygon","coordinates":[[[[99.90120210203405,24.661604725991896],[99.90125668416634,24.66160707794796],[99.90126058377932,24.661532335368776],[99.90120600164703,24.661529983411302],[99.90120210203405,24.661604725991896]]]]},"properties":{"id":"1129","kind":"new","heightM":9.2,"areaM2":45.7,"centerLongitude":99.901231,"centerLatitude":24.661569}},{"type":"Feature","id":"building-1130","geometry":{"type":"MultiPolygon","coordinates":[[[[99.91168901409931,24.670812421746465],[99.91164258460148,24.670812780066584],[99.91164329914635,24.670889236358736],[99.91168972864418,24.670888878038834],[99.91168901409931,24.670812421746465]]]]},"properties":{"id":"1130","kind":"new","heightM":9.4,"areaM2":39.7,"centerLongitude":99.911666,"centerLatitude":24.670851}},{"type":"Feature","id":"building-1131","geometry":{"type":"MultiPolygon","coordinates":[[[[99.91101010602746,24.671129652030526],[99.91098746311218,24.671068266666786],[99.9108701118377,24.671104011595],[99.91089275475298,24.671165396941145],[99.91101010602746,24.671129652030526]]]]},"properties":{"id":"1131","kind":"new","heightM":13.8,"areaM2":89.6,"centerLongitude":99.91094,"centerLatitude":24.671117}},{"type":"Feature","id":"building-1132","geometry":{"type":"MultiPolygon","coordinates":[[[[99.91099860077195,24.67105018628825],[99.9109718722208,24.670979785285287],[99.91082308235254,24.671026432919472],[99.91084981090367,24.67109683389611],[99.91099860077195,24.67105018628825]]]]},"properties":{"id":"1132","kind":"new","heightM":17.5,"areaM2":131.1,"centerLongitude":99.910911,"centerLatitude":24.671038}},{"type":"Feature","id":"building-1133","geometry":{"type":"MultiPolygon","coordinates":[[[[99.90807039853695,24.666543644835738],[99.90800476617761,24.66648973193219],[99.90793233718695,24.66656254824194],[99.90799796954629,24.666616461114028],[99.90807039853695,24.666543644835738]]]]},"properties":{"id":"1133","kind":"old","heightM":12,"areaM2":97.1,"centerLongitude":99.908001,"centerLatitude":24.666553}},{"type":"Feature","id":"building-1134","geometry":{"type":"MultiPolygon","coordinates":[[[[99.90806080248437,24.666692105090586],[99.90811276691404,24.66665067969883],[99.90804879573338,24.66658441015391],[99.90799683130372,24.666625835567675],[99.90806080248437,24.666692105090586]]]]},"properties":{"id":"1134","kind":"old","heightM":10.8,"areaM2":68.1,"centerLongitude":99.908055,"centerLatitude":24.666638}},{"type":"Feature","id":"building-1135","geometry":{"type":"MultiPolygon","coordinates":[[[[99.9079913779555,24.66675225683355],[99.90803458694441,24.66671298287446],[99.9079642596079,24.666649085466986],[99.90792105061898,24.666688359446187],[99.9079913779555,24.66675225683355]]]]},"properties":{"id":"1135","kind":"old","heightM":11.1,"areaM2":61.8,"centerLongitude":99.907978,"centerLatitude":24.666701}},{"type":"Feature","id":"building-1136","geometry":{"type":"MultiPolygon","coordinates":[[[[99.90768780757865,24.66675283657799],[99.907747766573,24.666708713562212],[99.9076724888411,24.66662423522036],[99.9076125298468,24.666668358266016],[99.90768780757865,24.66675283657799]]]]},"properties":{"id":"1136","kind":"new","heightM":13.3,"areaM2":93.8,"centerLongitude":99.90768,"centerLatitude":24.666689}},{"type":"Feature","id":"building-1137","geometry":{"type":"MultiPolygon","coordinates":[[[[99.90777876430332,24.666818753687437],[99.90782930166846,24.666776812960986],[99.90775499482379,24.666702870366905],[99.90770445745865,24.66674481111821],[99.90777876430332,24.666818753687437]]]]},"properties":{"id":"1137","kind":"old","heightM":12.3,"areaM2":76.6,"centerLongitude":99.907767,"centerLatitude":24.666761}},{"type":"Feature","id":"building-1138","geometry":{"type":"MultiPolygon","coordinates":[[[[99.90745582452348,24.666774910333622],[99.90750776590137,24.666735673376653],[99.90741941170535,24.666639082774463],[99.90736747032746,24.666678319761807],[99.90745582452348,24.666774910333622]]]]},"properties":{"id":"1138","kind":"new","heightM":15.4,"areaM2":94.9,"centerLongitude":99.907438,"centerLatitude":24.666707}},{"type":"Feature","id":"building-1139","geometry":{"type":"MultiPolygon","coordinates":[[[[99.90752827911123,24.666732080035555],[99.90760251476192,24.66667804358748],[99.90751726860196,24.666581329336687],[99.90744303295128,24.666635365826643],[99.90752827911123,24.666732080035555]]]]},"properties":{"id":"1139","kind":"new","heightM":15.2,"areaM2":131.8,"centerLongitude":99.907523,"centerLatitude":24.666657}},{"type":"Feature","id":"building-1140","geometry":{"type":"MultiPolygon","coordinates":[[[[99.90760323213301,24.66666033928619],[99.90767457212382,24.666605352258454],[99.90759383439229,24.666518847548218],[99.90752249440148,24.666573834614084],[99.90760323213301,24.66666033928619]]]]},"properties":{"id":"1140","kind":"new","heightM":13.9,"areaM2":118.7,"centerLongitude":99.907599,"centerLatitude":24.66659}},{"type":"Feature","id":"building-1141","geometry":{"type":"MultiPolygon","coordinates":[[[[99.90741302394994,24.666636666359587],[99.90736241690496,24.666592305313593],[99.90727340911309,24.666676160021343],[99.90732401615806,24.66672052103752],[99.90741302394994,24.666636666359587]]]]},"properties":{"id":"1141","kind":"new","heightM":14.3,"areaM2":91.6,"centerLongitude":99.907343,"centerLatitude":24.666656}},{"type":"Feature","id":"building-1142","geometry":{"type":"MultiPolygon","coordinates":[[[[99.90749829790265,24.66694658844517],[99.90755142843715,24.66690488758467],[99.90746494516176,24.666813892139995],[99.90741181462727,24.666855593030913],[99.90749829790265,24.66694658844517]]]]},"properties":{"id":"1142","kind":"new","heightM":14.7,"areaM2":94.4,"centerLongitude":99.907482,"centerLatitude":24.66688}},{"type":"Feature","id":"building-1143","geometry":{"type":"MultiPolygon","coordinates":[[[[99.9075782459629,24.666885995312313],[99.90762954941735,24.66684928877238],[99.90754648381744,24.666753412062],[99.90749518036297,24.666790118630143],[99.9075782459629,24.666885995312313]]]]},"properties":{"id":"1143","kind":"new","heightM":14.9,"areaM2":89.1,"centerLongitude":99.907562,"centerLatitude":24.66682}},{"type":"Feature","id":"building-1144","geometry":{"type":"MultiPolygon","coordinates":[[[[99.90760608748609,24.666809174572165],[99.9076557949252,24.666771265228515],[99.90759149054537,24.66670163385981],[99.90754178310624,24.66673954322462],[99.90760608748609,24.666809174572165]]]]},"properties":{"id":"1144","kind":"new","heightM":11.1,"areaM2":66,"centerLongitude":99.907599,"centerLatitude":24.666755}},{"type":"Feature","id":"building-1145","geometry":{"type":"MultiPolygon","coordinates":[[[[99.90770031414198,24.6668709215852],[99.90775279348397,24.666835217572864],[99.90769234781267,24.66676184641352],[99.90763986847067,24.666797550446855],[99.90770031414198,24.6668709215852]]]]},"properties":{"id":"1145","kind":"new","heightM":11.2,"areaM2":67.2,"centerLongitude":99.907696,"centerLatitude":24.666816}},{"type":"Feature","id":"building-1146","geometry":{"type":"MultiPolygon","coordinates":[[[[99.90777844341605,24.66696450431238],[99.90786438620442,24.66690680207547],[99.90779279222204,24.666818741479798],[99.90770684943367,24.66687644375744],[99.90777844341605,24.66696450431238]]]]},"properties":{"id":"1146","kind":"old","heightM":13.4,"areaM2":130.8,"centerLongitude":99.907786,"centerLatitude":24.666892}},{"type":"Feature","id":"building-1147","geometry":{"type":"MultiPolygon","coordinates":[[[[99.90635679758012,24.665829534510873],[99.90635393408934,24.665755753174437],[99.90621874424085,24.665760086182377],[99.90622160773162,24.665833867516255],[99.90635679758012,24.665829534510873]]]]},"properties":{"id":"1147","kind":"new","heightM":15.1,"areaM2":111.7,"centerLongitude":99.906288,"centerLatitude":24.665795}},{"type":"Feature","id":"building-1148","geometry":{"type":"MultiPolygon","coordinates":[[[[99.907913765035,24.66785134032095],[99.90786670191848,24.667781382681365],[99.90777477698302,24.667832452089446],[99.90782184009957,24.66790240970039],[99.907913765035,24.66785134032095]]]]},"properties":{"id":"1148","kind":"new","heightM":12,"areaM2":98.8,"centerLongitude":99.907844,"centerLatitude":24.667842}},{"type":"Feature","id":"building-1149","geometry":{"type":"MultiPolygon","coordinates":[[[[99.90792198939496,24.667850527018913],[99.90797004475843,24.667826716159528],[99.90792205937919,24.667746740528564],[99.90787400401575,24.66777055140322],[99.90792198939496,24.667850527018913]]]]},"properties":{"id":"1149","kind":"new","heightM":11.2,"areaM2":55.8,"centerLongitude":99.907922,"centerLatitude":24.667799}},{"type":"Feature","id":"building-1150","geometry":{"type":"MultiPolygon","coordinates":[[[[99.90991899946246,24.66784981183997],[99.90988367583478,24.667778241792966],[99.90978838978985,24.667817078758784],[99.90982371341752,24.667888648783507],[99.90991899946246,24.66784981183997]]]]},"properties":{"id":"1150","kind":"new","heightM":11.6,"areaM2":91.6,"centerLongitude":99.909854,"centerLatitude":24.667833}},{"type":"Feature","id":"building-1151","geometry":{"type":"MultiPolygon","coordinates":[[[[99.90992401180135,24.667843488254668],[99.90998233423785,24.667822846773664],[99.90994993972123,24.667747259569577],[99.90989161728473,24.667767901063087],[99.90992401180135,24.667843488254668]]]]},"properties":{"id":"1151","kind":"new","heightM":9.9,"areaM2":56.8,"centerLongitude":99.909937,"centerLatitude":24.667795}},{"type":"Feature","id":"building-1152","geometry":{"type":"MultiPolygon","coordinates":[[[[99.91110935346292,24.665403228549142],[99.91107911704411,24.66535916276127],[99.91097519378111,24.665418052609798],[99.91100543019994,24.66546211837687],[99.91110935346292,24.665403228549142]]]]},"properties":{"id":"1152","kind":"old","heightM":13.6,"areaM2":71.1,"centerLongitude":99.911042,"centerLatitude":24.665411}},{"type":"Feature","id":"building-1153","geometry":{"type":"MultiPolygon","coordinates":[[[[99.91099680890024,24.665458884062293],[99.9109680878115,24.665416044348373],[99.91087446219055,24.66546788226234],[99.91090318327927,24.665510721958462],[99.91099680890024,24.665458884062293]]]]},"properties":{"id":"1153","kind":"old","heightM":12.2,"areaM2":61.5,"centerLongitude":99.910936,"centerLatitude":24.665463}},{"type":"Feature","id":"building-1154","geometry":{"type":"MultiPolygon","coordinates":[[[[99.90968109191522,24.663705632774708],[99.90961479674137,24.66370103535951],[99.90960775014653,24.663784953896812],[99.90967404532039,24.663789551308916],[99.90968109191522,24.663705632774708]]]]},"properties":{"id":"1154","kind":"old","heightM":10.3,"areaM2":62.6,"centerLongitude":99.909644,"centerLatitude":24.663745}},{"type":"Feature","id":"building-1155","geometry":{"type":"MultiPolygon","coordinates":[[[[99.90947488443405,24.66389734089239],[99.90953122037962,24.6638957084038],[99.90952692528708,24.663773298266275],[99.90947058934152,24.663774930756464],[99.90947488443405,24.66389734089239]]]]},"properties":{"id":"1155","kind":"old","heightM":15,"areaM2":77.2,"centerLongitude":99.909501,"centerLatitude":24.663835}},{"type":"Feature","id":"building-1156","geometry":{"type":"MultiPolygon","coordinates":[[[[99.90973458818986,24.66386894510274],[99.9096359697285,24.66387013509721],[99.90963777295296,24.663993551320768],[99.90973639141431,24.66399236132748],[99.90973458818986,24.66386894510274]]]]},"properties":{"id":"1156","kind":"old","heightM":15.1,"areaM2":136.1,"centerLongitude":99.909686,"centerLatitude":24.663931}},{"type":"Feature","id":"building-1157","geometry":{"type":"MultiPolygon","coordinates":[[[[99.90974971218019,24.66395516179494],[99.90979904816767,24.663954151591852],[99.9097969013748,24.66386756428488],[99.90974756538732,24.66386857448867],[99.90974971218019,24.66395516179494]]]]},"properties":{"id":"1157","kind":"old","heightM":10.6,"areaM2":47.8,"centerLongitude":99.909773,"centerLatitude":24.663911}},{"type":"Feature","id":"building-1158","geometry":{"type":"MultiPolygon","coordinates":[[[[99.91013269634742,24.663530896619843],[99.91005951800311,24.66352757265218],[99.9100516273516,24.663671039043862],[99.91012480569592,24.663674363007704],[99.91013269634742,24.663530896619843]]]]},"properties":{"id":"1158","kind":"new","heightM":17.6,"areaM2":117.7,"centerLongitude":99.910092,"centerLatitude":24.663601}},{"type":"Feature","id":"building-1159","geometry":{"type":"MultiPolygon","coordinates":[[[[99.91024378966492,24.66351860525978],[99.91017276084337,24.663513272481563],[99.91015864014744,24.663668600136933],[99.910229668969,24.663673932908523],[99.91024378966492,24.66351860525978]]]]},"properties":{"id":"1159","kind":"new","heightM":19.1,"areaM2":124.2,"centerLongitude":99.910201,"centerLatitude":24.663594}},{"type":"Feature","id":"building-1160","geometry":{"type":"MultiPolygon","coordinates":[[[[99.90622552287765,24.66106095030395],[99.90618049577651,24.66104746693457],[99.90614755853804,24.66113830996237],[99.90619258563916,24.661151793321935],[99.90622552287765,24.66106095030395]]]]},"properties":{"id":"1160","kind":"new","heightM":11.7,"areaM2":50.7,"centerLongitude":99.906187,"centerLatitude":24.6611}},{"type":"Feature","id":"building-1161","geometry":{"type":"MultiPolygon","coordinates":[[[[99.90628058816102,24.66110635406143],[99.90622422763556,24.66108858108117],[99.90620004489212,24.661151916837145],[99.90625640541758,24.66116968980839],[99.90628058816102,24.66110635406143]]]]},"properties":{"id":"1161","kind":"new","heightM":8.2,"areaM2":44.7,"centerLongitude":99.90624,"centerLatitude":24.661129}},{"type":"Feature","id":"building-1162","geometry":{"type":"MultiPolygon","coordinates":[[[[99.90631917036075,24.661020629873576],[99.90627278690702,24.661000411630425],[99.90623950901335,24.661063464480645],[99.90628589246705,24.66108368271358],[99.90631917036075,24.661020629873576]]]]},"properties":{"id":"1162","kind":"new","heightM":8.6,"areaM2":40.2,"centerLongitude":99.906279,"centerLatitude":24.661042}},{"type":"Feature","id":"building-1163","geometry":{"type":"MultiPolygon","coordinates":[[[[99.90632879399804,24.66097431241695],[99.90635433233894,24.660930523108224],[99.90625225230966,24.660881353670437],[99.90622671396876,24.66092514299642],[99.90632879399804,24.66097431241695]]]]},"properties":{"id":"1163","kind":"new","heightM":12.9,"areaM2":64,"centerLongitude":99.906291,"centerLatitude":24.660928}},{"type":"Feature","id":"building-1164","geometry":{"type":"MultiPolygon","coordinates":[[[[99.90462552905687,24.660289712674565],[99.90468149246338,24.66019670010291],[99.90454908087466,24.66013090048022],[99.90449311746815,24.66022391310091],[99.90462552905687,24.660289712674565]]]]},"properties":{"id":"1164","kind":"new","heightM":16.8,"areaM2":178.9,"centerLongitude":99.904587,"centerLatitude":24.66021}},{"type":"Feature","id":"building-1165","geometry":{"type":"MultiPolygon","coordinates":[[[[99.90467392948986,24.660443057740267],[99.90480424941703,24.66038108733846],[99.90472768102163,24.660248100130897],[99.90459736109446,24.660310070598737],[99.90467392948986,24.660443057740267]]]]},"properties":{"id":"1165","kind":"new","heightM":18.4,"areaM2":246.9,"centerLongitude":99.904701,"centerLatitude":24.660346}},{"type":"Feature","id":"building-1166","geometry":{"type":"MultiPolygon","coordinates":[[[[99.90488121658696,24.661390104274005],[99.90486088534459,24.661339463091796],[99.90476062430791,24.661372707540657],[99.90478095555028,24.661423348709373],[99.90488121658696,24.661390104274005]]]]},"properties":{"id":"1166","kind":"old","heightM":11.9,"areaM2":64.3,"centerLongitude":99.904821,"centerLatitude":24.661381}},{"type":"Feature","id":"building-1167","geometry":{"type":"MultiPolygon","coordinates":[[[[99.9034507791704,24.65914142847209],[99.90349425099674,24.659097983860505],[99.90341023323614,24.6590285476957],[99.9033667614098,24.659071992331455],[99.9034507791704,24.65914142847209]]]]},"properties":{"id":"1167","kind":"old","heightM":12.6,"areaM2":74.6,"centerLongitude":99.903431,"centerLatitude":24.659085}},{"type":"Feature","id":"building-1168","geometry":{"type":"MultiPolygon","coordinates":[[[[99.90350189003347,24.659069283641156],[99.90356251071788,24.65902146547199],[99.90349680078961,24.658952663313357],[99.9034361801052,24.659000481508887],[99.90350189003347,24.659069283641156]]]]},"properties":{"id":"1168","kind":"old","heightM":11.2,"areaM2":81.8,"centerLongitude":99.903499,"centerLatitude":24.659011}},{"type":"Feature","id":"building-1169","geometry":{"type":"MultiPolygon","coordinates":[[[[99.90429046720543,24.658203302602843],[99.90435377479685,24.65817201897333],[99.90430090147909,24.658083645001454],[99.90423759388766,24.658114928653113],[99.90429046720543,24.658203302602843]]]]},"properties":{"id":"1169","kind":"old","heightM":12.3,"areaM2":81.1,"centerLongitude":99.904296,"centerLatitude":24.658143}},{"type":"Feature","id":"building-1170","geometry":{"type":"MultiPolygon","coordinates":[[[[99.90439183224423,24.658161186142987],[99.90445424291606,24.65813065796375],[99.90440787801411,24.65805236968827],[99.90434546734228,24.658082897886658],[99.90439183224423,24.658161186142987]]]]},"properties":{"id":"1170","kind":"old","heightM":10.9,"areaM2":70.5,"centerLongitude":99.9044,"centerLatitude":24.658107}},{"type":"Feature","id":"building-1171","geometry":{"type":"MultiPolygon","coordinates":[[[[99.9043884192635,24.65824890188972],[99.90431331003094,24.658247560577536],[99.90431044856884,24.65837990320389],[99.90438555780139,24.658381244514654],[99.9043884192635,24.65824890188972]]]]},"properties":{"id":"1171","kind":"old","heightM":16.2,"areaM2":111.2,"centerLongitude":99.904349,"centerLatitude":24.658314}},{"type":"Feature","id":"building-1172","geometry":{"type":"MultiPolygon","coordinates":[[[[99.90448665145726,24.658240215935596],[99.90442823799764,24.658238994517827],[99.90442537613194,24.65835203820983],[99.90448378959157,24.65835325962649],[99.90448665145726,24.658240215935596]]]]},"properties":{"id":"1172","kind":"old","heightM":13.9,"areaM2":73.9,"centerLongitude":99.904456,"centerLatitude":24.658296}},{"type":"Feature","id":"building-1173","geometry":{"type":"MultiPolygon","coordinates":[[[[99.90442251716914,24.65847276126145],[99.90448881375792,24.6584743836861],[99.90449167923317,24.65837767389777],[99.90442538264438,24.65837605147187],[99.90442251716914,24.65847276126145]]]]},"properties":{"id":"1173","kind":"old","heightM":11.9,"areaM2":71.8,"centerLongitude":99.904457,"centerLatitude":24.658425}},{"type":"Feature","id":"building-1174","geometry":{"type":"MultiPolygon","coordinates":[[[[99.90438256699575,24.658392770973148],[99.90431571319769,24.65839081060358],[99.9043111538668,24.658519231752123],[99.90437800766487,24.658521192119675],[99.90438256699575,24.658392770973148]]]]},"properties":{"id":"1174","kind":"old","heightM":15.7,"areaM2":96.1,"centerLongitude":99.904347,"centerLatitude":24.658456}},{"type":"Feature","id":"building-1175","geometry":{"type":"MultiPolygon","coordinates":[[[[99.90446433994987,24.65856009211294],[99.90446243796747,24.658511393704934],[99.90439051008015,24.658513713959515],[99.90439241206255,24.658562412366614],[99.90446433994987,24.65856009211294]]]]},"properties":{"id":"1175","kind":"old","heightM":8,"areaM2":39.2,"centerLongitude":99.904427,"centerLatitude":24.658537}},{"type":"Feature","id":"building-1176","geometry":{"type":"MultiPolygon","coordinates":[[[[99.90011708186339,24.65663834706998],[99.90019992898593,24.656613908293078],[99.90015768558891,24.656495626783567],[99.90007483846637,24.656520065583635],[99.90011708186339,24.65663834706998]]]]},"properties":{"id":"1176","kind":"old","heightM":15.2,"areaM2":121.1,"centerLongitude":99.900137,"centerLatitude":24.656567}},{"type":"Feature","id":"building-1177","geometry":{"type":"MultiPolygon","coordinates":[[[[99.89999985088004,24.656680249270664],[99.90008904248208,24.65665465006374],[99.90004453975985,24.656526581120996],[99.8999553481578,24.65655218035419],[99.89999985088004,24.656680249270664]]]]},"properties":{"id":"1177","kind":"old","heightM":16.5,"areaM2":140.5,"centerLongitude":99.900022,"centerLatitude":24.656603}},{"type":"Feature","id":"building-1178","geometry":{"type":"MultiPolygon","coordinates":[[[[99.90012718523138,24.656490675983616],[99.90010198444247,24.656414882443634],[99.89993848228367,24.65645978452882],[99.8999636830726,24.656535578041538],[99.90012718523138,24.656490675983616]]]]},"properties":{"id":"1178","kind":"old","heightM":19,"areaM2":151.2,"centerLongitude":99.900033,"centerLatitude":24.656475}},{"type":"Feature","id":"building-1179","geometry":{"type":"MultiPolygon","coordinates":[[[[99.90025034563399,24.656800104803846],[99.90022756529821,24.65674497061002],[99.90010408934079,24.656787109230322],[99.90012686967657,24.656842243405535],[99.90025034563399,24.656800104803846]]]]},"properties":{"id":"1179","kind":"new","heightM":14.7,"areaM2":86.9,"centerLongitude":99.900177,"centerLatitude":24.656794}},{"type":"Feature","id":"building-1180","geometry":{"type":"MultiPolygon","coordinates":[[[[99.90013809756437,24.65675734380726],[99.90022025536014,24.656731492727],[99.90018037186967,24.65662679856632],[99.90009821407389,24.656652649668267],[99.90013809756437,24.65675734380726]]]]},"properties":{"id":"1180","kind":"old","heightM":13.6,"areaM2":107.7,"centerLongitude":99.900159,"centerLatitude":24.656692}},{"type":"Feature","id":"building-1181","geometry":{"type":"MultiPolygon","coordinates":[[[[99.89361123459109,24.65944816453437],[99.89367505141843,24.659448763487656],[99.89367648052945,24.659323001725518],[99.89361266370213,24.65932240277163],[99.89361123459109,24.65944816453437]]]]},"properties":{"id":"1181","kind":"new","heightM":15.4,"areaM2":89.8,"centerLongitude":99.893644,"centerLatitude":24.659386}},{"type":"Feature","id":"building-1182","geometry":{"type":"MultiPolygon","coordinates":[[[[99.8936854733772,24.659451072550162],[99.89378584870482,24.65945192138077],[99.8937872782131,24.659312306082416],[99.89368690288548,24.65931145725086],[99.8936854733772,24.659451072550162]]]]},"properties":{"id":"1182","kind":"new","heightM":17.1,"areaM2":156.7,"centerLongitude":99.893736,"centerLatitude":24.659382}},{"type":"Feature","id":"building-1183","geometry":{"type":"MultiPolygon","coordinates":[[[[99.89378249978263,24.65917485157404],[99.89367357453358,24.65917605109873],[99.89367500558045,24.659283379611114],[99.8937839308295,24.659282180087455],[99.89378249978263,24.65917485157404]]]]},"properties":{"id":"1183","kind":"old","heightM":13.1,"areaM2":130.8,"centerLongitude":99.893729,"centerLatitude":24.659229}},{"type":"Feature","id":"building-1184","geometry":{"type":"MultiPolygon","coordinates":[[[[99.89400960139228,24.65860720192174],[99.89395681628444,24.6585825823908],[99.89392017856258,24.65864746168883],[99.89397296367042,24.65867208120697],[99.89400960139228,24.65860720192174]]]]},"properties":{"id":"1184","kind":"new","heightM":8.9,"areaM2":48.4,"centerLongitude":99.893965,"centerLatitude":24.658627}},{"type":"Feature","id":"building-1185","geometry":{"type":"MultiPolygon","coordinates":[[[[99.89397338007622,24.658527885870114],[99.89405615667437,24.65850129821595],[99.89401428894367,24.658393638338787],[99.89393151234549,24.658420226015885],[99.89397338007622,24.658527885870114]]]]},"properties":{"id":"1185","kind":"new","heightM":14,"areaM2":112.1,"centerLongitude":99.893994,"centerLatitude":24.658461}},{"type":"Feature","id":"building-1186","geometry":{"type":"MultiPolygon","coordinates":[[[[99.89410827666985,24.658478244536017],[99.89417348023403,24.658452366604966],[99.89413163307843,24.658365279282357],[99.89406642951425,24.658391157231463],[99.89410827666985,24.658478244536017]]]]},"properties":{"id":"1186","kind":"old","heightM":11.6,"areaM2":75.6,"centerLongitude":99.89412,"centerLatitude":24.658422}},{"type":"Feature","id":"building-1187","geometry":{"type":"MultiPolygon","coordinates":[[[[99.8943331545803,24.65831373437959],[99.89425415647479,24.65831373437959],[99.89425415647479,24.65842509315462],[99.8943331545803,24.65842509315462],[99.8943331545803,24.65831373437959]]]]},"properties":{"id":"1187","kind":"new","heightM":13.6,"areaM2":98.4,"centerLongitude":99.894294,"centerLatitude":24.658369}},{"type":"Feature","id":"building-1188","geometry":{"type":"MultiPolygon","coordinates":[[[[99.89444622966995,24.65832139360785],[99.89435028669945,24.658317541517132],[99.89434358483875,24.65845540836524],[99.89443952780924,24.658459260451696],[99.89444622966995,24.65832139360785]]]]},"properties":{"id":"1188","kind":"new","heightM":16.9,"areaM2":148.2,"centerLongitude":99.894395,"centerLatitude":24.658388}},{"type":"Feature","id":"building-1189","geometry":{"type":"MultiPolygon","coordinates":[[[[99.88972427344805,24.65947745737366],[99.88977381656775,24.65947485935103],[99.88976807123446,24.65938437035128],[99.88971852811477,24.659386968375802],[99.88972427344805,24.65947745737366]]]]},"properties":{"id":"1189","kind":"new","heightM":11.1,"areaM2":50.3,"centerLongitude":99.889746,"centerLatitude":24.659431}},{"type":"Feature","id":"building-1190","geometry":{"type":"MultiPolygon","coordinates":[[[[99.88996369654377,24.659228205920286],[99.89006365797707,24.65922019118523],[99.89005231852968,24.65910338195985],[99.88995235709639,24.659111396702407],[99.88996369654377,24.659228205920286]]]]},"properties":{"id":"1190","kind":"new","heightM":14.4,"areaM2":131.6,"centerLongitude":99.890008,"centerLatitude":24.659166}},{"type":"Feature","id":"building-1191","geometry":{"type":"MultiPolygon","coordinates":[[[[99.88985918888709,24.658905672893972],[99.88996558034276,24.658884633095653],[99.88994030569494,24.65877907427387],[99.88983391423926,24.65880011408998],[99.88985918888709,24.658905672893972]]]]},"properties":{"id":"1191","kind":"old","heightM":13.2,"areaM2":131.5,"centerLongitude":99.8899,"centerLatitude":24.658842}},{"type":"Feature","id":"building-1192","geometry":{"type":"MultiPolygon","coordinates":[[[[99.8899755445302,24.6588799747151],[99.89003657733691,24.658867001821648],[99.89001093307958,24.658767355565377],[99.88994990027287,24.658780328469188],[99.8899755445302,24.6588799747151]]]]},"properties":{"id":"1192","kind":"old","heightM":12.5,"areaM2":71.7,"centerLongitude":99.889993,"centerLatitude":24.658824}},{"type":"Feature","id":"building-1193","geometry":{"type":"MultiPolygon","coordinates":[[[[99.89009785407667,24.658871493364515],[99.89015148907355,24.658850082239642],[99.89010379222768,24.658751399111786],[99.8900501572308,24.6587728102536],[99.89009785407667,24.658871493364515]]]]},"properties":{"id":"1193","kind":"old","heightM":13.2,"areaM2":70.6,"centerLongitude":99.890101,"centerLatitude":24.658811}},{"type":"Feature","id":"building-1194","geometry":{"type":"MultiPolygon","coordinates":[[[[99.89016328400362,24.658847851991595],[99.89022385597298,24.658823655262314],[99.89016903308949,24.658710305248356],[99.89010846112012,24.658734501999614],[99.89016328400362,24.658847851991595]]]]},"properties":{"id":"1194","kind":"old","heightM":15.2,"areaM2":91.6,"centerLongitude":99.890166,"centerLatitude":24.658779}},{"type":"Feature","id":"building-1195","geometry":{"type":"MultiPolygon","coordinates":[[[[99.89015828713543,24.659049868230905],[99.89024107360936,24.65901481842991],[99.89019453081622,24.65892402183572],[99.8901117443423,24.658959071662213],[99.89015828713543,24.659049868230905]]]]},"properties":{"id":"1195","kind":"new","heightM":12.3,"areaM2":102.3,"centerLongitude":99.890176,"centerLatitude":24.658987}},{"type":"Feature","id":"building-1196","geometry":{"type":"MultiPolygon","coordinates":[[[[99.89046580998308,24.658933493615045],[99.89043667501475,24.658881060550023],[99.89033893450781,24.658925917304018],[99.89036806947611,24.658978350350196],[99.89046580998308,24.658933493615045]]]]},"properties":{"id":"1196","kind":"new","heightM":12.2,"areaM2":71.9,"centerLongitude":99.890402,"centerLatitude":24.65893}},{"type":"Feature","id":"building-1197","geometry":{"type":"MultiPolygon","coordinates":[[[[99.89050214285791,24.658991327718045],[99.89047351812954,24.658943506323908],[99.8903848052638,24.658987364369697],[99.8904134299922,24.659035185747033],[99.89050214285791,24.658991327718045]]]]},"properties":{"id":"1197","kind":"new","heightM":11.2,"areaM2":61.5,"centerLongitude":99.890443,"centerLatitude":24.658989}},{"type":"Feature","id":"building-1198","geometry":{"type":"MultiPolygon","coordinates":[[[[99.88903892376766,24.657915267918032],[99.88900111025475,24.657873978330077],[99.88890134624926,24.65794944084599],[99.88893915976217,24.65799073040898],[99.88903892376766,24.657915267918032]]]]},"properties":{"id":"1198","kind":"old","heightM":14.4,"areaM2":78,"centerLongitude":99.88897,"centerLatitude":24.657932}},{"type":"Feature","id":"building-1199","geometry":{"type":"MultiPolygon","coordinates":[[[[99.88908004097696,24.65804691675311],[99.88915699925576,24.65799634457727],[99.88908366042817,24.657904166420508],[99.88900670214939,24.657954738633702],[99.88908004097696,24.65804691675311]]]]},"properties":{"id":"1199","kind":"old","heightM":13.9,"areaM2":120.8,"centerLongitude":99.889082,"centerLatitude":24.657976}},{"type":"Feature","id":"building-1200","geometry":{"type":"MultiPolygon","coordinates":[[[[99.89069992232615,24.65713012100454],[99.89063142709341,24.65709183356387],[99.89057985502363,24.65716803706821],[99.89064835025638,24.657206324485504],[99.89069992232615,24.65713012100454]]]]},"properties":{"id":"1200","kind":"new","heightM":11,"areaM2":80.5,"centerLongitude":99.89064,"centerLatitude":24.657149}},{"type":"Feature","id":"building-1201","geometry":{"type":"MultiPolygon","coordinates":[[[[99.89135386581766,24.65498890304883],[99.89133414141502,24.654926543877302],[99.89125169230864,24.65494808463468],[99.89127141671129,24.655010443795444],[99.89135386581766,24.65498890304883]]]]},"properties":{"id":"1201","kind":"new","heightM":9.5,"areaM2":62.3,"centerLongitude":99.891303,"centerLatitude":24.654968}},{"type":"Feature","id":"building-1202","geometry":{"type":"MultiPolygon","coordinates":[[[[99.89213221263638,24.6553477084754],[99.89219290330686,24.65534067279737],[99.89218127786934,24.655257841555112],[99.89212058719886,24.655264877237812],[99.89213221263638,24.6553477084754]]]]},"properties":{"id":"1202","kind":"new","heightM":10.2,"areaM2":57.1,"centerLongitude":99.892157,"centerLatitude":24.655303}},{"type":"Feature","id":"building-1203","geometry":{"type":"MultiPolygon","coordinates":[[[[99.89201086012511,24.65539767715655],[99.89208384516591,24.655388543209266],[99.89206928336856,24.655292435347686],[99.89199629832774,24.655301569302004],[99.89201086012511,24.65539767715655]]]]},"properties":{"id":"1203","kind":"new","heightM":11.9,"areaM2":79.9,"centerLongitude":99.89204,"centerLatitude":24.655345}},{"type":"Feature","id":"building-1204","geometry":{"type":"MultiPolygon","coordinates":[[[[99.89208935292525,24.655278640463404],[99.89208215114117,24.655224104318492],[99.89198877549829,24.655234289264314],[99.89199597728238,24.655288825404778],[99.89208935292525,24.655278640463404]]]]},"properties":{"id":"1204","kind":"new","heightM":10.5,"areaM2":57.8,"centerLongitude":99.892039,"centerLatitude":24.655256}},{"type":"Feature","id":"building-1205","geometry":{"type":"MultiPolygon","coordinates":[[[[99.89200205611935,24.6550823985732],[99.89209155803206,24.65507266441131],[99.89207368458999,24.654936922865257],[99.89198418267728,24.654946657037733],[99.89200205611935,24.6550823985732]]]]},"properties":{"id":"1205","kind":"old","heightM":16.7,"areaM2":137.8,"centerLongitude":99.892038,"centerLatitude":24.65501}},{"type":"Feature","id":"building-1206","geometry":{"type":"MultiPolygon","coordinates":[[[[99.89272950260819,24.65594261714569],[99.89278868285105,24.655909702182047],[99.89272484352438,24.655814896019713],[99.8926656632815,24.655847811008357],[99.89272950260819,24.65594261714569]]]]},"properties":{"id":"1206","kind":"new","heightM":13.6,"areaM2":86.2,"centerLongitude":99.892727,"centerLatitude":24.655879}},{"type":"Feature","id":"building-1207","geometry":{"type":"MultiPolygon","coordinates":[[[[99.89253895770071,24.655669364014106],[99.89259425872548,24.65563854114856],[99.89251224953148,24.655517009453828],[99.89245694850669,24.655547832349384],[99.89253895770071,24.655669364014106]]]]},"properties":{"id":"1207","kind":"new","heightM":17.5,"areaM2":103.4,"centerLongitude":99.892526,"centerLatitude":24.655593}},{"type":"Feature","id":"building-1208","geometry":{"type":"MultiPolygon","coordinates":[[[[99.89260959546121,24.655646267568947],[99.89269772130166,24.655598809918462],[99.89261822598364,24.655476881292202],[99.8925301001432,24.655524338989036],[99.89260959546121,24.655646267568947]]]]},"properties":{"id":"1208","kind":"old","heightM":17.4,"areaM2":162.4,"centerLongitude":99.892614,"centerLatitude":24.655562}},{"type":"Feature","id":"building-1209","geometry":{"type":"MultiPolygon","coordinates":[[[[99.89245329710457,24.655536590089977],[99.89255368759835,24.65547848951239],[99.8924499010588,24.655330366980074],[99.892349510565,24.655388467626604],[99.89245329710457,24.655536590089977]]]]},"properties":{"id":"1209","kind":"new","heightM":21.5,"areaM2":233.7,"centerLongitude":99.892452,"centerLatitude":24.655433}},{"type":"Feature","id":"building-1210","geometry":{"type":"MultiPolygon","coordinates":[[[[99.89302222623093,24.655940622568895],[99.89308182484788,24.65593739458645],[99.89307321438099,24.65580608496561],[99.89301361576403,24.65580931295145],[99.89302222623093,24.655940622568895]]]]},"properties":{"id":"1210","kind":"new","heightM":16.1,"areaM2":87.8,"centerLongitude":99.893048,"centerLatitude":24.655873}},{"type":"Feature","id":"building-1211","geometry":{"type":"MultiPolygon","coordinates":[[[[99.89516296781142,24.653456544593947],[99.89523967591208,24.653451018908513],[99.89522886759426,24.65332708353196],[99.89515215949358,24.653332609222883],[99.89516296781142,24.653456544593947]]]]},"properties":{"id":"1211","kind":"old","heightM":15.2,"areaM2":107,"centerLongitude":99.895196,"centerLatitude":24.653392}},{"type":"Feature","id":"building-1212","geometry":{"type":"MultiPolygon","coordinates":[[[[99.89528996008141,24.653411247342493],[99.89535297598744,24.653405608438838],[99.89534221217296,24.653306250150926],[99.89527919626696,24.65331188905907],[99.89528996008141,24.653411247342493]]]]},"properties":{"id":"1212","kind":"old","heightM":12.2,"areaM2":70.7,"centerLongitude":99.895316,"centerLatitude":24.653359}},{"type":"Feature","id":"building-1213","geometry":{"type":"MultiPolygon","coordinates":[[[[99.89523521275883,24.653287066378137],[99.89529878211886,24.653280217420377],[99.89528774223542,24.653195578313895],[99.89522417287539,24.653202427276298],[99.89523521275883,24.653287066378137]]]]},"properties":{"id":"1213","kind":"old","heightM":10.4,"areaM2":61,"centerLongitude":99.895261,"centerLatitude":24.653241}},{"type":"Feature","id":"building-1214","geometry":{"type":"MultiPolygon","coordinates":[[[[99.89499664348709,24.6529233073826],[99.89505774322271,24.652907992634653],[99.8950254379913,24.652801532214152],[99.89496433825566,24.65281684697516],[99.89499664348709,24.6529233073826]]]]},"properties":{"id":"1214","kind":"new","heightM":13.5,"areaM2":78.3,"centerLongitude":99.895011,"centerLatitude":24.652862}},{"type":"Feature","id":"building-1215","geometry":{"type":"MultiPolygon","coordinates":[[[[99.90193149320096,24.651573088897273],[99.90184801591842,24.651532829686005],[99.90177722311358,24.651654081189246],[99.90186070039613,24.651694340361413],[99.90193149320096,24.651573088897273]]]]},"properties":{"id":"1215","kind":"new","heightM":16.8,"areaM2":145.1,"centerLongitude":99.901854,"centerLatitude":24.651614}},{"type":"Feature","id":"building-1216","geometry":{"type":"MultiPolygon","coordinates":[[[[99.90200578954966,24.65160599025788],[99.90194603436531,24.65157550353877],[99.90187869559888,24.65168452820608],[99.90193845078322,24.651715014898567],[99.90200578954966,24.65160599025788]]]]},"properties":{"id":"1216","kind":"new","heightM":15.3,"areaM2":95.8,"centerLongitude":99.901942,"centerLatitude":24.651645}},{"type":"Feature","id":"building-1217","geometry":{"type":"MultiPolygon","coordinates":[[[[99.90199715518504,24.651448897884805],[99.90192910493856,24.651412360377204],[99.90186305946123,24.65151396880167],[99.90193110970772,24.651550506279534],[99.90199715518504,24.651448897884805]]]]},"properties":{"id":"1217","kind":"new","heightM":14.5,"areaM2":104.3,"centerLongitude":99.90193,"centerLatitude":24.651481}},{"type":"Feature","id":"building-1218","geometry":{"type":"MultiPolygon","coordinates":[[[[99.90207685270964,24.651491057479802],[99.90200437391417,24.65145587636073],[99.90194543063879,24.651556183335984],[99.90201790943428,24.651591364426796],[99.90207685270964,24.651491057479802]]]]},"properties":{"id":"1218","kind":"old","heightM":13.9,"areaM2":104.5,"centerLongitude":99.902011,"centerLatitude":24.651524}},{"type":"Feature","id":"building-1219","geometry":{"type":"MultiPolygon","coordinates":[[[[99.90213644839275,24.65138751494987],[99.90204804291449,24.651342956916608],[99.90199160788829,24.651435447651565],[99.90208001336656,24.651480005651813],[99.90213644839275,24.65138751494987]]]]},"properties":{"id":"1219","kind":"old","heightM":13,"areaM2":119.6,"centerLongitude":99.902064,"centerLatitude":24.651411}},{"type":"Feature","id":"building-1220","geometry":{"type":"MultiPolygon","coordinates":[[[[99.90205698560287,24.651315473515634],[99.90200434650659,24.65128584163364],[99.90193576920294,24.65138647137078],[99.90198840829919,24.65141610322889],[99.90205698560287,24.651315473515634]]]]},"properties":{"id":"1220","kind":"new","heightM":14.5,"areaM2":82,"centerLongitude":99.901996,"centerLatitude":24.651351}},{"type":"Feature","id":"building-1221","geometry":{"type":"MultiPolygon","coordinates":[[[[99.90215230777417,24.651371494537788],[99.90222775576903,24.651286387506502],[99.90211979157237,24.6512073271125],[99.90204434357751,24.651292434197675],[99.90215230777417,24.651371494537788]]]]},"properties":{"id":"1221","kind":"old","heightM":15.4,"areaM2":169.5,"centerLongitude":99.902136,"centerLatitude":24.651289}},{"type":"Feature","id":"building-1222","geometry":{"type":"MultiPolygon","coordinates":[[[[99.90195065931096,24.651322963401515],[99.90185158510998,24.651271564867557],[99.90177318427904,24.65139639725472],[99.90187225848003,24.651447795737287],[99.90195065931096,24.651322963401515]]]]},"properties":{"id":"1222","kind":"new","heightM":17.6,"areaM2":183.4,"centerLongitude":99.901862,"centerLatitude":24.65136}},{"type":"Feature","id":"building-1223","geometry":{"type":"MultiPolygon","coordinates":[[[[99.90215101666581,24.651642021209224],[99.90221510540654,24.651557108942743],[99.90211323045948,24.65149359431643],[99.90204914171873,24.651578506626112],[99.90215101666581,24.651642021209224]]]]},"properties":{"id":"1223","kind":"old","heightM":13.8,"areaM2":142.3,"centerLongitude":99.902132,"centerLatitude":24.651568}},{"type":"Feature","id":"building-1224","geometry":{"type":"MultiPolygon","coordinates":[[[[99.90224990688233,24.651568521601224],[99.9023210941091,24.651491382513427],[99.90222617297982,24.651419024605094],[99.90215498575307,24.651496163737587],[99.90224990688233,24.651568521601224]]]]},"properties":{"id":"1224","kind":"old","heightM":13.8,"areaM2":139.5,"centerLongitude":99.902238,"centerLatitude":24.651494}},{"type":"Feature","id":"building-1225","geometry":{"type":"MultiPolygon","coordinates":[[[[99.90247870050318,24.65153058638731],[99.90248085049282,24.65145288834118],[99.9023287775696,24.65144941238861],[99.90232662757995,24.651527110436902],[99.90247870050318,24.65153058638731]]]]},"properties":{"id":"1225","kind":"new","heightM":16.9,"areaM2":132.2,"centerLongitude":99.902404,"centerLatitude":24.65149}},{"type":"Feature","id":"building-1226","geometry":{"type":"MultiPolygon","coordinates":[[[[99.90269034511452,24.651456448987798],[99.90250546099446,24.651456448987798],[99.90250546099446,24.651516411405055],[99.90269034511452,24.651516411405055],[99.90269034511452,24.651456448987798]]]]},"properties":{"id":"1226","kind":"new","heightM":20.6,"areaM2":124,"centerLongitude":99.902598,"centerLatitude":24.651486}},{"type":"Feature","id":"building-1227","geometry":{"type":"MultiPolygon","coordinates":[[[[99.90170044831095,24.652111974084793],[99.90176595816492,24.65206387400789],[99.90167507012856,24.651961624969374],[99.9016095602746,24.65200972508567],[99.90170044831095,24.652111974084793]]]]},"properties":{"id":"1227","kind":"new","heightM":16.1,"areaM2":123.8,"centerLongitude":99.901688,"centerLatitude":24.652037}},{"type":"Feature","id":"building-1228","geometry":{"type":"MultiPolygon","coordinates":[[[[99.90182089006294,24.652210262234465],[99.90182960805545,24.6521499992147],[99.90170667593485,24.65213530921272],[99.90169795794235,24.65219557223957],[99.90182089006294,24.652210262234465]]]]},"properties":{"id":"1228","kind":"new","heightM":13.8,"areaM2":84.3,"centerLongitude":99.901764,"centerLatitude":24.652173}},{"type":"Feature","id":"building-1229","geometry":{"type":"MultiPolygon","coordinates":[[[[99.90184512318939,24.652345885488444],[99.90185634310237,24.652288377232978],[99.90168169159419,24.652260230915598],[99.9016704716812,24.65231773918403],[99.90184512318939,24.652345885488444]]]]},"properties":{"id":"1229","kind":"new","heightM":19.7,"areaM2":115.9,"centerLongitude":99.901763,"centerLatitude":24.652303}},{"type":"Feature","id":"building-1230","geometry":{"type":"MultiPolygon","coordinates":[[[[99.90188156631862,24.652278076873202],[99.90188933023276,24.652228280686515],[99.90179377484691,24.65221597431116],[99.90178601093275,24.652265770502762],[99.90188156631862,24.652278076873202]]]]},"properties":{"id":"1230","kind":"new","heightM":10.7,"areaM2":54.3,"centerLongitude":99.901838,"centerLatitude":24.652247}},{"type":"Feature","id":"building-1231","geometry":{"type":"MultiPolygon","coordinates":[[[[99.90208329028306,24.65246599599295],[99.90215521350136,24.65245756363332],[99.9021374127057,24.652332148937568],[99.9020654894874,24.65234058130567],[99.90208329028306,24.65246599599295]]]]},"properties":{"id":"1231","kind":"new","heightM":15.5,"areaM2":102.6,"centerLongitude":99.90211,"centerLatitude":24.652399}},{"type":"Feature","id":"building-1232","geometry":{"type":"MultiPolygon","coordinates":[[[[99.90199845929197,24.652485160775598],[99.90206651585467,24.652480970773443],[99.90205734704921,24.652357955967997],[99.90198929048653,24.652362145974287],[99.90199845929197,24.652485160775598]]]]},"properties":{"id":"1232","kind":"new","heightM":15.1,"areaM2":94.1,"centerLongitude":99.902028,"centerLatitude":24.652422}},{"type":"Feature","id":"building-1233","geometry":{"type":"MultiPolygon","coordinates":[[[[99.90258293962205,24.65218407465935],[99.9025810462262,24.652125816240815],[99.90249190823963,24.652128209207053],[99.90249380163546,24.652186467624468],[99.90258293962205,24.65218407465935]]]]},"properties":{"id":"1233","kind":"old","heightM":9.9,"areaM2":58.1,"centerLongitude":99.902537,"centerLatitude":24.652156}},{"type":"Feature","id":"building-1234","geometry":{"type":"MultiPolygon","coordinates":[[[[99.90271509150897,24.65224179009266],[99.90262288739513,24.65224179009266],[99.90262288739513,24.652294733100174],[99.90271509150897,24.652294733100174],[99.90271509150897,24.65224179009266]]]]},"properties":{"id":"1234","kind":"old","heightM":10.3,"areaM2":54.6,"centerLongitude":99.902669,"centerLatitude":24.652268}},{"type":"Feature","id":"building-1235","geometry":{"type":"MultiPolygon","coordinates":[[[[99.90268297946692,24.652213839892962],[99.90268177905503,24.652145421921922],[99.90259947884697,24.6521466146787],[99.90260067925884,24.65221503264909],[99.90268297946692,24.652213839892962]]]]},"properties":{"id":"1235","kind":"old","heightM":9.2,"areaM2":63,"centerLongitude":99.902641,"centerLatitude":24.65218}},{"type":"Feature","id":"building-1236","geometry":{"type":"MultiPolygon","coordinates":[[[[99.90252321012163,24.65201358062712],[99.9025907820363,24.65201143386014],[99.90258812512177,24.651942354080354],[99.90252055320708,24.65194450084852],[99.90252321012163,24.65201358062712]]]]},"properties":{"id":"1236","kind":"new","heightM":8.5,"areaM2":52.3,"centerLongitude":99.902556,"centerLatitude":24.651978}},{"type":"Feature","id":"building-1237","geometry":{"type":"MultiPolygon","coordinates":[[[[99.90271211718274,24.652012766970984],[99.90276722537573,24.652011880205517],[99.90276565505542,24.651931270431472],[99.90271054686244,24.651932157197507],[99.90271211718274,24.652012766970984]]]]},"properties":{"id":"1237","kind":"old","heightM":9.9,"areaM2":49.7,"centerLongitude":99.902739,"centerLatitude":24.651972}},{"type":"Feature","id":"building-1238","geometry":{"type":"MultiPolygon","coordinates":[[[[99.90300338248841,24.652005484785278],[99.90299430577987,24.651923844535297],[99.9028761462624,24.651934695919607],[99.90288522297094,24.652016336162482],[99.90300338248841,24.652005484785278]]]]},"properties":{"id":"1238","kind":"new","heightM":13.2,"areaM2":109,"centerLongitude":99.90294,"centerLatitude":24.65197}},{"type":"Feature","id":"building-1239","geometry":{"type":"MultiPolygon","coordinates":[[[[99.9031505298078,24.651982334752425],[99.90314366608177,24.651910834797324],[99.90300744500443,24.651921636468693],[99.90301430873045,24.651993136417612],[99.9031505298078,24.651982334752425]]]]},"properties":{"id":"1239","kind":"old","heightM":15.2,"areaM2":109.8,"centerLongitude":99.903079,"centerLatitude":24.651952}},{"type":"Feature","id":"building-1240","geometry":{"type":"MultiPolygon","coordinates":[[[[99.90311626863465,24.653063735239638],[99.90312232425924,24.65300246071104],[99.90293472786873,24.652987146719955],[99.90292867224414,24.65304842125607],[99.90311626863465,24.653063735239638]]]]},"properties":{"id":"1240","kind":"new","heightM":21,"areaM2":129.6,"centerLongitude":99.903025,"centerLatitude":24.653025}},{"type":"Feature","id":"building-1241","geometry":{"type":"MultiPolygon","coordinates":[[[[99.90244300797961,24.653180701979732],[99.90236957186836,24.653172934702642],[99.90235871972907,24.653257684742822],[99.90243215584032,24.65326545201464],[99.90244300797961,24.653180701979732]]]]},"properties":{"id":"1241","kind":"new","heightM":10.5,"areaM2":70.5,"centerLongitude":99.902401,"centerLatitude":24.653219}},{"type":"Feature","id":"building-1242","geometry":{"type":"MultiPolygon","coordinates":[[[[99.90139820653694,24.65367510807748],[99.90133358377518,24.6536685635968],[99.90132077895343,24.653773002923153],[99.90138540171519,24.653779547398358],[99.90139820653694,24.65367510807748]]]]},"properties":{"id":"1242","kind":"new","heightM":12.9,"areaM2":76.4,"centerLongitude":99.901359,"centerLatitude":24.653724}},{"type":"Feature","id":"building-1243","geometry":{"type":"MultiPolygon","coordinates":[[[[99.90145985956376,24.65366880689624],[99.90147248668853,24.653604535407865],[99.90135332291634,24.653585197427383],[99.90134069579155,24.65364946892571],[99.90145985956376,24.65366880689624]]]]},"properties":{"id":"1243","kind":"old","heightM":13.5,"areaM2":88.4,"centerLongitude":99.901407,"centerLatitude":24.653627}},{"type":"Feature","id":"building-1244","geometry":{"type":"MultiPolygon","coordinates":[[[[99.90161552274942,24.653409966644805],[99.90154683577452,24.65341124160455],[99.9015484219491,24.65348182636723],[99.90161710892397,24.653480551408197],[99.90161552274942,24.653409966644805]]]]},"properties":{"id":"1244","kind":"new","heightM":8.6,"areaM2":54.2,"centerLongitude":99.901582,"centerLatitude":24.653446}},{"type":"Feature","id":"building-1245","geometry":{"type":"MultiPolygon","coordinates":[[[[99.90166263607739,24.65317059286763],[99.90172206264725,24.6531601805155],[99.90170162996496,24.653063855014235],[99.90164220339511,24.6530742673744],[99.90166263607739,24.65317059286763]]]]},"properties":{"id":"1245","kind":"new","heightM":12,"areaM2":66.4,"centerLongitude":99.901682,"centerLatitude":24.653117}},{"type":"Feature","id":"building-1246","geometry":{"type":"MultiPolygon","coordinates":[[[[99.90116010169534,24.65428733983032],[99.9011209490735,24.65422518023581],[99.90102754744655,24.654273774324874],[99.90106670006837,24.654335933895194],[99.90116010169534,24.65428733983032]]]]},"properties":{"id":"1246","kind":"new","heightM":12,"areaM2":86.2,"centerLongitude":99.901094,"centerLatitude":24.654281}},{"type":"Feature","id":"building-1247","geometry":{"type":"MultiPolygon","coordinates":[[[[99.90132955357784,24.654585275202283],[99.90122136503383,24.654583397839872],[99.90121838240212,24.654725371103595],[99.90132657094613,24.654727248463875],[99.90132955357784,24.654585275202283]]]]},"properties":{"id":"1247","kind":"new","heightM":17.4,"areaM2":171.8,"centerLongitude":99.901274,"centerLatitude":24.654655}},{"type":"Feature","id":"building-1248","geometry":{"type":"MultiPolygon","coordinates":[[[[99.90133685549127,24.654676991545955],[99.90139328303889,24.654676335088844],[99.90139200476214,24.654585577439263],[99.90133557721451,24.654586233896854],[99.90133685549127,24.654676991545955]]]]},"properties":{"id":"1248","kind":"new","heightM":11.1,"areaM2":57.3,"centerLongitude":99.901364,"centerLatitude":24.654631}},{"type":"Feature","id":"building-1249","geometry":{"type":"MultiPolygon","coordinates":[[[[99.90227342307702,24.655336212344103],[99.90209819641433,24.65526154422657],[99.90191808578516,24.655610662757883],[99.90209331244785,24.655685330666582],[99.90227342307702,24.655336212344103]]]]},"properties":{"id":"1249","kind":"new","heightM":47.2,"areaM2":834.5,"centerLongitude":99.902096,"centerLatitude":24.655473}},{"type":"Feature","id":"building-1250","geometry":{"type":"MultiPolygon","coordinates":[[[[99.90263667494315,24.655303929062256],[99.90271075355848,24.65520423558425],[99.90221169020133,24.65489793215505],[99.90213761158601,24.654997625877687],[99.90263667494315,24.655303929062256]]]]},"properties":{"id":"1250","kind":"new","heightM":67,"areaM2":810.2,"centerLongitude":99.902424,"centerLatitude":24.655101}},{"type":"Feature","id":"building-1251","geometry":{"type":"MultiPolygon","coordinates":[[[[99.90228252708243,24.655266067320444],[99.90234807341955,24.655143211093925],[99.90214467346411,24.655053577216673],[99.902079127127,24.655176433531405],[99.90228252708243,24.655266067320444]]]]},"properties":{"id":"1251","kind":"new","heightM":25.2,"areaM2":345.2,"centerLongitude":99.902214,"centerLatitude":24.65516}},{"type":"Feature","id":"building-1252","geometry":{"type":"MultiPolygon","coordinates":[[[[99.90279250902654,24.655341814336566],[99.90284343942997,24.65526870679432],[99.90272043957697,24.655197930343665],[99.90266950917353,24.655271037927363],[99.90279250902654,24.655341814336566]]]]},"properties":{"id":"1252","kind":"new","heightM":16.2,"areaM2":140.9,"centerLongitude":99.902756,"centerLatitude":24.65527}},{"type":"Feature","id":"building-1253","geometry":{"type":"MultiPolygon","coordinates":[[[[99.90290064775132,24.65531441653643],[99.90283844138472,24.65529175614147],[99.90277077295518,24.655445190368543],[99.90283297932177,24.655467850735647],[99.90290064775132,24.65531441653643]]]]},"properties":{"id":"1253","kind":"new","heightM":20.2,"areaM2":123.9,"centerLongitude":99.902836,"centerLatitude":24.65538}},{"type":"Feature","id":"building-1254","geometry":{"type":"MultiPolygon","coordinates":[[[[99.90234602203411,24.65538727900097],[99.90228284258859,24.655358388289415],[99.90214392015093,24.655609321483787],[99.90220709959645,24.655638212137266],[99.90234602203411,24.65538727900097]]]]},"properties":{"id":"1254","kind":"new","heightM":34.4,"areaM2":222.2,"centerLongitude":99.902245,"centerLatitude":24.655498}},{"type":"Feature","id":"building-1255","geometry":{"type":"MultiPolygon","coordinates":[[[[99.90248576338415,24.655675237321425],[99.90253602906765,24.65559466123753],[99.90233119287508,24.655489115872843],[99.90228092719158,24.655569692024876],[99.90248576338415,24.655675237321425]]]]},"properties":{"id":"1255","kind":"new","heightM":26.2,"areaM2":243.9,"centerLongitude":99.902408,"centerLatitude":24.655582}},{"type":"Feature","id":"building-1256","geometry":{"type":"MultiPolygon","coordinates":[[[[99.90267976266712,24.655855485307207],[99.902714253115,24.655799345079693],[99.90227615411483,24.655577033142443],[99.90224166366694,24.655633173469937],[99.90267976266712,24.655855485307207]]]]},"properties":{"id":"1256","kind":"old","heightM":55.9,"areaM2":360.8,"centerLongitude":99.902478,"centerLatitude":24.655716}},{"type":"Feature","id":"building-1257","geometry":{"type":"MultiPolygon","coordinates":[[[[99.90297656075694,24.655653741741816],[99.90289899140681,24.655612811677948],[99.90273459694855,24.655870148094728],[99.90281216629867,24.65591107807422],[99.90297656075694,24.655653741741816]]]]},"properties":{"id":"1257","kind":"old","heightM":36.4,"areaM2":298.5,"centerLongitude":99.902856,"centerLatitude":24.655762}},{"type":"Feature","id":"building-1258","geometry":{"type":"MultiPolygon","coordinates":[[[[99.90309446745546,24.65573922494582],[99.90316947259082,24.655709757760516],[99.90312012429334,24.655606007107735],[99.903045119158,24.65563547431753],[99.90309446745546,24.65573922494582]]]]},"properties":{"id":"1258","kind":"old","heightM":13.8,"areaM2":103.3,"centerLongitude":99.903107,"centerLatitude":24.655673}},{"type":"Feature","id":"building-1259","geometry":{"type":"MultiPolygon","coordinates":[[[[99.90301463401164,24.655833925151967],[99.90304914771218,24.65578064351084],[99.90295108425948,24.65572817644119],[99.90291657055894,24.655781458104716],[99.90301463401164,24.655833925151967]]]]},"properties":{"id":"1259","kind":"new","heightM":12.7,"areaM2":78.7,"centerLongitude":99.902983,"centerLatitude":24.655781}},{"type":"Feature","id":"building-1260","geometry":{"type":"MultiPolygon","coordinates":[[[[99.90304230645535,24.656118487406612],[99.90308949060976,24.656027388803032],[99.90295860969523,24.655971396968646],[99.90291142554082,24.65606249561309],[99.90304230645535,24.656118487406612]]]]},"properties":{"id":"1260","kind":"new","heightM":16.1,"areaM2":162.9,"centerLongitude":99.903,"centerLatitude":24.656045}},{"type":"Feature","id":"building-1261","geometry":{"type":"MultiPolygon","coordinates":[[[[99.90288898375287,24.656053021841327],[99.90277976306707,24.656016686088087],[99.902725356573,24.656151764276817],[99.90283457725882,24.65618809999074],[99.90288898375287,24.656053021841327]]]]},"properties":{"id":"1261","kind":"new","heightM":17.6,"areaM2":187.1,"centerLongitude":99.902807,"centerLatitude":24.656102}},{"type":"Feature","id":"building-1262","geometry":{"type":"MultiPolygon","coordinates":[[[[99.90347456568071,24.655980399307794],[99.90347587703567,24.65590313524392],[99.90334834770277,24.65590134744974],[99.9033470363478,24.655978611514712],[99.90347456568071,24.655980399307794]]]]},"properties":{"id":"1262","kind":"new","heightM":14.2,"areaM2":110.2,"centerLongitude":99.903411,"centerLatitude":24.655941}},{"type":"Feature","id":"building-1263","geometry":{"type":"MultiPolygon","coordinates":[[[[99.90336366839563,24.656006375103697],[99.90333275969263,24.655948353135344],[99.90322973354556,24.65599368463972],[99.90326064224855,24.656051706586997],[99.90336366839563,24.656006375103697]]]]},"properties":{"id":"1263","kind":"new","heightM":12.7,"areaM2":82.5,"centerLongitude":99.903297,"centerLatitude":24.656}},{"type":"Feature","id":"building-1264","geometry":{"type":"MultiPolygon","coordinates":[[[[99.90323741792709,24.65596102221839],[99.90318179329499,24.655937665065665],[99.90312874548792,24.656042011849607],[99.90318437012002,24.6560653689828],[99.90323741792709,24.65596102221839]]]]},"properties":{"id":"1264","kind":"new","heightM":14.1,"areaM2":78.8,"centerLongitude":99.903183,"centerLatitude":24.656002}},{"type":"Feature","id":"building-1265","geometry":{"type":"MultiPolygon","coordinates":[[[[99.90308433407584,24.65633493899782],[99.90312774887572,24.656299901050993],[99.90304791580263,24.6562181968917],[99.90300450100277,24.656253234861463],[99.90308433407584,24.65633493899782]]]]},"properties":{"id":"1265","kind":"new","heightM":13.4,"areaM2":71,"centerLongitude":99.903066,"centerLatitude":24.656277}},{"type":"Feature","id":"building-1266","geometry":{"type":"MultiPolygon","coordinates":[[[[99.90331217783758,24.656251156682348],[99.90328968111938,24.656190472648007],[99.90314262049989,24.656235502837543],[99.90316511721811,24.65629618684999],[99.90331217783758,24.656251156682348]]]]},"properties":{"id":"1266","kind":"old","heightM":17.3,"areaM2":111.1,"centerLongitude":99.903227,"centerLatitude":24.656243}},{"type":"Feature","id":"building-1267","geometry":{"type":"MultiPolygon","coordinates":[[[[99.90348428081505,24.656206531717014],[99.90346077182562,24.65614041334555],[99.90330304719812,24.656186733960897],[99.90332655618755,24.656252852307826],[99.90348428081505,24.656206531717014]]]]},"properties":{"id":"1267","kind":"old","heightM":18.5,"areaM2":128.8,"centerLongitude":99.903394,"centerLatitude":24.656197}},{"type":"Feature","id":"building-1268","geometry":{"type":"MultiPolygon","coordinates":[[[[99.9037315474693,24.655951250910505],[99.90373248530636,24.65587572484483],[99.90361632338885,24.6558745334404],[99.90361538555177,24.655950059506797],[99.9037315474693,24.655951250910505]]]]},"properties":{"id":"1268","kind":"new","heightM":12.9,"areaM2":98.1,"centerLongitude":99.903674,"centerLatitude":24.655913}},{"type":"Feature","id":"building-1269","geometry":{"type":"MultiPolygon","coordinates":[[[[99.9038234233272,24.656244930083634],[99.90377558348565,24.656190218216523],[99.90369053259055,24.656251643862092],[99.90373837243207,24.656306355702274],[99.9038234233272,24.656244930083634]]]]},"properties":{"id":"1269","kind":"new","heightM":12.1,"areaM2":84.9,"centerLongitude":99.903757,"centerLatitude":24.656248}},{"type":"Feature","id":"building-1270","geometry":{"type":"MultiPolygon","coordinates":[[[[99.9038599394657,24.656178831884883],[99.9038568558346,24.65612237381458],[99.90376335268535,24.656126592001684],[99.90376643631645,24.656183050070073],[99.9038599394657,24.656178831884883]]]]},"properties":{"id":"1270","kind":"new","heightM":10.4,"areaM2":59.2,"centerLongitude":99.903812,"centerLatitude":24.656153}},{"type":"Feature","id":"building-1271","geometry":{"type":"MultiPolygon","coordinates":[[[[99.90387535614393,24.656890582800248],[99.90387561647498,24.656832526678496],[99.90374708027294,24.6568320506185],[99.90374681994189,24.656890106740473],[99.90387535614393,24.656890582800248]]]]},"properties":{"id":"1271","kind":"new","heightM":14.3,"areaM2":83.5,"centerLongitude":99.903811,"centerLatitude":24.656861}},{"type":"Feature","id":"building-1272","geometry":{"type":"MultiPolygon","coordinates":[[[[99.90386378883254,24.656824821712117],[99.90386454163358,24.65674305721414],[99.90375081828583,24.656742192397697],[99.90375006548479,24.656823956896243],[99.90386378883254,24.656824821712117]]]]},"properties":{"id":"1272","kind":"new","heightM":12.7,"areaM2":104,"centerLongitude":99.903807,"centerLatitude":24.656784}},{"type":"Feature","id":"building-1273","geometry":{"type":"MultiPolygon","coordinates":[[[[99.90399532228147,24.656830124600894],[99.90399234619285,24.656766213258937],[99.90388047022275,24.65677051618079],[99.90388344631138,24.656834427520547],[99.90399532228147,24.656830124600894]]]]},"properties":{"id":"1273","kind":"old","heightM":12.5,"areaM2":80.1,"centerLongitude":99.903938,"centerLatitude":24.6568}},{"type":"Feature","id":"building-1274","geometry":{"type":"MultiPolygon","coordinates":[[[[99.90405321207909,24.656950263912385],[99.9040499893567,24.65688708867512],[99.90389261601126,24.656893719462012],[99.90389583873366,24.656956894695924],[99.90405321207909,24.656950263912385]]]]},"properties":{"id":"1274","kind":"old","heightM":17.5,"areaM2":111.4,"centerLongitude":99.903973,"centerLatitude":24.656922}},{"type":"Feature","id":"building-1275","geometry":{"type":"MultiPolygon","coordinates":[[[[99.90450661720276,24.656858092214904],[99.90446926961097,24.6567687543967],[99.9043573380539,24.656807403409406],[99.9043946856457,24.656896741199944],[99.90450661720276,24.656858092214904]]]]},"properties":{"id":"1275","kind":"new","heightM":13.3,"areaM2":128,"centerLongitude":99.904432,"centerLatitude":24.656833}},{"type":"Feature","id":"building-1276","geometry":{"type":"MultiPolygon","coordinates":[[[[99.90454529256635,24.656924614709226],[99.90451756859854,24.65686718588831],[99.90442608321753,24.65690366423608],[99.90445380718533,24.65696109304021],[99.90454529256635,24.656924614709226]]]]},"properties":{"id":"1276","kind":"new","heightM":11.1,"areaM2":70.1,"centerLongitude":99.904486,"centerLatitude":24.656914}},{"type":"Feature","id":"building-1277","geometry":{"type":"MultiPolygon","coordinates":[[[[99.90449408130894,24.6567010304397],[99.90449306422101,24.65663550458038],[99.90433309913784,24.656637555414818],[99.90433411622577,24.656703081273058],[99.90449408130894,24.6567010304397]]]]},"properties":{"id":"1277","kind":"new","heightM":17.8,"areaM2":117.2,"centerLongitude":99.904414,"centerLatitude":24.656669}},{"type":"Feature","id":"building-1278","geometry":{"type":"MultiPolygon","coordinates":[[[[99.9044539154953,24.656618196260627],[99.90445090918838,24.656541512467037],[99.90432044091743,24.656545737157497],[99.90432344722434,24.65662242094849],[99.9044539154953,24.656618196260627]]]]},"properties":{"id":"1278","kind":"new","heightM":14.5,"areaM2":112,"centerLongitude":99.904387,"centerLatitude":24.656582}},{"type":"Feature","id":"building-1279","geometry":{"type":"MultiPolygon","coordinates":[[[[99.90430815245901,24.656681671311787],[99.90430847400783,24.65662217984857],[99.9042018181939,24.6566217037065],[99.90420149664507,24.65668119516994],[99.90430815245901,24.656681671311787]]]]},"properties":{"id":"1279","kind":"old","heightM":11.9,"areaM2":71,"centerLongitude":99.904255,"centerLatitude":24.656652}},{"type":"Feature","id":"building-1280","geometry":{"type":"MultiPolygon","coordinates":[[[[99.9042831650751,24.656609030382064],[99.90428493053905,24.656544140179022],[99.90417091588613,24.656541578051975],[99.90416915042218,24.65660646825635],[99.9042831650751,24.656609030382064]]]]},"properties":{"id":"1280","kind":"old","heightM":12.7,"areaM2":82.8,"centerLongitude":99.904227,"centerLatitude":24.656575}},{"type":"Feature","id":"building-1281","geometry":{"type":"MultiPolygon","coordinates":[[[[99.90501653327378,24.65737488763296],[99.90505440090307,24.657336660369765],[99.90498015225737,24.657275911478735],[99.90494228462809,24.657314138760533],[99.90501653327378,24.65737488763296]]]]},"properties":{"id":"1281","kind":"old","heightM":11.1,"areaM2":57.5,"centerLongitude":99.904998,"centerLatitude":24.657325}},{"type":"Feature","id":"building-1282","geometry":{"type":"MultiPolygon","coordinates":[[[[99.90513366380588,24.65733676172107],[99.90509395670146,24.657305762599947],[99.90503755519013,24.657365433763168],[99.90507726229454,24.65739643286947],[99.90513366380588,24.65733676172107]]]]},"properties":{"id":"1282","kind":"old","heightM":9.6,"areaM2":46.1,"centerLongitude":99.905086,"centerLatitude":24.657351}},{"type":"Feature","id":"building-1283","geometry":{"type":"MultiPolygon","coordinates":[[[[99.9053369657937,24.657221080308865],[99.90530921934601,24.65715996752936],[99.90518791607698,24.65720545625499],[99.90521566252465,24.657266569012222],[99.9053369657937,24.657221080308865]]]]},"properties":{"id":"1283","kind":"new","heightM":14.6,"areaM2":97,"centerLongitude":99.905262,"centerLatitude":24.657213}},{"type":"Feature","id":"building-1284","geometry":{"type":"MultiPolygon","coordinates":[[[[99.90527908693234,24.657155181409518],[99.90525532455425,24.657107857333358],[99.90516374753747,24.657145836948647],[99.90518750991556,24.657193161010408],[99.90527908693234,24.657155181409518]]]]},"properties":{"id":"1284","kind":"new","heightM":11.2,"areaM2":58.6,"centerLongitude":99.905221,"centerLatitude":24.657151}},{"type":"Feature","id":"building-1285","geometry":{"type":"MultiPolygon","coordinates":[[[[99.90522855808149,24.657536754004774],[99.90522786030613,24.657477200161512],[99.90512231022063,24.65747822161411],[99.905123007996,24.657537775456888],[99.90522855808149,24.657536754004774]]]]},"properties":{"id":"1285","kind":"new","heightM":11.8,"areaM2":70.3,"centerLongitude":99.905175,"centerLatitude":24.657507}},{"type":"Feature","id":"building-1286","geometry":{"type":"MultiPolygon","coordinates":[[[[99.90532294531398,24.65745040926983],[99.90523843038106,24.657448596149383],[99.90523627894889,24.6575314262895],[99.90532079388181,24.657533239408743],[99.90532294531398,24.65745040926983]]]]},"properties":{"id":"1286","kind":"new","heightM":10.1,"areaM2":78.3,"centerLongitude":99.90528,"centerLatitude":24.657491}},{"type":"Feature","id":"building-1287","geometry":{"type":"MultiPolygon","coordinates":[[[[99.90551517359343,24.6574358065464],[99.90555426708485,24.657385810167714],[99.90546380502036,24.657327386751835],[99.90542471152895,24.657377383153925],[99.90551517359343,24.6574358065464]]]]},"properties":{"id":"1287","kind":"new","heightM":12.4,"areaM2":76.1,"centerLongitude":99.905489,"centerLatitude":24.657382}},{"type":"Feature","id":"building-1288","geometry":{"type":"MultiPolygon","coordinates":[[[[99.90565449374813,24.65735145930628],[99.90560232135283,24.65732129498565],[99.90552230008123,24.657435611085784],[99.90557447247653,24.657465775378785],[99.90565449374813,24.65735145930628]]]]},"properties":{"id":"1288","kind":"new","heightM":16.6,"areaM2":93.7,"centerLongitude":99.905588,"centerLatitude":24.657394}},{"type":"Feature","id":"building-1289","geometry":{"type":"MultiPolygon","coordinates":[[[[99.9055547321326,24.657366504744633],[99.90560491377543,24.657294237031373],[99.90551743993801,24.657244068213622],[99.90546725829519,24.65731633595593],[99.9055547321326,24.657366504744633]]]]},"properties":{"id":"1289","kind":"new","heightM":11.5,"areaM2":98.9,"centerLongitude":99.905536,"centerLatitude":24.657305}},{"type":"Feature","id":"building-1290","geometry":{"type":"MultiPolygon","coordinates":[[[[99.90549804246228,24.65726848360871],[99.90545300706741,24.657242586878567],[99.90540202923438,24.65731580958298],[99.90544706462923,24.657341706297927],[99.90549804246228,24.65726848360871]]]]},"properties":{"id":"1290","kind":"new","heightM":10.6,"areaM2":51.6,"centerLongitude":99.90545,"centerLatitude":24.657292}},{"type":"Feature","id":"building-1291","geometry":{"type":"MultiPolygon","coordinates":[[[[99.90600335851938,24.657519552420947],[99.90596361871192,24.657471462769635],[99.90589893775241,24.65751561009065],[99.90593867755987,24.65756369972495],[99.90600335851938,24.657519552420947]]]]},"properties":{"id":"1291","kind":"new","heightM":9,"areaM2":54.4,"centerLongitude":99.905951,"centerLatitude":24.657518}},{"type":"Feature","id":"building-1292","geometry":{"type":"MultiPolygon","coordinates":[[[[99.90591788748733,24.65749430045799],[99.90586668921537,24.657438434753775],[99.90579852969128,24.657490027726006],[99.90584972796326,24.65754589340713],[99.90591788748733,24.65749430045799]]]]},"properties":{"id":"1292","kind":"new","heightM":9.9,"areaM2":72.1,"centerLongitude":99.905858,"centerLatitude":24.657492}},{"type":"Feature","id":"building-1293","geometry":{"type":"MultiPolygon","coordinates":[[[[99.90598750987188,24.657403802854166],[99.90594581681016,24.65735483359378],[99.90585834998548,24.65741634252125],[99.90590004304723,24.657465311757505],[99.90598750987188,24.657403802854166]]]]},"properties":{"id":"1293","kind":"new","heightM":12.3,"areaM2":76.6,"centerLongitude":99.905923,"centerLatitude":24.65741}},{"type":"Feature","id":"building-1294","geometry":{"type":"MultiPolygon","coordinates":[[[[99.90583467411655,24.657609497636713],[99.90586960834963,24.657575349448614],[99.90581083512421,24.657525688351704],[99.90577590089113,24.657559836553393],[99.90583467411655,24.657609497636713]]]]},"properties":{"id":"1294","kind":"old","heightM":8.9,"areaM2":41.8,"centerLongitude":99.905823,"centerLatitude":24.657568}},{"type":"Feature","id":"building-1295","geometry":{"type":"MultiPolygon","coordinates":[[[[99.90618239901299,24.657807996165676],[99.9061364627593,24.657785028141],[99.90605912753324,24.657912778101114],[99.90610506378694,24.65793574610227],[99.90618239901299,24.657807996165676]]]]},"properties":{"id":"1295","kind":"new","heightM":17.9,"areaM2":85.5,"centerLongitude":99.906121,"centerLatitude":24.65786}},{"type":"Feature","id":"building-1296","geometry":{"type":"MultiPolygon","coordinates":[[[[99.90623670408183,24.657858152929954],[99.90617897179487,24.657829370875955],[99.90610998472806,24.65794366288025],[99.90616771701502,24.657972444907898],[99.90623670408183,24.657858152929954]]]]},"properties":{"id":"1296","kind":"new","heightM":16,"areaM2":96,"centerLongitude":99.906173,"centerLatitude":24.657901}},{"type":"Feature","id":"building-1297","geometry":{"type":"MultiPolygon","coordinates":[[[[99.90641057666721,24.658045341175065],[99.90641449099965,24.657982150388563],[99.9063114946397,24.657976880807382],[99.90630758030726,24.65804007159656],[99.90641057666721,24.658045341175065]]]]},"properties":{"id":"1297","kind":"new","heightM":11.5,"areaM2":73,"centerLongitude":99.906361,"centerLatitude":24.658011}},{"type":"Feature","id":"building-1298","geometry":{"type":"MultiPolygon","coordinates":[[[[99.90655963883182,24.658086317902644],[99.9065908629995,24.65802199614914],[99.90647804545405,24.657976762699715],[99.9064468212864,24.658041084476526],[99.90655963883182,24.658086317902644]]]]},"properties":{"id":"1298","kind":"new","heightM":13.7,"areaM2":96.9,"centerLongitude":99.906519,"centerLatitude":24.658032}},{"type":"Feature","id":"building-1299","geometry":{"type":"MultiPolygon","coordinates":[[[[99.90670421241657,24.658237943999033],[99.90676728165326,24.658188533709936],[99.90668360955634,24.658100321268762],[99.90662054031965,24.658149731592776],[99.90670421241657,24.658237943999033]]]]},"properties":{"id":"1299","kind":"new","heightM":14.3,"areaM2":108.5,"centerLongitude":99.906694,"centerLatitude":24.658169}},{"type":"Feature","id":"building-1300","geometry":{"type":"MultiPolygon","coordinates":[[[[99.90671554918434,24.6580523425205],[99.90666678513094,24.65801393228981],[99.90657458339281,24.65811061346283],[99.9066233474462,24.658149023663768],[99.90671554918434,24.6580523425205]]]]},"properties":{"id":"1300","kind":"new","heightM":15.7,"areaM2":92.3,"centerLongitude":99.906645,"centerLatitude":24.658081}},{"type":"Feature","id":"building-1301","geometry":{"type":"MultiPolygon","coordinates":[[[[99.90518960851615,24.658987681301713],[99.90521383855962,24.65893742303351],[99.90509468246671,24.65888997626366],[99.90507045242327,24.658940234550965],[99.90518960851615,24.658987681301713]]]]},"properties":{"id":"1301","kind":"new","heightM":14.5,"areaM2":79.8,"centerLongitude":99.905142,"centerLatitude":24.658939}},{"type":"Feature","id":"building-1302","geometry":{"type":"MultiPolygon","coordinates":[[[[99.90526228147124,24.658885407011653],[99.90528655868304,24.658839489461123],[99.90516668074066,24.658787141014887],[99.90514240352886,24.658833058584676],[99.90526228147124,24.658885407011653]]]]},"properties":{"id":"1302","kind":"new","heightM":14.8,"areaM2":75.8,"centerLongitude":99.905214,"centerLatitude":24.658836}},{"type":"Feature","id":"building-1303","geometry":{"type":"MultiPolygon","coordinates":[[[[99.9049503740259,24.653988517095],[99.90500918148712,24.653860709519854],[99.90482405794977,24.653790351042566],[99.90476525048855,24.653918158689752],[99.9049503740259,24.653988517095]]]]},"properties":{"id":"1303","kind":"new","heightM":22.3,"areaM2":310.9,"centerLongitude":99.904887,"centerLatitude":24.653889}},{"type":"Feature","id":"building-1304","geometry":{"type":"MultiPolygon","coordinates":[[[[99.90491101059784,24.654117267460027],[99.90496036183903,24.65401128124405],[99.90476728318069,24.653937020222656],[99.9047179319395,24.654043006501684],[99.90491101059784,24.654117267460027]]]]},"properties":{"id":"1304","kind":"new","heightM":23.3,"areaM2":269.8,"centerLongitude":99.904839,"centerLatitude":24.654027}},{"type":"Feature","id":"building-1305","geometry":{"type":"MultiPolygon","coordinates":[[[[99.90509839315214,24.654136303148096],[99.90514568457347,24.65402742678168],[99.90498253941307,24.653968893785986],[99.90493524799173,24.654077770203447],[99.90509839315214,24.654136303148096]]]]},"properties":{"id":"1305","kind":"new","heightM":19.5,"areaM2":229.6,"centerLongitude":99.90504,"centerLatitude":24.654053}},{"type":"Feature","id":"building-1306","geometry":{"type":"MultiPolygon","coordinates":[[[[99.90546214041295,24.652810708074476],[99.90542469657143,24.652738369807086],[99.90528451119552,24.652798307723394],[99.90532195503701,24.652870645956053],[99.90546214041295,24.652810708074476]]]]},"properties":{"id":"1306","kind":"new","heightM":17.2,"areaM2":138.5,"centerLongitude":99.905373,"centerLatitude":24.652805}},{"type":"Feature","id":"building-1307","geometry":{"type":"MultiPolygon","coordinates":[[[[99.90600108802701,24.652843836196865],[99.90592240594619,24.65277975284079],[99.905841968032,24.65286133171596],[99.90592065011283,24.65292541503016],[99.90600108802701,24.652843836196865]]]]},"properties":{"id":"1307","kind":"new","heightM":13.4,"areaM2":129.4,"centerLongitude":99.905922,"centerLatitude":24.652853}},{"type":"Feature","id":"building-1308","geometry":{"type":"MultiPolygon","coordinates":[[[[99.90596531011204,24.652802139362056],[99.90601230929998,24.652760082273584],[99.90595221471403,24.652704610348916],[99.90590521552609,24.65274666745608],[99.90596531011204,24.652802139362056]]]]},"properties":{"id":"1308","kind":"new","heightM":9.5,"areaM2":57.4,"centerLongitude":99.905959,"centerLatitude":24.652753}},{"type":"Feature","id":"building-1309","geometry":{"type":"MultiPolygon","coordinates":[[[[99.9058393636838,24.6529217793613],[99.90587424911585,24.65288649050292],[99.90579810694396,24.65282431523883],[99.9057632215119,24.652859604114784],[99.9058393636838,24.6529217793613]]]]},"properties":{"id":"1309","kind":"new","heightM":11.4,"areaM2":54.3,"centerLongitude":99.905819,"centerLatitude":24.652873}},{"type":"Feature","id":"building-1310","geometry":{"type":"MultiPolygon","coordinates":[[[[99.90625402141238,24.65256686979624],[99.90620578438991,24.652535104350697],[99.90614077606004,24.652616646589607],[99.90618901308248,24.6526484120144],[99.90625402141238,24.65256686979624]]]]},"properties":{"id":"1310","kind":"old","heightM":12.3,"areaM2":67.1,"centerLongitude":99.906197,"centerLatitude":24.652592}},{"type":"Feature","id":"building-1311","geometry":{"type":"MultiPolygon","coordinates":[[[[99.90623719327516,24.652766744879667],[99.90627702882313,24.65272254159071],[99.90619297619467,24.652659973267344],[99.90615314064668,24.65270417657846],[99.90623719327516,24.652766744879667]]]]},"properties":{"id":"1311","kind":"old","heightM":12.1,"areaM2":69.4,"centerLongitude":99.906215,"centerLatitude":24.652713}},{"type":"Feature","id":"building-1312","geometry":{"type":"MultiPolygon","coordinates":[[[[99.90635458767633,24.652396266664184],[99.90630310434497,24.652366995430658],[99.90623716915103,24.652462788069226],[99.90628865248237,24.65249205928029],[99.90635458767633,24.652396266664184]]]]},"properties":{"id":"1312","kind":"old","heightM":13.8,"areaM2":76.7,"centerLongitude":99.906296,"centerLatitude":24.65243}},{"type":"Feature","id":"building-1313","geometry":{"type":"MultiPolygon","coordinates":[[[[99.90647306076158,24.652442692936642],[99.90641110902042,24.652403468819784],[99.90632290994357,24.652518536487023],[99.90638486168471,24.652557760567724],[99.90647306076158,24.652442692936642]]]]},"properties":{"id":"1313","kind":"old","heightM":17.2,"areaM2":118.4,"centerLongitude":99.906398,"centerLatitude":24.652481}},{"type":"Feature","id":"building-1314","geometry":{"type":"MultiPolygon","coordinates":[[[[99.9065109577031,24.652730836275786],[99.90644973862942,24.6526953610495],[99.90637841086426,24.652797034396855],[99.90643962993795,24.652832509594244],[99.9065109577031,24.652730836275786]]]]},"properties":{"id":"1314","kind":"new","heightM":14.8,"areaM2":97.9,"centerLongitude":99.906445,"centerLatitude":24.652764}},{"type":"Feature","id":"building-1315","geometry":{"type":"MultiPolygon","coordinates":[[[[99.90640058480531,24.652687021573588],[99.90634428937511,24.652650084768254],[99.90627760258,24.652734038678126],[99.9063338980102,24.65277097545862],[99.90640058480531,24.652687021573588]]]]},"properties":{"id":"1315","kind":"new","heightM":12.7,"areaM2":80.4,"centerLongitude":99.906339,"centerLatitude":24.652711}},{"type":"Feature","id":"building-1316","geometry":{"type":"MultiPolygon","coordinates":[[[[99.90658014505392,24.652622973360533],[99.90651739195962,24.652585860748548],[99.90645168972326,24.652677626680223],[99.90651444281757,24.652714739264926],[99.90658014505392,24.652622973360533]]]]},"properties":{"id":"1316","kind":"new","heightM":13.4,"areaM2":91.7,"centerLongitude":99.906516,"centerLatitude":24.65265}},{"type":"Feature","id":"building-1317","geometry":{"type":"MultiPolygon","coordinates":[[[[99.9064857848551,24.65256583489909],[99.90642832348034,24.65253088080744],[99.90636829585986,24.65261239199595],[99.9064257572346,24.652647346064782],[99.9064857848551,24.65256583489909]]]]},"properties":{"id":"1317","kind":"old","heightM":12,"areaM2":75.8,"centerLongitude":99.906427,"centerLatitude":24.652589}},{"type":"Feature","id":"building-1318","geometry":{"type":"MultiPolygon","coordinates":[[[[99.90711527005406,24.65262875017992],[99.9071585638716,24.652570771133025],[99.90702818941877,24.65249035644541],[99.90698489560125,24.652548335529648],[99.90711527005406,24.65262875017992]]]]},"properties":{"id":"1318","kind":"new","heightM":17.5,"areaM2":123.5,"centerLongitude":99.907072,"centerLatitude":24.65256}},{"type":"Feature","id":"building-1319","geometry":{"type":"MultiPolygon","coordinates":[[[[99.90727481673323,24.652717311577245],[99.90732125633009,24.65265725511555],[99.90719202367853,24.652574710562018],[99.90714558408168,24.652634767063418],[99.90727481673323,24.652717311577245]]]]},"properties":{"id":"1319","kind":"new","heightM":17.6,"areaM2":129.7,"centerLongitude":99.907233,"centerLatitude":24.652646}},{"type":"Feature","id":"building-1320","geometry":{"type":"MultiPolygon","coordinates":[[[[99.90473754230484,24.649292890675593],[99.90467325683723,24.649260716163266],[99.90462123735284,24.64934657356296],[99.90468552282044,24.649378748053156],[99.90473754230484,24.649292890675593]]]]},"properties":{"id":"1320","kind":"new","heightM":12,"areaM2":80.4,"centerLongitude":99.904679,"centerLatitude":24.64932}},{"type":"Feature","id":"building-1321","geometry":{"type":"MultiPolygon","coordinates":[[[[99.9054947728869,24.649692720536084],[99.90544491604143,24.649666414264857],[99.90538434417707,24.649761243985264],[99.90543420102253,24.649787550236507],[99.9054947728869,24.649692720536084]]]]},"properties":{"id":"1321","kind":"old","heightM":13.4,"areaM2":70.7,"centerLongitude":99.90544,"centerLatitude":24.649727}},{"type":"Feature","id":"building-1322","geometry":{"type":"MultiPolygon","coordinates":[[[[99.90560134419059,24.6497745038975],[99.90554961232559,24.649752074860988],[99.90550245901845,24.649841914318515],[99.90555419088344,24.649864343338894],[99.90560134419059,24.6497745038975]]]]},"properties":{"id":"1322","kind":"old","heightM":12.2,"areaM2":63.8,"centerLongitude":99.905552,"centerLatitude":24.649808}},{"type":"Feature","id":"building-1323","geometry":{"type":"MultiPolygon","coordinates":[[[[99.90559520070339,24.649919098538447],[99.90558147510598,24.64986633304596],[99.90547309095501,24.64988962220216],[99.9054868165524,24.649942387684803],[99.90559520070339,24.649919098538447]]]]},"properties":{"id":"1323","kind":"old","heightM":12.4,"areaM2":67.5,"centerLongitude":99.905534,"centerLatitude":24.649904}},{"type":"Feature","id":"building-1324","geometry":{"type":"MultiPolygon","coordinates":[[[[99.90556008195423,24.65002428520007],[99.90562606692203,24.65001359758581],[99.9056113651971,24.649938618789577],[99.90554538022931,24.64994930641025],[99.90556008195423,24.65002428520007]]]]},"properties":{"id":"1324","kind":"old","heightM":9.3,"areaM2":57.1,"centerLongitude":99.905586,"centerLatitude":24.649981}},{"type":"Feature","id":"building-1325","geometry":{"type":"MultiPolygon","coordinates":[[[[99.90570104913897,24.65007347644821],[99.90566287466947,24.650029520014236],[99.90559281735285,24.650079778523597],[99.90563099182235,24.650123734939868],[99.90570104913897,24.65007347644821]]]]},"properties":{"id":"1325","kind":"new","heightM":9.9,"areaM2":55.9,"centerLongitude":99.905647,"centerLatitude":24.650077}},{"type":"Feature","id":"building-1326","geometry":{"type":"MultiPolygon","coordinates":[[[[99.90633658843362,24.651562773031454],[99.90637809029005,24.651506225814394],[99.90626483754018,24.651437566335748],[99.90622333568376,24.6514941135839],[99.90633658843362,24.651562773031454]]]]},"properties":{"id":"1326","kind":"new","heightM":15.2,"areaM2":103.5,"centerLongitude":99.906301,"centerLatitude":24.6515}},{"type":"Feature","id":"building-1327","geometry":{"type":"MultiPolygon","coordinates":[[[[99.90688407831773,24.651743001957932],[99.90686321756853,24.6516679216844],[99.90677268168152,24.651688700412567],[99.90679354243069,24.6517637806736],[99.90688407831773,24.651743001957932]]]]},"properties":{"id":"1327","kind":"new","heightM":10.4,"areaM2":80.9,"centerLongitude":99.906828,"centerLatitude":24.651716}},{"type":"Feature","id":"building-1328","geometry":{"type":"MultiPolygon","coordinates":[[[[99.90688891574739,24.6516971890548],[99.90694411159645,24.651682267620647],[99.90691748441304,24.651600906783408],[99.906862288564,24.651615828227282],[99.90688891574739,24.6516971890548]]]]},"properties":{"id":"1328","kind":"new","heightM":10.4,"areaM2":54.7,"centerLongitude":99.906903,"centerLatitude":24.651649}},{"type":"Feature","id":"building-1329","geometry":{"type":"MultiPolygon","coordinates":[[[[99.90630997482641,24.65191017556269],[99.9063911846181,24.65188104816595],[99.9063560773081,24.65180019496863],[99.90627486751642,24.65182932238424],[99.90630997482641,24.65191017556269]]]]},"properties":{"id":"1329","kind":"old","heightM":10.6,"areaM2":84.9,"centerLongitude":99.906333,"centerLatitude":24.651855}},{"type":"Feature","id":"building-1330","geometry":{"type":"MultiPolygon","coordinates":[[[[99.90639465410726,24.651866844624575],[99.90644519322431,24.651847919509528],[99.9063951532994,24.651737537323527],[99.90634461418234,24.6517564624553],[99.90639465410726,24.651866844624575]]]]},"properties":{"id":"1330","kind":"old","heightM":14.6,"areaM2":73,"centerLongitude":99.906395,"centerLatitude":24.651802}},{"type":"Feature","id":"building-1331","geometry":{"type":"MultiPolygon","coordinates":[[[[99.90745849520377,24.655099239857286],[99.90754148074792,24.655100535585916],[99.90754421053992,24.65495612845716],[99.90746122499577,24.654954832727032],[99.90745849520377,24.655099239857286]]]]},"properties":{"id":"1331","kind":"new","heightM":17.7,"areaM2":134.1,"centerLongitude":99.907501,"centerLatitude":24.655028}},{"type":"Feature","id":"building-1332","geometry":{"type":"MultiPolygon","coordinates":[[[[99.90942426482118,24.654913104398933],[99.90940938707895,24.654871511590834],[99.90928137043097,24.654909334691048],[99.90929624817323,24.654950927486542],[99.90942426482118,24.654913104398933]]]]},"properties":{"id":"1332","kind":"new","heightM":15,"areaM2":65.8,"centerLongitude":99.909353,"centerLatitude":24.654911}},{"type":"Feature","id":"building-1333","geometry":{"type":"MultiPolygon","coordinates":[[[[99.90898471497545,24.655558611599826],[99.90898239726658,24.655479643722007],[99.90888299754862,24.655482053412218],[99.90888531525748,24.655561021288513],[99.90898471497545,24.655558611599826]]]]},"properties":{"id":"1333","kind":"new","heightM":11.1,"areaM2":87.8,"centerLongitude":99.908934,"centerLatitude":24.65552}},{"type":"Feature","id":"building-1334","geometry":{"type":"MultiPolygon","coordinates":[[[[99.90905895848363,24.655623397791587],[99.9090455719562,24.655569587348044],[99.90895648641569,24.655587892596134],[99.90896987294312,24.655641703031787],[99.90905895848363,24.655623397791587]]]]},"properties":{"id":"1334","kind":"old","heightM":10.2,"areaM2":56.4,"centerLongitude":99.909008,"centerLatitude":24.655606}},{"type":"Feature","id":"building-1335","geometry":{"type":"MultiPolygon","coordinates":[[[[99.90904860087416,24.65574414813556],[99.90909135280744,24.655733966157023],[99.90906514791787,24.655643085370453],[99.90902239598458,24.655653267356403],[99.90904860087416,24.65574414813556]]]]},"properties":{"id":"1335","kind":"new","heightM":11.5,"areaM2":46.4,"centerLongitude":99.909057,"centerLatitude":24.655694}},{"type":"Feature","id":"building-1336","geometry":{"type":"MultiPolygon","coordinates":[[[[99.90912377426062,24.65580229013372],[99.90909792009843,24.65574566746245],[99.90898987962456,24.655786414155315],[99.90901573378677,24.655843036808108],[99.90912377426062,24.65580229013372]]]]},"properties":{"id":"1336","kind":"old","heightM":13,"areaM2":80.2,"centerLongitude":99.909057,"centerLatitude":24.655794}},{"type":"Feature","id":"building-1337","geometry":{"type":"MultiPolygon","coordinates":[[[[99.90899536532906,24.655761371905164],[99.90904259328414,24.655751595204922],[99.90901831292491,24.655654716572432],[99.90897108496983,24.65566449328026],[99.90899536532906,24.655761371905164]]]]},"properties":{"id":"1337","kind":"old","heightM":12.2,"areaM2":53.8,"centerLongitude":99.909007,"centerLatitude":24.655708}},{"type":"Feature","id":"building-1338","geometry":{"type":"MultiPolygon","coordinates":[[[[99.91014978385361,24.65599006557147],[99.91019643959842,24.655939219093902],[99.91010086291239,24.655866782027548],[99.91005420716758,24.655917628534624],[99.91014978385361,24.65599006557147]]]]},"properties":{"id":"1338","kind":"new","heightM":13.9,"areaM2":92.1,"centerLongitude":99.910125,"centerLatitude":24.655928}},{"type":"Feature","id":"building-1339","geometry":{"type":"MultiPolygon","coordinates":[[[[99.91011537762445,24.655589336874304],[99.91017699387491,24.65555281327047],[99.91008626050846,24.655426381533008],[99.91002464425799,24.655462905173835],[99.91011537762445,24.655589336874304]]]]},"properties":{"id":"1339","kind":"new","heightM":18.5,"areaM2":124.2,"centerLongitude":99.910101,"centerLatitude":24.655508}},{"type":"Feature","id":"building-1340","geometry":{"type":"MultiPolygon","coordinates":[[[[99.90999323471357,24.6556086160357],[99.91004788046658,24.655574862111436],[99.90997577982485,24.65547844846441],[99.90992113407181,24.655512202414748],[99.90999323471357,24.6556086160357]]]]},"properties":{"id":"1340","kind":"new","heightM":14.3,"areaM2":86.1,"centerLongitude":99.909985,"centerLatitude":24.655544}},{"type":"Feature","id":"building-1341","geometry":{"type":"MultiPolygon","coordinates":[[[[99.91241185954051,24.65509734154272],[99.91247383215911,24.65503884061645],[99.91235351010307,24.654933558819536],[99.91229153748449,24.654992059795145],[99.91241185954051,24.65509734154272]]]]},"properties":{"id":"1341","kind":"new","heightM":18.6,"areaM2":151.7,"centerLongitude":99.912383,"centerLatitude":24.655015}},{"type":"Feature","id":"building-1342","geometry":{"type":"MultiPolygon","coordinates":[[[[99.9128237442408,24.655370027773813],[99.9128917855516,24.655366459478067],[99.91288602730431,24.655275767083204],[99.91281798599353,24.65527933538154],[99.9128237442408,24.655370027773813]]]]},"properties":{"id":"1342","kind":"new","heightM":11.1,"areaM2":69.2,"centerLongitude":99.912855,"centerLatitude":24.655323}},{"type":"Feature","id":"building-1343","geometry":{"type":"MultiPolygon","coordinates":[[[[99.91285347899161,24.65548278858733],[99.9129216440227,24.655477495166565],[99.91291322048617,24.655387899369764],[99.91284505545508,24.655393192794328],[99.91285347899161,24.65548278858733]]]]},"properties":{"id":"1343","kind":"new","heightM":11,"areaM2":68.8,"centerLongitude":99.912883,"centerLatitude":24.655435}},{"type":"Feature","id":"building-1344","geometry":{"type":"MultiPolygon","coordinates":[[[[99.91332200337538,24.655173008402702],[99.91336258619486,24.65512390772485],[99.91328352993527,24.6550699366253],[99.91324294711579,24.655119037324383],[99.91332200337538,24.655173008402702]]]]},"properties":{"id":"1344","kind":"new","heightM":11,"areaM2":67.9,"centerLongitude":99.913303,"centerLatitude":24.655121}},{"type":"Feature","id":"building-1345","geometry":{"type":"MultiPolygon","coordinates":[[[[99.91345975154701,24.655114580583803],[99.91340062692795,24.655079161176385],[99.9133455826599,24.655155055544576],[99.91340470727896,24.655190474930464],[99.91345975154701,24.655114580583803]]]]},"properties":{"id":"1345","kind":"new","heightM":11.1,"areaM2":72,"centerLongitude":99.913403,"centerLatitude":24.655135}},{"type":"Feature","id":"building-1346","geometry":{"type":"MultiPolygon","coordinates":[[[[99.91331770642297,24.65502221576966],[99.9132720346942,24.654990265797316],[99.91320946642635,24.655064141582265],[99.91325513815512,24.655096091535697],[99.91331770642297,24.65502221576966]]]]},"properties":{"id":"1346","kind":"new","heightM":11.4,"areaM2":60.1,"centerLongitude":99.913264,"centerLatitude":24.655043}},{"type":"Feature","id":"building-1347","geometry":{"type":"MultiPolygon","coordinates":[[[[99.91077231572909,24.656703953613828],[99.91078250706943,24.656595410157554],[99.91060585360448,24.65658171050097],[99.91059566226413,24.656690253969153],[99.91077231572909,24.656703953613828]]]]},"properties":{"id":"1347","kind":"new","heightM":19.7,"areaM2":216,"centerLongitude":99.910689,"centerLatitude":24.656643}},{"type":"Feature","id":"building-1348","geometry":{"type":"MultiPolygon","coordinates":[[[[99.91018035835873,24.65667085772474],[99.9101144492586,24.65666296811172],[99.91010305463318,24.656741591026353],[99.91016896373331,24.6567494806344],[99.91018035835873,24.65667085772474]]]]},"properties":{"id":"1348","kind":"new","heightM":9.7,"areaM2":59,"centerLongitude":99.910142,"centerLatitude":24.656706}},{"type":"Feature","id":"building-1349","geometry":{"type":"MultiPolygon","coordinates":[[[[99.91005260757343,24.656786875546285],[99.91001001573811,24.65676280561604],[99.90997053246647,24.656820511935315],[99.91001312430181,24.656844581854436],[99.91005260757343,24.656786875546285]]]]},"properties":{"id":"1349","kind":"new","heightM":8.3,"areaM2":38.1,"centerLongitude":99.910012,"centerLatitude":24.656804}},{"type":"Feature","id":"building-1350","geometry":{"type":"MultiPolygon","coordinates":[[[[99.90925099543318,24.658303614434306],[99.90924075652481,24.658237546285026],[99.90912003001694,24.65825299927811],[99.90913026892531,24.658319067419203],[99.90925099543318,24.658303614434306]]]]},"properties":{"id":"1350","kind":"old","heightM":13.6,"areaM2":91,"centerLongitude":99.909186,"centerLatitude":24.658278}},{"type":"Feature","id":"building-1351","geometry":{"type":"MultiPolygon","coordinates":[[[[99.90863284121998,24.658128324620407],[99.90861050240089,24.658049397163317],[99.90837847960263,24.658103636258673],[99.90840081842174,24.658182563681464],[99.90863284121998,24.658128324620407]]]]},"properties":{"id":"1351","kind":"new","heightM":26.7,"areaM2":218.4,"centerLongitude":99.908506,"centerLatitude":24.658116}},{"type":"Feature","id":"building-1352","geometry":{"type":"MultiPolygon","coordinates":[[[[99.9098866612058,24.658475853993085],[99.90988277346844,24.658424477541814],[99.90977966220707,24.658430921995585],[99.90978354994444,24.6584822984442],[99.9098866612058,24.658475853993085]]]]},"properties":{"id":"1352","kind":"new","heightM":11.5,"areaM2":59.5,"centerLongitude":99.909833,"centerLatitude":24.658453}},{"type":"Feature","id":"building-1353","geometry":{"type":"MultiPolygon","coordinates":[[[[99.90985850296619,24.658597940249077],[99.90976284863375,24.658597940249077],[99.90976284863375,24.658702874479506],[99.90985850296619,24.658702874479506],[99.90985850296619,24.658597940249077]]]]},"properties":{"id":"1353","kind":"new","heightM":12.9,"areaM2":112.3,"centerLongitude":99.909811,"centerLatitude":24.65865}},{"type":"Feature","id":"building-1354","geometry":{"type":"MultiPolygon","coordinates":[[[[99.90986849670234,24.658700019126172],[99.90992956394506,24.65869904291574],[99.9099277452814,24.65860507863215],[99.90986667803867,24.658606054843318],[99.90986849670234,24.658700019126172]]]]},"properties":{"id":"1354","kind":"new","heightM":11.5,"areaM2":64.2,"centerLongitude":99.909898,"centerLatitude":24.658653}},{"type":"Feature","id":"building-1355","geometry":{"type":"MultiPolygon","coordinates":[[[[99.90997679617259,24.658557642381602],[99.90993565685187,24.658558064451558],[99.90993675323891,24.658646328284068],[99.90997789255962,24.65864590621441],[99.90997679617259,24.658557642381602]]]]},"properties":{"id":"1355","kind":"new","heightM":10.8,"areaM2":40.6,"centerLongitude":99.909957,"centerLatitude":24.658602}},{"type":"Feature","id":"building-1356","geometry":{"type":"MultiPolygon","coordinates":[[[[99.91029740986511,24.658705139294458],[99.91037540529597,24.658669100618766],[99.91032081692327,24.658571523904808],[99.91024282149243,24.65860756260867],[99.91029740986511,24.658705139294458]]]]},"properties":{"id":"1356","kind":"new","heightM":13.4,"areaM2":107.1,"centerLongitude":99.910309,"centerLatitude":24.658638}},{"type":"Feature","id":"building-1357","geometry":{"type":"MultiPolygon","coordinates":[[[[99.90879679920026,24.659864681183745],[99.90874604545945,24.659826872372097],[99.90865999062132,24.6599222809952],[99.90871074436214,24.659960089777943],[99.90879679920026,24.659864681183745]]]]},"properties":{"id":"1357","kind":"new","heightM":15.1,"areaM2":90.5,"centerLongitude":99.908728,"centerLatitude":24.659893}},{"type":"Feature","id":"building-1358","geometry":{"type":"MultiPolygon","coordinates":[[[[99.90861109368792,24.65995700966665],[99.90865317038072,24.6599179551525],[99.90859308244904,24.659864487078323],[99.90855100575627,24.659903541609204],[99.90861109368792,24.65995700966665]]]]},"properties":{"id":"1358","kind":"new","heightM":9.4,"areaM2":51.4,"centerLongitude":99.908602,"centerLatitude":24.659911}},{"type":"Feature","id":"building-1359","geometry":{"type":"MultiPolygon","coordinates":[[[[99.90904288321984,24.659910748372454],[99.9090755297331,24.659865118063127],[99.90899279520134,24.659816229476466],[99.90896014868808,24.659861859803677],[99.90904288321984,24.659910748372454]]]]},"properties":{"id":"1359","kind":"new","heightM":11,"areaM2":60.1,"centerLongitude":99.909018,"centerLatitude":24.659863}},{"type":"Feature","id":"building-1360","geometry":{"type":"MultiPolygon","coordinates":[[[[99.91418672759463,24.654398149857933],[99.91414288205661,24.6543739460838],[99.91408160314637,24.654465637489018],[99.91412544868437,24.654489841245372],[99.91418672759463,24.654398149857933]]]]},"properties":{"id":"1360","kind":"new","heightM":13.1,"areaM2":61.5,"centerLongitude":99.914134,"centerLatitude":24.654432}},{"type":"Feature","id":"building-1361","geometry":{"type":"MultiPolygon","coordinates":[[[[99.91424234999347,24.65450364509412],[99.91428883671819,24.654439503666364],[99.91420396443084,24.65438869576724],[99.91415747770615,24.6544528372211],[99.91424234999347,24.65450364509412]]]]},"properties":{"id":"1361","kind":"new","heightM":11.3,"areaM2":87.3,"centerLongitude":99.914223,"centerLatitude":24.654446}},{"type":"Feature","id":"building-1362","geometry":{"type":"MultiPolygon","coordinates":[[[[99.91429532162263,24.654425826796686],[99.91434882607524,24.654359328947145],[99.91426377925325,24.654302807147303],[99.91421027480067,24.654369305026957],[99.91429532162263,24.654425826796686]]]]},"properties":{"id":"1362","kind":"old","heightM":11.7,"areaM2":97.1,"centerLongitude":99.91428,"centerLatitude":24.654364}},{"type":"Feature","id":"building-1363","geometry":{"type":"MultiPolygon","coordinates":[[[[99.91448067967295,24.65467710191861],[99.91442385638186,24.654637517908785],[99.9143577699251,24.65471587756304],[99.9144145932162,24.654755461548017],[99.91448067967295,24.65467710191861]]]]},"properties":{"id":"1363","kind":"old","heightM":12.1,"areaM2":79.1,"centerLongitude":99.914419,"centerLatitude":24.654696}},{"type":"Feature","id":"building-1364","geometry":{"type":"MultiPolygon","coordinates":[[[[99.91457988700991,24.654316503647653],[99.91451501348166,24.654292001099684],[99.91445986498914,24.654412606212254],[99.91452473851739,24.654437108736545],[99.91457988700991,24.654316503647653]]]]},"properties":{"id":"1364","kind":"new","heightM":16,"areaM2":102.6,"centerLongitude":99.91452,"centerLatitude":24.654365}},{"type":"Feature","id":"building-1365","geometry":{"type":"MultiPolygon","coordinates":[[[[99.91468247991388,24.65470194307838],[99.9146192603797,24.65466125748406],[99.91454448807703,24.65475722508328],[99.91460770761121,24.65479791064632],[99.91468247991388,24.65470194307838]]]]},"properties":{"id":"1365","kind":"old","heightM":14.4,"areaM2":101.9,"centerLongitude":99.914613,"centerLatitude":24.65473}},{"type":"Feature","id":"building-1366","geometry":{"type":"MultiPolygon","coordinates":[[[[99.91458060501049,24.65466233394929],[99.91454269503068,24.654638272249024],[99.91449682076065,24.654697971640857],[99.91453473074044,24.654722033329616],[99.91458060501049,24.65466233394929]]]]},"properties":{"id":"1366","kind":"old","heightM":8.9,"areaM2":37.7,"centerLongitude":99.914539,"centerLatitude":24.65468}},{"type":"Feature","id":"building-1367","geometry":{"type":"MultiPolygon","coordinates":[[[[99.91025297791785,24.658020877747553],[99.91019562561102,24.657992530501357],[99.9101442068576,24.65807845394297],[99.9102015591644,24.658106801169648],[99.91025297791785,24.658020877747553]]]]},"properties":{"id":"1367","kind":"new","heightM":12,"areaM2":71.4,"centerLongitude":99.910199,"centerLatitude":24.65805}},{"type":"Feature","id":"building-1368","geometry":{"type":"MultiPolygon","coordinates":[[[[99.91032241864536,24.65806751813446],[99.91026249986042,24.65803556430381],[99.91020385188969,24.65812639713474],[99.91026377067463,24.658158350942134],[99.91032241864536,24.65806751813446]]]]},"properties":{"id":"1368","kind":"new","heightM":12.9,"areaM2":81.8,"centerLongitude":99.910263,"centerLatitude":24.658097}},{"type":"Feature","id":"building-1369","geometry":{"type":"MultiPolygon","coordinates":[[[[99.91060954434346,24.6579813780695],[99.91054599369451,24.65795032333841],[99.91047745255722,24.65806617275883],[99.91054100320616,24.65809722746109],[99.91060954434346,24.6579813780695]]]]},"properties":{"id":"1369","kind":"old","heightM":16.1,"areaM2":106.1,"centerLongitude":99.910543,"centerLatitude":24.658024}},{"type":"Feature","id":"building-1370","geometry":{"type":"MultiPolygon","coordinates":[[[[99.91051065869861,24.658153410335434],[99.91054385881534,24.6581102897117],[99.91046621871588,24.658060916639158],[99.91043301859918,24.65810403727995],[99.91051065869861,24.658153410335434]]]]},"properties":{"id":"1370","kind":"old","heightM":10.5,"areaM2":55.8,"centerLongitude":99.910488,"centerLatitude":24.658107}},{"type":"Feature","id":"building-1371","geometry":{"type":"MultiPolygon","coordinates":[[[[99.91108506253758,24.658741511488554],[99.91102745383455,24.658685933708384],[99.91093898098443,24.658761676650315],[99.91099658968744,24.65881725439676],[99.91108506253758,24.658741511488554]]]]},"properties":{"id":"1371","kind":"new","heightM":13.5,"areaM2":103.8,"centerLongitude":99.911012,"centerLatitude":24.658752}},{"type":"Feature","id":"building-1372","geometry":{"type":"MultiPolygon","coordinates":[[[[99.91253688871832,24.669150723896735],[99.91253743155104,24.669097155720987],[99.9123951641991,24.669095965199237],[99.91239462136636,24.669149533375492],[99.91253688871832,24.669150723896735]]]]},"properties":{"id":"1372","kind":"new","heightM":15.8,"areaM2":85.2,"centerLongitude":99.912466,"centerLatitude":24.669123}},{"type":"Feature","id":"building-1373","geometry":{"type":"MultiPolygon","coordinates":[[[[99.9136407971635,24.668705743855554],[99.9135989778676,24.668613922783326],[99.91346860916353,24.66866295525986],[99.91351042845943,24.668754776296],[99.9136407971635,24.668705743855554]]]]},"properties":{"id":"1373","kind":"old","heightM":15.7,"areaM2":156.8,"centerLongitude":99.913555,"centerLatitude":24.668684}},{"type":"Feature","id":"building-1374","geometry":{"type":"MultiPolygon","coordinates":[[[[99.91432263636297,24.667869743761706],[99.91423532179248,24.667802268876745],[99.9141499631742,24.66789348543678],[99.91423727774469,24.667960960272406],[99.91432263636297,24.667869743761706]]]]},"properties":{"id":"1374","kind":"new","heightM":14.7,"areaM2":153.5,"centerLongitude":99.914236,"centerLatitude":24.667882}},{"type":"Feature","id":"building-1375","geometry":{"type":"MultiPolygon","coordinates":[[[[99.91443795908879,24.666948389968184],[99.91448207204142,24.666935718804265],[99.91444317143261,24.666823879555004],[99.91439905847997,24.666836550730277],[99.91443795908879,24.666948389968184]]]]},"properties":{"id":"1375","kind":"old","heightM":14.4,"areaM2":60.7,"centerLongitude":99.914441,"centerLatitude":24.666886}},{"type":"Feature","id":"building-1376","geometry":{"type":"MultiPolygon","coordinates":[[[[99.91489211491353,24.667029113182593],[99.91492302638008,24.666975537059265],[99.91481751141986,24.666925262284398],[99.9147865999533,24.666978838429312],[99.91489211491353,24.667029113182593]]]]},"properties":{"id":"1376","kind":"old","heightM":13.3,"areaM2":80.6,"centerLongitude":99.914855,"centerLatitude":24.666977}},{"type":"Feature","id":"building-1377","geometry":{"type":"MultiPolygon","coordinates":[[[[99.91493313181792,24.66694269346925],[99.9149771737232,24.666875274163218],[99.9148921437115,24.666829402710277],[99.91484810180621,24.666896822041096],[99.91493313181792,24.66694269346925]]]]},"properties":{"id":"1377","kind":"old","heightM":11,"areaM2":86.7,"centerLongitude":99.914913,"centerLatitude":24.666886}},{"type":"Feature","id":"building-1378","geometry":{"type":"MultiPolygon","coordinates":[[[[99.9149608813367,24.667144160122415],[99.91499861021569,24.667082748476503],[99.91489630197508,24.667030842090295],[99.9148585730961,24.66709225376175],[99.9149608813367,24.667144160122415]]]]},"properties":{"id":"1378","kind":"new","heightM":13,"areaM2":92.2,"centerLongitude":99.914929,"centerLatitude":24.667088}},{"type":"Feature","id":"building-1379","geometry":{"type":"MultiPolygon","coordinates":[[[[99.91495438018218,24.66715510049632],[99.91484452569354,24.667151655424565],[99.91483914435273,24.667293364064427],[99.91494899884135,24.667296809132274],[99.91495438018218,24.66715510049632]]]]},"properties":{"id":"1379","kind":"new","heightM":17.4,"areaM2":174.3,"centerLongitude":99.914897,"centerLatitude":24.667224}},{"type":"Feature","id":"building-1380","geometry":{"type":"MultiPolygon","coordinates":[[[[99.91508014095889,24.667137671409],[99.91497765653675,24.667132381790335],[99.91497080561521,24.667241996533456],[99.91507329003737,24.667247286147475],[99.91508014095889,24.667137671409]]]]},"properties":{"id":"1380","kind":"new","heightM":13.4,"areaM2":126,"centerLongitude":99.915025,"centerLatitude":24.66719}},{"type":"Feature","id":"building-1381","geometry":{"type":"MultiPolygon","coordinates":[[[[99.91519216494633,24.667723439904247],[99.91523627213132,24.667661404609664],[99.9151527505905,24.667612364439492],[99.9151086434055,24.667674399758457],[99.91519216494633,24.667723439904247]]]]},"properties":{"id":"1381","kind":"new","heightM":11.1,"areaM2":82.1,"centerLongitude":99.915172,"centerLatitude":24.667668}},{"type":"Feature","id":"building-1382","geometry":{"type":"MultiPolygon","coordinates":[[[[99.9152614072617,24.667641348499625],[99.91528788718884,24.667602583289444],[99.91520086914535,24.667553496188248],[99.91517438921821,24.667592261413684],[99.9152614072617,24.667641348499625]]]]},"properties":{"id":"1382","kind":"new","heightM":11.4,"areaM2":52.3,"centerLongitude":99.915231,"centerLatitude":24.667597}},{"type":"Feature","id":"building-1383","geometry":{"type":"MultiPolygon","coordinates":[[[[99.91238420591176,24.66152413221485],[99.91232625751003,24.661481150208097],[99.91222671876949,24.66159198412255],[99.9122846671712,24.661634966091132],[99.91238420591176,24.66152413221485]]]]},"properties":{"id":"1383","kind":"old","heightM":17.5,"areaM2":119.7,"centerLongitude":99.912305,"centerLatitude":24.661558}},{"type":"Feature","id":"building-1384","geometry":{"type":"MultiPolygon","coordinates":[[[[99.91250845905437,24.661443076166087],[99.91247321434146,24.661399229127486],[99.9123840084632,24.661458449835983],[99.91241925317613,24.66150229685378],[99.91250845905437,24.661443076166087]]]]},"properties":{"id":"1384","kind":"old","heightM":12.3,"areaM2":67.1,"centerLongitude":99.912446,"centerLatitude":24.661451}},{"type":"Feature","id":"building-1385","geometry":{"type":"MultiPolygon","coordinates":[[[[99.91230113472784,24.66145536447475],[99.91224814112503,24.66141557602463],[99.9121654440967,24.661506542754093],[99.91221843769951,24.66154633117521],[99.91230113472784,24.66145536447475]]]]},"properties":{"id":"1385","kind":"old","heightM":14.5,"areaM2":90.7,"centerLongitude":99.912233,"centerLatitude":24.661481}},{"type":"Feature","id":"building-1386","geometry":{"type":"MultiPolygon","coordinates":[[[[99.9143520819025,24.660457600636907],[99.91439980686334,24.66043234938947],[99.91436774363274,24.660382299469287],[99.91432001867189,24.66040755072685],[99.9143520819025,24.660457600636907]]]]},"properties":{"id":"1386","kind":"old","heightM":7.1,"areaM2":35.8,"centerLongitude":99.91436,"centerLatitude":24.66042}},{"type":"Feature","id":"building-1387","geometry":{"type":"MultiPolygon","coordinates":[[[[99.9137656423814,24.660369089074205],[99.913783359521,24.660292580368534],[99.91367152369378,24.660271191002717],[99.91365380655417,24.6603476997215],[99.9137656423814,24.660369089074205]]]]},"properties":{"id":"1387","kind":"old","heightM":12.7,"areaM2":99.9,"centerLongitude":99.913719,"centerLatitude":24.66032}},{"type":"Feature","id":"building-1388","geometry":{"type":"MultiPolygon","coordinates":[[[[99.9139447673401,24.660859376584774],[99.91390186652394,24.660809884225564],[99.91379223226839,24.660888372384804],[99.91383513308455,24.660937864712885],[99.9139447673401,24.660859376584774]]]]},"properties":{"id":"1388","kind":"new","heightM":15.5,"areaM2":98.3,"centerLongitude":99.913868,"centerLatitude":24.660874}},{"type":"Feature","id":"building-1389","geometry":{"type":"MultiPolygon","coordinates":[[[[99.91386434378353,24.660823827785503],[99.91381561988332,24.660762962698577],[99.91372345317819,24.66082389936213],[99.91377217707843,24.660884764419336],[99.91386434378353,24.660823827785503]]]]},"properties":{"id":"1389","kind":"new","heightM":12.7,"areaM2":95.9,"centerLongitude":99.913794,"centerLatitude":24.660824}},{"type":"Feature","id":"building-1390","geometry":{"type":"MultiPolygon","coordinates":[[[[99.91372757100531,24.660581931861145],[99.9137376686522,24.66051653069418],[99.91362957697146,24.66050274719134],[99.91361947932455,24.660568148365527],[99.91372757100531,24.660581931861145]]]]},"properties":{"id":"1390","kind":"old","heightM":12.2,"areaM2":80.6,"centerLongitude":99.913679,"centerLatitude":24.660542}},{"type":"Feature","id":"building-1391","geometry":{"type":"MultiPolygon","coordinates":[[[[99.91435893912494,24.658661960220677],[99.9143376648071,24.658594843974928],[99.91418730472974,24.65863420863046],[99.91420857904757,24.658701324855038],[99.91435893912494,24.658661960220677]]]]},"properties":{"id":"1391","kind":"new","heightM":17.4,"areaM2":122.2,"centerLongitude":99.914273,"centerLatitude":24.658648}},{"type":"Feature","id":"building-1392","geometry":{"type":"MultiPolygon","coordinates":[[[[99.91255156203734,24.658394710239797],[99.9124601748951,24.658338100132596],[99.91237521229752,24.65845138359253],[99.91246659943975,24.658507993648353],[99.91255156203734,24.658394710239797]]]]},"properties":{"id":"1392","kind":"new","heightM":16.8,"areaM2":169.6,"centerLongitude":99.912463,"centerLatitude":24.658423}},{"type":"Feature","id":"building-1393","geometry":{"type":"MultiPolygon","coordinates":[[[[99.91285561640431,24.658426384338487],[99.91285881339746,24.65838001022921],[99.91272453301275,24.65837236437096],[99.9127213360196,24.658418738483086],[99.91285561640431,24.658426384338487]]]]},"properties":{"id":"1393","kind":"old","heightM":15,"areaM2":69.9,"centerLongitude":99.91279,"centerLatitude":24.658399}},{"type":"Feature","id":"building-1394","geometry":{"type":"MultiPolygon","coordinates":[[[[99.91321089484248,24.658513704354736],[99.91321169122266,24.65844365290399],[99.9131204753242,24.65844279641675],[99.91311967894403,24.65851284786797],[99.91321089484248,24.658513704354736]]]]},"properties":{"id":"1394","kind":"new","heightM":10.2,"areaM2":71.5,"centerLongitude":99.913166,"centerLatitude":24.658478}},{"type":"Feature","id":"building-1395","geometry":{"type":"MultiPolygon","coordinates":[[[[99.91397626686603,24.658631554942097],[99.91396051844421,24.65856363776849],[99.91387286672507,24.65858042441928],[99.9138886151469,24.658648341583753],[99.91397626686603,24.658631554942097]]]]},"properties":{"id":"1395","kind":"old","heightM":10,"areaM2":69.5,"centerLongitude":99.913925,"centerLatitude":24.658606}},{"type":"Feature","id":"building-1396","geometry":{"type":"MultiPolygon","coordinates":[[[[99.9142992373938,24.658587754943483],[99.91428146361744,24.658528612653104],[99.91416294010382,24.658558031964912],[99.91418071388019,24.658617174241346],[99.9142992373938,24.658587754943483]]]]},"properties":{"id":"1396","kind":"old","heightM":13.7,"areaM2":84.2,"centerLongitude":99.914231,"centerLatitude":24.658573}},{"type":"Feature","id":"building-1397","geometry":{"type":"MultiPolygon","coordinates":[[[[99.91226020100298,24.657649669369942],[99.9122498900286,24.657602707879672],[99.91213334353253,24.657623843254616],[99.9121436545069,24.657670804736938],[99.91226020100298,24.657649669369942]]]]},"properties":{"id":"1397","kind":"new","heightM":13.2,"areaM2":63.6,"centerLongitude":99.912197,"centerLatitude":24.657637}},{"type":"Feature","id":"building-1398","geometry":{"type":"MultiPolygon","coordinates":[[[[99.91275906240348,24.657724292179015],[99.91272994628643,24.657659220078695],[99.91264339611499,24.657691206011414],[99.91267251223202,24.65775627809506],[99.91275906240348,24.657724292179015]]]]},"properties":{"id":"1398","kind":"new","heightM":10.4,"areaM2":73.4,"centerLongitude":99.912701,"centerLatitude":24.657708}},{"type":"Feature","id":"building-1399","geometry":{"type":"MultiPolygon","coordinates":[[[[99.91267511037358,24.658026507621113],[99.91271780628584,24.657943260440398],[99.91261821992923,24.65790107455365],[99.91257552401697,24.6579843217625],[99.91267511037358,24.658026507621113]]]]},"properties":{"id":"1399","kind":"old","heightM":12.2,"areaM2":112.9,"centerLongitude":99.912647,"centerLatitude":24.657964}},{"type":"Feature","id":"building-1400","geometry":{"type":"MultiPolygon","coordinates":[[[[99.91281688653203,24.657937644724004],[99.91273009365675,24.65793209758953],[99.91272271798479,24.658027413965996],[99.91280951086007,24.658032961096236],[99.91281688653203,24.657937644724004]]]]},"properties":{"id":"1400","kind":"old","heightM":11.7,"areaM2":93,"centerLongitude":99.91277,"centerLatitude":24.657983}},{"type":"Feature","id":"building-1401","geometry":{"type":"MultiPolygon","coordinates":[[[[99.91288282468068,24.658160039431262],[99.91290174755049,24.65809793944341],[99.91279228816492,24.658070390940505],[99.91277336529514,24.658132490942066],[99.91288282468068,24.658160039431262]]]]},"properties":{"id":"1401","kind":"old","heightM":12.6,"areaM2":81.8,"centerLongitude":99.912838,"centerLatitude":24.658115}},{"type":"Feature","id":"building-1402","geometry":{"type":"MultiPolygon","coordinates":[[[[99.91296688956959,24.65808130315673],[99.91297198841032,24.658016553628496],[99.9128746685489,24.658010223881426],[99.91286956970816,24.65807497341294],[99.91296688956959,24.65808130315673]]]]},"properties":{"id":"1402","kind":"old","heightM":10.9,"areaM2":70.8,"centerLongitude":99.912921,"centerLatitude":24.658046}},{"type":"Feature","id":"building-1403","geometry":{"type":"MultiPolygon","coordinates":[[[[99.91299957778403,24.65798198402763],[99.91300787380105,24.65789918843597],[99.91289730280285,24.657890037732606],[99.91288900678582,24.657972833330348],[99.91299957778403,24.65798198402763]]]]},"properties":{"id":"1403","kind":"old","heightM":12.4,"areaM2":103.2,"centerLongitude":99.912948,"centerLatitude":24.657936}},{"type":"Feature","id":"building-1404","geometry":{"type":"MultiPolygon","coordinates":[[[[99.91281832625432,24.658036510047285],[99.91286806301586,24.65803833269786],[99.91287271997336,24.65793337204297],[99.91282298321181,24.657931549390867],[99.91281832625432,24.658036510047285]]]]},"properties":{"id":"1404","kind":"old","heightM":12.9,"areaM2":58.5,"centerLongitude":99.912846,"centerLatitude":24.657985}},{"type":"Feature","id":"building-1405","geometry":{"type":"MultiPolygon","coordinates":[[[[99.9129789474911,24.65808314706674],[99.91302163160253,24.658084401183768],[99.91302500884099,24.65798946325724],[99.91298232472957,24.65798820913926],[99.9129789474911,24.65808314706674]]]]},"properties":{"id":"1405","kind":"old","heightM":11.6,"areaM2":45.4,"centerLongitude":99.913002,"centerLatitude":24.658036}},{"type":"Feature","id":"building-1406","geometry":{"type":"MultiPolygon","coordinates":[[[[99.91393216895987,24.657748687812564],[99.91399315565256,24.65773545454651],[99.91396296502,24.657620535365876],[99.91390197832732,24.657633768644114],[99.91393216895987,24.657748687812564]]]]},"properties":{"id":"1406","kind":"new","heightM":14.5,"areaM2":82.8,"centerLongitude":99.913948,"centerLatitude":24.657685}},{"type":"Feature","id":"building-1407","geometry":{"type":"MultiPolygon","coordinates":[[[[99.91347527025455,24.657202992445647],[99.9134229138853,24.657166707292447],[99.91334400839123,24.65726074534548],[99.91339636476047,24.657297030471337],[99.91347527025455,24.657202992445647]]]]},"properties":{"id":"1407","kind":"new","heightM":14.5,"areaM2":87.1,"centerLongitude":99.91341,"centerLatitude":24.657232}},{"type":"Feature","id":"building-1408","geometry":{"type":"MultiPolygon","coordinates":[[[[99.9135432581542,24.65722842651984],[99.91349351532347,24.6571937975059],[99.91341972534354,24.657281344938244],[99.9134694681743,24.657315973927897],[99.9135432581542,24.65722842651984]]]]},"properties":{"id":"1408","kind":"new","heightM":13.5,"areaM2":77.3,"centerLongitude":99.913481,"centerLatitude":24.657255}},{"type":"Feature","id":"building-1409","geometry":{"type":"MultiPolygon","coordinates":[[[[99.91366205386973,24.65723604832262],[99.91360734638995,24.657194556927042],[99.91350700554409,24.65730383222981],[99.91356171302388,24.65734532358907],[99.91366205386973,24.65723604832262]]]]},"properties":{"id":"1409","kind":"old","heightM":17.4,"areaM2":113.4,"centerLongitude":99.913585,"centerLatitude":24.65727}},{"type":"Feature","id":"building-1410","geometry":{"type":"MultiPolygon","coordinates":[[[[99.91368947474581,24.65741129850335],[99.9137557824403,24.657334282433123],[99.9136497161299,24.657258857502878],[99.91358340843541,24.657335873619644],[99.91368947474581,24.65741129850335]]]]},"properties":{"id":"1410","kind":"new","heightM":15,"areaM2":147.3,"centerLongitude":99.91367,"centerLatitude":24.657335}},{"type":"Feature","id":"building-1411","geometry":{"type":"MultiPolygon","coordinates":[[[[99.91351309719789,24.6567991298032],[99.91345104194446,24.656783459455415],[99.913415854481,24.65689855178229],[99.91347790973444,24.656914222115628],[99.91351309719789,24.6567991298032]]]]},"properties":{"id":"1411","kind":"old","heightM":14.6,"areaM2":86,"centerLongitude":99.913464,"centerLatitude":24.656849}},{"type":"Feature","id":"building-1412","geometry":{"type":"MultiPolygon","coordinates":[[[[99.91445343457384,24.656255983081916],[99.91451153679233,24.656226977823863],[99.91445120369778,24.656127153978225],[99.91439310147929,24.656156159259474],[99.91445343457384,24.656255983081916]]]]},"properties":{"id":"1412","kind":"new","heightM":14,"areaM2":84.4,"centerLongitude":99.914452,"centerLatitude":24.656192}},{"type":"Feature","id":"building-1413","geometry":{"type":"MultiPolygon","coordinates":[[[[99.91454452324982,24.656365269183468],[99.91460328917076,24.656327732640484],[99.91453045738989,24.65623355361526],[99.91447169146895,24.656271090186568],[99.91454452324982,24.656365269183468]]]]},"properties":{"id":"1413","kind":"new","heightM":14.1,"areaM2":92.5,"centerLongitude":99.914537,"centerLatitude":24.656299}},{"type":"Feature","id":"building-1414","geometry":{"type":"MultiPolygon","coordinates":[[[[99.91436368421328,24.656316490232822],[99.91442661196427,24.65628418863786],[99.91435812551259,24.65617398771354],[99.9142951977616,24.65620628933702],[99.91436368421328,24.656316490232822]]]]},"properties":{"id":"1414","kind":"new","heightM":15.5,"areaM2":102.3,"centerLongitude":99.914361,"centerLatitude":24.656245}},{"type":"Feature","id":"building-1415","geometry":{"type":"MultiPolygon","coordinates":[[[[99.91270813498629,24.655727885650833],[99.91263821766296,24.655728217546326],[99.91263893190307,24.655852495336607],[99.9127088492264,24.655852163441445],[99.91270813498629,24.655727885650833]]]]},"properties":{"id":"1415","kind":"new","heightM":15.2,"areaM2":97.2,"centerLongitude":99.912674,"centerLatitude":24.65579}},{"type":"Feature","id":"building-1416","geometry":{"type":"MultiPolygon","coordinates":[[[[99.91272316482274,24.655864630587818],[99.91279119846565,24.65586171898729],[99.91278402838226,24.655723336378795],[99.91271599473934,24.655726247982553],[99.91272316482274,24.655864630587818]]]]},"properties":{"id":"1416","kind":"new","heightM":17,"areaM2":105.5,"centerLongitude":99.912754,"centerLatitude":24.655794}},{"type":"Feature","id":"building-1417","geometry":{"type":"MultiPolygon","coordinates":[[[[99.91786461757034,24.65799219100955],[99.9179187771809,24.657972466308067],[99.91787207190976,24.657866545426867],[99.9178179122992,24.657886270145084],[99.91786461757034,24.65799219100955]]]]},"properties":{"id":"1417","kind":"old","heightM":14,"areaM2":74.5,"centerLongitude":99.917868,"centerLatitude":24.657929}},{"type":"Feature","id":"building-1418","geometry":{"type":"MultiPolygon","coordinates":[[[[99.91778083505113,24.658060653538307],[99.91784987200681,24.65803616146681],[99.91779666848792,24.657912297026538],[99.91772763153224,24.657936789122342],[99.91778083505113,24.658060653538307]]]]},"properties":{"id":"1418","kind":"old","heightM":16.3,"areaM2":110.2,"centerLongitude":99.917789,"centerLatitude":24.657986}},{"type":"Feature","id":"building-1419","geometry":{"type":"MultiPolygon","coordinates":[[[[99.91773378622014,24.657876187264762],[99.91778513100053,24.657853615269502],[99.91773604480284,24.657761392717756],[99.91768470002242,24.6577839647297],[99.91773378622014,24.657876187264762]]]]},"properties":{"id":"1419","kind":"old","heightM":12.5,"areaM2":65.3,"centerLongitude":99.917735,"centerLatitude":24.657819}},{"type":"Feature","id":"building-1420","geometry":{"type":"MultiPolygon","coordinates":[[[[99.91713421587797,24.65651257035496],[99.9170096051946,24.65641572466273],[99.91685724816023,24.656577643847122],[99.9169818588436,24.656674489413717],[99.91713421587797,24.65651257035496]]]]},"properties":{"id":"1420","kind":"new","heightM":26.1,"areaM2":390.7,"centerLongitude":99.916996,"centerLatitude":24.656545}},{"type":"Feature","id":"building-1421","geometry":{"type":"MultiPolygon","coordinates":[[[[99.91767914090684,24.656018830567003],[99.91770305112234,24.655910605292128],[99.91756862967823,24.65588607583163],[99.91754471946273,24.65599430112778],[99.91767914090684,24.656018830567003]]]]},"properties":{"id":"1421","kind":"new","heightM":15.3,"areaM2":169.3,"centerLongitude":99.917624,"centerLatitude":24.655952}},{"type":"Feature","id":"building-1422","geometry":{"type":"MultiPolygon","coordinates":[[[[99.91602143058692,24.652632848505494],[99.91602072003457,24.652567993089182],[99.91588913119847,24.652569183938517],[99.91588984175084,24.65263403935421],[99.91602143058692,24.652632848505494]]]]},"properties":{"id":"1422","kind":"new","heightM":14.6,"areaM2":95.5,"centerLongitude":99.915955,"centerLatitude":24.652601}},{"type":"Feature","id":"building-1423","geometry":{"type":"MultiPolygon","coordinates":[[[[99.91622177656117,24.652912436291892],[99.91623975031597,24.652830144102317],[99.91612131780981,24.65280877741304],[99.91610334405502,24.652891069616707],[99.91622177656117,24.652912436291892]]]]},"properties":{"id":"1423","kind":"new","heightM":13.4,"areaM2":113.3,"centerLongitude":99.916172,"centerLatitude":24.652861}},{"type":"Feature","id":"building-1424","geometry":{"type":"MultiPolygon","coordinates":[[[[99.91608521408729,24.652986926375025],[99.91602285362102,24.652958523477306],[99.9159501297495,24.65309041252998],[99.91601249021578,24.653118815397697],[99.91608521408729,24.652986926375025]]]]},"properties":{"id":"1424","kind":"new","heightM":18.1,"areaM2":115.1,"centerLongitude":99.916018,"centerLatitude":24.653039}},{"type":"Feature","id":"building-1425","geometry":{"type":"MultiPolygon","coordinates":[[[[99.91466986453258,24.650504307768074],[99.91471248923877,24.650438130206595],[99.91460673703206,24.650381864610097],[99.91456411232586,24.6504480422014],[99.91466986453258,24.650504307768074]]]]},"properties":{"id":"1425","kind":"new","heightM":13.6,"areaM2":105.1,"centerLongitude":99.914638,"centerLatitude":24.650443}},{"type":"Feature","id":"building-1426","geometry":{"type":"MultiPolygon","coordinates":[[[[99.91487629175175,24.650481281816788],[99.91490745863568,24.650426433336662],[99.91477031599946,24.65036206026309],[99.91473914911553,24.6504169087715],[99.91487629175175,24.650481281816788]]]]},"properties":{"id":"1426","kind":"new","heightM":17.2,"areaM2":106.6,"centerLongitude":99.914823,"centerLatitude":24.650422}},{"type":"Feature","id":"building-1427","geometry":{"type":"MultiPolygon","coordinates":[[[[99.91491967204631,24.650410071167524],[99.91498820960098,24.65033396563531],[99.9148829765774,24.650255682533896],[99.91481443902273,24.650331788113835],[99.91491967204631,24.650410071167524]]]]},"properties":{"id":"1427","kind":"new","heightM":15.1,"areaM2":149.6,"centerLongitude":99.914901,"centerLatitude":24.650333}},{"type":"Feature","id":"building-1428","geometry":{"type":"MultiPolygon","coordinates":[[[[99.91505649105432,24.65030418515272],[99.91513207029587,24.650177385307636],[99.91496563366461,24.650095437502273],[99.91489005442305,24.650222237430583],[99.91505649105432,24.65030418515272]]]]},"properties":{"id":"1428","kind":"new","heightM":21.1,"areaM2":305.3,"centerLongitude":99.915011,"centerLatitude":24.6502}},{"type":"Feature","id":"building-1429","geometry":{"type":"MultiPolygon","coordinates":[[[[99.91487475839622,24.650197188220012],[99.91481911482614,24.65011354162845],[99.91469749119857,24.650180374412738],[99.91475313476863,24.650264020959522],[99.91487475839622,24.650197188220012]]]]},"properties":{"id":"1429","kind":"new","heightM":15.8,"areaM2":155.4,"centerLongitude":99.914786,"centerLatitude":24.650189}},{"type":"Feature","id":"building-1430","geometry":{"type":"MultiPolygon","coordinates":[[[[99.91081664117289,24.650571341307693],[99.91083819110679,24.650523659639354],[99.91072110055991,24.650479945835347],[99.91069955062599,24.650527627520376],[99.91081664117289,24.650571341307693]]]]},"properties":{"id":"1430","kind":"new","heightM":14.1,"areaM2":73,"centerLongitude":99.910769,"centerLatitude":24.650526}},{"type":"Feature","id":"building-1431","geometry":{"type":"MultiPolygon","coordinates":[[[[99.9109844156141,24.650624390843856],[99.91102268140313,24.650544700182284],[99.9109002515334,24.65049613861435],[99.91086198574436,24.65057582930692],[99.9109844156141,24.650624390843856]]]]},"properties":{"id":"1431","kind":"new","heightM":14.9,"areaM2":129.9,"centerLongitude":99.910942,"centerLatitude":24.65056}},{"type":"Feature","id":"building-1432","geometry":{"type":"MultiPolygon","coordinates":[[[[99.91101002463763,24.65051879534951],[99.91102760695739,24.650468277954552],[99.91092818038237,24.650439692814356],[99.9109105980626,24.65049021022088],[99.91101002463763,24.65051879534951]]]]},"properties":{"id":"1432","kind":"new","heightM":11.6,"areaM2":61.8,"centerLongitude":99.910969,"centerLatitude":24.650479}},{"type":"Feature","id":"building-1433","geometry":{"type":"MultiPolygon","coordinates":[[[[99.91086559595634,24.650486025545778],[99.91089250299999,24.65042857887971],[99.91076850695164,24.650380604218476],[99.910741599908,24.65043805090662],[99.91086559595634,24.650486025545778]]]]},"properties":{"id":"1433","kind":"new","heightM":15,"areaM2":94.1,"centerLongitude":99.910817,"centerLatitude":24.650433}},{"type":"Feature","id":"building-1434","geometry":{"type":"MultiPolygon","coordinates":[[[[99.90511208607786,24.646432497826083],[99.90523156971754,24.646380577790918],[99.90516239766677,24.64624907488542],[99.90504291402709,24.646300994975267],[99.90511208607786,24.646432497826083]]]]},"properties":{"id":"1434","kind":"new","heightM":17.9,"areaM2":215.9,"centerLongitude":99.905137,"centerLatitude":24.646341}},{"type":"Feature","id":"building-1435","geometry":{"type":"MultiPolygon","coordinates":[[[[99.90613816214469,24.64419540482596],[99.90618120310596,24.644111149476768],[99.90601923404172,24.6440427955605],[99.90597619308045,24.64412705095581],[99.90613816214469,24.64419540482596]]]]},"properties":{"id":"1435","kind":"new","heightM":19.9,"areaM2":185.5,"centerLongitude":99.906079,"centerLatitude":24.644119}},{"type":"Feature","id":"building-1436","geometry":{"type":"MultiPolygon","coordinates":[[[[99.90628975675618,24.643904314118007],[99.90632671666087,24.643810393934988],[99.90615574721068,24.643754811274626],[99.906118787306,24.64384873149945],[99.90628975675618,24.643904314118007]]]]},"properties":{"id":"1436","kind":"new","heightM":20.2,"areaM2":202.6,"centerLongitude":99.906223,"centerLatitude":24.64383}},{"type":"Feature","id":"building-1437","geometry":{"type":"MultiPolygon","coordinates":[[[[99.90595827489255,24.64348656339223],[99.90598472937033,24.643426554748924],[99.90586502671749,24.64338295933857],[99.90583857223972,24.643442968002827],[99.90595827489255,24.64348656339223]]]]},"properties":{"id":"1437","kind":"new","heightM":14.4,"areaM2":93.2,"centerLongitude":99.905912,"centerLatitude":24.643435}},{"type":"Feature","id":"building-1438","geometry":{"type":"MultiPolygon","coordinates":[[[[99.90577838764038,24.64343088400455],[99.90580569461459,24.64336884593346],[99.90568371809226,24.643324490834743],[99.90565641111804,24.64338652892787],[99.90577838764038,24.64343088400455]]]]},"properties":{"id":"1438","kind":"new","heightM":14.6,"areaM2":98.2,"centerLongitude":99.905731,"centerLatitude":24.643378}},{"type":"Feature","id":"building-1439","geometry":{"type":"MultiPolygon","coordinates":[[[[99.90545594325476,24.643330842790142],[99.90549776691608,24.643240575326868],[99.90533131433673,24.643176861421523],[99.90528949067541,24.643267128930848],[99.90545594325476,24.643330842790142]]]]},"properties":{"id":"1439","kind":"old","heightM":20.1,"areaM2":197.8,"centerLongitude":99.905394,"centerLatitude":24.643254}},{"type":"Feature","id":"building-1440","geometry":{"type":"MultiPolygon","coordinates":[[[[99.90603751094403,24.6427327501454],[99.90606632479084,24.642665695356982],[99.90591910838639,24.642613433533697],[99.90589029453957,24.642680488350177],[99.90603751094403,24.6427327501454]]]]},"properties":{"id":"1440","kind":"new","heightM":17.6,"areaM2":127.2,"centerLongitude":99.905978,"centerLatitude":24.642673}},{"type":"Feature","id":"building-1441","geometry":{"type":"MultiPolygon","coordinates":[[[[99.90620501795962,24.64267359719534],[99.90610132573325,24.642653965651792],[99.90607730021632,24.64275880426967],[99.90618099244271,24.642778435796746],[99.90620501795962,24.64267359719534]]]]},"properties":{"id":"1441","kind":"new","heightM":13.1,"areaM2":126.8,"centerLongitude":99.906141,"centerLatitude":24.642716}},{"type":"Feature","id":"building-1442","geometry":{"type":"MultiPolygon","coordinates":[[[[99.90631813484221,24.642803289971308],[99.90634200360054,24.64271147307348],[99.90622230961873,24.642685766983497],[99.90619844086038,24.642777583900227],[99.90631813484221,24.642803289971308]]]]},"properties":{"id":"1442","kind":"new","heightM":13.7,"areaM2":129.8,"centerLongitude":99.90627,"centerLatitude":24.642745}},{"type":"Feature","id":"building-1443","geometry":{"type":"MultiPolygon","coordinates":[[[[99.90623217515947,24.64293511588255],[99.90625045662233,24.64285180516172],[99.90612531305521,24.64282911831629],[99.90610703159237,24.64291242905225],[99.90623217515947,24.64293511588255]]]]},"properties":{"id":"1443","kind":"new","heightM":14.2,"areaM2":121.2,"centerLongitude":99.906179,"centerLatitude":24.642882}},{"type":"Feature","id":"building-1444","geometry":{"type":"MultiPolygon","coordinates":[[[[99.90598540074785,24.642432224220382],[99.90602854635254,24.64234448327948],[99.90590789394437,24.642295468239233],[99.90586474833968,24.642383209214568],[99.90598540074785,24.642432224220382]]]]},"properties":{"id":"1444","kind":"new","heightM":14.7,"areaM2":142,"centerLongitude":99.905947,"centerLatitude":24.642364}},{"type":"Feature","id":"building-1445","geometry":{"type":"MultiPolygon","coordinates":[[[[99.90611674699555,24.64231301322395],[99.90616747791488,24.64224099638207],[99.90607380148016,24.642186479769073],[99.90602307056083,24.642258496642384],[99.90611674699555,24.64231301322395]]]]},"properties":{"id":"1445","kind":"new","heightM":12.4,"areaM2":106.4,"centerLongitude":99.906095,"centerLatitude":24.64225}},{"type":"Feature","id":"building-1446","geometry":{"type":"MultiPolygon","coordinates":[[[[99.90716832837734,24.6421387342683],[99.90712342262465,24.642090299443513],[99.90677974151068,24.642353544548218],[99.90682464726335,24.64240197927092],[99.90716832837734,24.6421387342683]]]]},"properties":{"id":"1446","kind":"new","heightM":50,"areaM2":318.4,"centerLongitude":99.906974,"centerLatitude":24.642246}},{"type":"Feature","id":"building-1447","geometry":{"type":"MultiPolygon","coordinates":[[[[99.90703096789854,24.641593255391076],[99.90694858479043,24.64151893514065],[99.90685549006425,24.641604190308612],[99.90693787317234,24.64167851050831],[99.90703096789854,24.641593255391076]]]]},"properties":{"id":"1447","kind":"new","heightM":14.7,"areaM2":155.9,"centerLongitude":99.906943,"centerLatitude":24.641599}},{"type":"Feature","id":"building-1448","geometry":{"type":"MultiPolygon","coordinates":[[[[99.90714993501344,24.6415187199912],[99.90707205556251,24.641431957068043],[99.90695876460747,24.64151597058313],[99.9070366440584,24.641602733447932],[99.90714993501344,24.6415187199912]]]]},"properties":{"id":"1448","kind":"new","heightM":16.3,"areaM2":183.1,"centerLongitude":99.907054,"centerLatitude":24.641517}},{"type":"Feature","id":"building-1449","geometry":{"type":"MultiPolygon","coordinates":[[[[99.90719604288002,24.641290657131847],[99.90713508125408,24.641217561959994],[99.90702122787829,24.641296009711333],[99.90708218950425,24.64136910483728],[99.90719604288002,24.641290657131847]]]]},"properties":{"id":"1449","kind":"new","heightM":15.9,"areaM2":146.6,"centerLongitude":99.907109,"centerLatitude":24.641293}},{"type":"Feature","id":"building-1450","geometry":{"type":"MultiPolygon","coordinates":[[[[99.90684231249345,24.64134590714907],[99.90676557330414,24.64127176236075],[99.90665593640641,24.641365509850385],[99.90673267559573,24.641439654583053],[99.90684231249345,24.64134590714907]]]]},"properties":{"id":"1450","kind":"new","heightM":16.8,"areaM2":171.4,"centerLongitude":99.906749,"centerLatitude":24.641356}},{"type":"Feature","id":"building-1451","geometry":{"type":"MultiPolygon","coordinates":[[[[99.90718170870524,24.6408974756287],[99.90710854990645,24.640818379194393],[99.90699147430895,24.64090784262054],[99.90706463310772,24.640986938998193],[99.90718170870524,24.6408974756287]]]]},"properties":{"id":"1451","kind":"new","heightM":17,"areaM2":176.8,"centerLongitude":99.907087,"centerLatitude":24.640903}},{"type":"Feature","id":"building-1452","geometry":{"type":"MultiPolygon","coordinates":[[[[99.90646677970027,24.6413926374164],[99.90640558976706,24.641319540664608],[99.90629655333662,24.641394949035572],[99.90635774326984,24.64146804574323],[99.90646677970027,24.6413926374164]]]]},"properties":{"id":"1452","kind":"new","heightM":15.3,"areaM2":140.7,"centerLongitude":99.906382,"centerLatitude":24.641394}},{"type":"Feature","id":"building-1453","geometry":{"type":"MultiPolygon","coordinates":[[[[99.9067284388422,24.64081672996626],[99.90664812596589,24.640741978775452],[99.90653864542057,24.640839158133247],[99.90661895829686,24.640913909265905],[99.9067284388422,24.64081672996626]]]]},"properties":{"id":"1453","kind":"new","heightM":17,"areaM2":178.8,"centerLongitude":99.906634,"centerLatitude":24.640828}},{"type":"Feature","id":"building-1454","geometry":{"type":"MultiPolygon","coordinates":[[[[99.90660490171155,24.64092399009082],[99.90653503244572,24.640836985972552],[99.90642761361414,24.640908254234105],[99.90649748287996,24.64099525830273],[99.90660490171155,24.64092399009082]]]]},"properties":{"id":"1454","kind":"new","heightM":14.8,"areaM2":160.2,"centerLongitude":99.906516,"centerLatitude":24.640916}},{"type":"Feature","id":"building-1455","geometry":{"type":"MultiPolygon","coordinates":[[[[99.90673952236587,24.64083043166295],[99.90683397616873,24.640771695614117],[99.90675774999595,24.640670423702097],[99.90666329619306,24.640729159798553],[99.90673952236587,24.64083043166295]]]]},"properties":{"id":"1455","kind":"new","heightM":15,"areaM2":157,"centerLongitude":99.906749,"centerLatitude":24.64075}},{"type":"Feature","id":"building-1456","geometry":{"type":"MultiPolygon","coordinates":[[[[99.90640804935477,24.640860485738106],[99.90634855231643,24.640799533916326],[99.90624037504651,24.64088677364847],[99.90629987208484,24.640947725427683],[99.90640804935477,24.640860485738106]]]]},"properties":{"id":"1456","kind":"new","heightM":16.1,"areaM2":131.8,"centerLongitude":99.906324,"centerLatitude":24.640874}},{"type":"Feature","id":"building-1457","geometry":{"type":"MultiPolygon","coordinates":[[[[99.90652648194073,24.640782279291763],[99.90645413077158,24.64071325400016],[99.90635462065262,24.64079942770923],[99.9064269718218,24.64086845295321],[99.90652648194073,24.640782279291763]]]]},"properties":{"id":"1457","kind":"new","heightM":15.3,"areaM2":146.5,"centerLongitude":99.906441,"centerLatitude":24.640791}},{"type":"Feature","id":"building-1458","geometry":{"type":"MultiPolygon","coordinates":[[[[99.90664463474324,24.640696758828952],[99.90658371204135,24.64062920708443],[99.90646921223083,24.640714520667146],[99.90653013493271,24.64078207236553],[99.90664463474324,24.640696758828952]]]]},"properties":{"id":"1458","kind":"new","heightM":16.5,"areaM2":144.6,"centerLongitude":99.906557,"centerLatitude":24.640706}},{"type":"Feature","id":"building-1459","geometry":{"type":"MultiPolygon","coordinates":[[[[99.90674741489788,24.640618672640255],[99.90668160724364,24.640546691729686],[99.90658485579401,24.640619769950977],[99.90665066344825,24.640691750819425],[99.90674741489788,24.640618672640255]]]]},"properties":{"id":"1459","kind":"new","heightM":14,"areaM2":131.7,"centerLongitude":99.906666,"centerLatitude":24.640619}},{"type":"Feature","id":"building-1460","geometry":{"type":"MultiPolygon","coordinates":[[[[99.9068678389076,24.64053201081688],[99.90679486958776,24.6404600793491],[99.90668748161595,24.64055008069461],[99.90676045093579,24.64062201211056],[99.9068678389076,24.64053201081688]]]]},"properties":{"id":"1460","kind":"new","heightM":16.3,"areaM2":159.8,"centerLongitude":99.906778,"centerLatitude":24.640541}},{"type":"Feature","id":"building-1461","geometry":{"type":"MultiPolygon","coordinates":[[[[99.90893971334626,24.63994254847367],[99.90881263271302,24.639939599268587],[99.90880808438628,24.64010151970046],[99.90893516501951,24.640104468901715],[99.90893971334626,24.63994254847367]]]]},"properties":{"id":"1461","kind":"old","heightM":19.8,"areaM2":230.3,"centerLongitude":99.908874,"centerLatitude":24.640022}},{"type":"Feature","id":"building-1462","geometry":{"type":"MultiPolygon","coordinates":[[[[99.90905223450105,24.63923192055085],[99.9091143477032,24.639210898945457],[99.90906425543749,24.639088614886752],[99.90900214223534,24.63910963651272],[99.90905223450105,24.63923192055085]]]]},"properties":{"id":"1462","kind":"old","heightM":16,"areaM2":96.7,"centerLongitude":99.909058,"centerLatitude":24.63916}},{"type":"Feature","id":"building-1463","geometry":{"type":"MultiPolygon","coordinates":[[[[99.90987334438353,24.638841903728718],[99.90982960441168,24.638751983265866],[99.90950778077601,24.63888131993305],[99.90955152074787,24.638971240302798],[99.90987334438353,24.638841903728718]]]]},"properties":{"id":"1463","kind":"new","heightM":39.2,"areaM2":386.9,"centerLongitude":99.909691,"centerLatitude":24.638862}},{"type":"Feature","id":"building-1464","geometry":{"type":"MultiPolygon","coordinates":[[[[99.90964579104894,24.639182665707953],[99.9097456018971,24.639147497637758],[99.90965667681093,24.638938983647677],[99.90955686596278,24.638974151776573],[99.90964579104894,24.639182665707953]]]]},"properties":{"id":"1464","kind":"new","heightM":27.4,"areaM2":267.7,"centerLongitude":99.909651,"centerLatitude":24.639061}},{"type":"Feature","id":"building-1465","geometry":{"type":"MultiPolygon","coordinates":[[[[99.90973740029781,24.63909522051608],[99.90982701917557,24.639061177936235],[99.90975291726936,24.63890000629368],[99.9096632983916,24.638934048917445],[99.90973740029781,24.63909522051608]]]]},"properties":{"id":"1465","kind":"new","heightM":21.4,"areaM2":189.7,"centerLongitude":99.909745,"centerLatitude":24.638998}},{"type":"Feature","id":"building-1466","geometry":{"type":"MultiPolygon","coordinates":[[[[99.91003491670591,24.63905693325523],[99.91001078718288,24.639005125122363],[99.90974980868563,24.639105549151544],[99.90977393820866,24.639157357242762],[99.91003491670591,24.63905693325523]]]]},"properties":{"id":"1466","kind":"new","heightM":31.5,"areaM2":178.3,"centerLongitude":99.909892,"centerLatitude":24.639081}},{"type":"Feature","id":"building-1467","geometry":{"type":"MultiPolygon","coordinates":[[[[99.91012741503317,24.639013961280337],[99.91019767288297,24.63898790674188],[99.91013439229008,24.63884692440226],[99.91006413444029,24.63887297897012],[99.91012741503317,24.639013961280337]]]]},"properties":{"id":"1467","kind":"new","heightM":18.6,"areaM2":129.2,"centerLongitude":99.910131,"centerLatitude":24.63893}},{"type":"Feature","id":"building-1468","geometry":{"type":"MultiPolygon","coordinates":[[[[99.91018980694867,24.638800030920528],[99.91015079667595,24.638727128609546],[99.90976326530912,24.63889845664844],[99.90980227558185,24.638971358859443],[99.91018980694867,24.638800030920528]]]]},"properties":{"id":"1468","kind":"old","heightM":48,"areaM2":390.7,"centerLongitude":99.909977,"centerLatitude":24.638849}},{"type":"Feature","id":"building-1469","geometry":{"type":"MultiPolygon","coordinates":[[[[99.90767020342139,24.63633721692545],[99.9076054032363,24.636301098771806],[99.90752097979552,24.636426244104708],[99.90758577998061,24.636462362222176],[99.90767020342139,24.63633721692545]]]]},"properties":{"id":"1469","kind":"new","heightM":18,"areaM2":124.8,"centerLongitude":99.907596,"centerLatitude":24.636382}},{"type":"Feature","id":"building-1470","geometry":{"type":"MultiPolygon","coordinates":[[[[99.90768808950622,24.636810065481086],[99.90774592170929,24.636774148527326],[99.90767566850742,24.636680686680272],[99.90761783630434,24.636716603660904],[99.90768808950622,24.636810065481086]]]]},"properties":{"id":"1470","kind":"new","heightM":13.9,"areaM2":88.7,"centerLongitude":99.907682,"centerLatitude":24.636745}},{"type":"Feature","id":"building-1471","geometry":{"type":"MultiPolygon","coordinates":[[[[99.9077837384318,24.636921514691483],[99.90783435912874,24.63689213066584],[99.90775900285087,24.63678487173194],[99.9077083821539,24.63681425578281],[99.9077837384318,24.636921514691483]]]]},"properties":{"id":"1471","kind":"new","heightM":15.6,"areaM2":85.5,"centerLongitude":99.907771,"centerLatitude":24.636853}},{"type":"Feature","id":"building-1472","geometry":{"type":"MultiPolygon","coordinates":[[[[99.90785530293701,24.637191031860773],[99.90790372011729,24.637159187200254],[99.90782306762304,24.637057871672116],[99.90777465044275,24.637089716358464],[99.90785530293701,24.637191031860773]]]]},"properties":{"id":"1472","kind":"old","heightM":15.3,"areaM2":83.6,"centerLongitude":99.907839,"centerLatitude":24.637124}},{"type":"Feature","id":"building-1473","geometry":{"type":"MultiPolygon","coordinates":[[[[99.90798599802416,24.637358650216065],[99.90803753362991,24.63729887499515],[99.90792737193192,24.637220403650073],[99.90787583632616,24.63728017890853],[99.90798599802416,24.637358650216065]]]]},"properties":{"id":"1473","kind":"old","heightM":15.6,"areaM2":118.9,"centerLongitude":99.907957,"centerLatitude":24.63729}},{"type":"Feature","id":"building-1474","geometry":{"type":"MultiPolygon","coordinates":[[[[99.90820514638284,24.63739791132264],[99.90823420111431,24.63733985149749],[99.90808141067173,24.637276678526348],[99.90805235594027,24.637334738380858],[99.90820514638284,24.63739791132264]]]]},"properties":{"id":"1474","kind":"old","heightM":18.7,"areaM2":119.7,"centerLongitude":99.908143,"centerLatitude":24.637337}},{"type":"Feature","id":"building-1475","geometry":{"type":"MultiPolygon","coordinates":[[[[99.9112020775202,24.6361712991739],[99.91126694723766,24.636166194652912],[99.91125732807014,24.636065193393165],[99.91119245835267,24.63607029791828],[99.9112020775202,24.6361712991739]]]]},"properties":{"id":"1475","kind":"new","heightM":12.4,"areaM2":73.8,"centerLongitude":99.91123,"centerLatitude":24.636118}},{"type":"Feature","id":"building-1476","geometry":{"type":"MultiPolygon","coordinates":[[[[99.91055510207256,24.63668395404761],[99.91055915402319,24.636607211539722],[99.91038118139257,24.636599447632925],[99.91037712944194,24.636676190145582],[99.91055510207256,24.63668395404761]]]]},"properties":{"id":"1476","kind":"new","heightM":19.8,"areaM2":153.1,"centerLongitude":99.910468,"centerLatitude":24.636642}},{"type":"Feature","id":"building-1477","geometry":{"type":"MultiPolygon","coordinates":[[[[99.90957614734695,24.63714281474637],[99.90966405595121,24.637135551564125],[99.90965350927837,24.63703008483633],[99.90956560067411,24.637037348024705],[99.90957614734695,24.63714281474637]]]]},"properties":{"id":"1477","kind":"old","heightM":13,"areaM2":104.5,"centerLongitude":99.909615,"centerLatitude":24.637086}},{"type":"Feature","id":"building-1478","geometry":{"type":"MultiPolygon","coordinates":[[[[99.91269876477429,24.638069666152482],[99.9127521032964,24.638026081723442],[99.91267159066442,24.637944674508258],[99.91261825214232,24.637988258965702],[99.91269876477429,24.638069666152482]]]]},"properties":{"id":"1478","kind":"old","heightM":13.4,"areaM2":87.8,"centerLongitude":99.912685,"centerLatitude":24.638007}},{"type":"Feature","id":"building-1479","geometry":{"type":"MultiPolygon","coordinates":[[[[99.91086877329388,24.64094819420319],[99.91083407602957,24.640870494732216],[99.91070622492988,24.640917663098783],[99.9107409221942,24.64099536254042],[99.91086877329388,24.64094819420319]]]]},"properties":{"id":"1479","kind":"old","heightM":15.4,"areaM2":129.4,"centerLongitude":99.910787,"centerLatitude":24.640933}},{"type":"Feature","id":"building-1480","geometry":{"type":"MultiPolygon","coordinates":[[[[99.91057329366649,24.641124565938576],[99.91052743019321,24.64104717176348],[99.91041480843712,24.641102309497633],[99.91046067191043,24.641179703638564],[99.91057329366649,24.641124565938576]]]]},"properties":{"id":"1480","kind":"new","heightM":14.2,"areaM2":125.8,"centerLongitude":99.910494,"centerLatitude":24.641113}},{"type":"Feature","id":"building-1481","geometry":{"type":"MultiPolygon","coordinates":[[[[99.91067006532964,24.64152975028673],[99.91073940358294,24.64150379813515],[99.9106814994428,24.641375985340343],[99.91061216118955,24.64140193751848],[99.91067006532964,24.64152975028673]]]]},"properties":{"id":"1481","kind":"new","heightM":16.9,"areaM2":115.9,"centerLongitude":99.910676,"centerLatitude":24.641453}},{"type":"Feature","id":"building-1482","geometry":{"type":"MultiPolygon","coordinates":[[[[99.9107584328783,24.641488037954844],[99.91082977118077,24.64146218838126],[99.91078051444826,24.641349883033744],[99.9107091761458,24.64137573263057],[99.9107584328783,24.641488037954844]]]]},"properties":{"id":"1482","kind":"new","heightM":14.8,"areaM2":103.8,"centerLongitude":99.910769,"centerLatitude":24.641419}},{"type":"Feature","id":"building-1483","geometry":{"type":"MultiPolygon","coordinates":[[[[99.91093841539481,24.641593850878223],[99.91097201750127,24.641533624156015],[99.9108910569937,24.641496306422365],[99.91085745488724,24.641556533162575],[99.91093841539481,24.641593850878223]]]]},"properties":{"id":"1483","kind":"new","heightM":10.1,"areaM2":68.6,"centerLongitude":99.910915,"centerLatitude":24.641545}},{"type":"Feature","id":"building-1484","geometry":{"type":"MultiPolygon","coordinates":[[[[99.91087298021704,24.642138152583296],[99.91089305305755,24.642091091998942],[99.91079001155663,24.642054782136707],[99.91076993871613,24.64210184273475],[99.91087298021704,24.642138152583296]]]]},"properties":{"id":"1484","kind":"old","heightM":12.3,"areaM2":62.4,"centerLongitude":99.910831,"centerLatitude":24.642096}},{"type":"Feature","id":"building-1485","geometry":{"type":"MultiPolygon","coordinates":[[[[99.90978568551029,24.641474996800916],[99.90985237810936,24.64147369268458],[99.90984999215708,24.641372886203953],[99.90978329955801,24.641374190321343],[99.90978568551029,24.641474996800916]]]]},"properties":{"id":"1485","kind":"new","heightM":12.3,"areaM2":75.2,"centerLongitude":99.909818,"centerLatitude":24.641424}},{"type":"Feature","id":"building-1486","geometry":{"type":"MultiPolygon","coordinates":[[[[99.9097737882053,24.64136197240305],[99.90984259323096,24.64135889048715],[99.90983720438815,24.64125949627897],[99.90976839936249,24.641262578197317],[99.9097737882053,24.64136197240305]]]]},"properties":{"id":"1486","kind":"new","heightM":12.2,"areaM2":76.7,"centerLongitude":99.909805,"centerLatitude":24.641311}},{"type":"Feature","id":"building-1487","geometry":{"type":"MultiPolygon","coordinates":[[[[99.90987134610647,24.64132271129654],[99.9099269710348,24.641316849646234],[99.90991194460489,24.641199042435574],[99.90985631967655,24.64120490409141],[99.90987134610647,24.64132271129654]]]]},"properties":{"id":"1487","kind":"new","heightM":14.5,"areaM2":74.3,"centerLongitude":99.909892,"centerLatitude":24.641261}},{"type":"Feature","id":"building-1488","geometry":{"type":"MultiPolygon","coordinates":[[[[99.91018305549836,24.641770644830892],[99.91021563450663,24.641726234367813],[99.91011333960793,24.641664237460123],[99.91008076059967,24.641708647945247],[99.91018305549836,24.641770644830892]]]]},"properties":{"id":"1488","kind":"old","heightM":13.7,"areaM2":73.4,"centerLongitude":99.910148,"centerLatitude":24.641717}},{"type":"Feature","id":"building-1489","geometry":{"type":"MultiPolygon","coordinates":[[[[99.90896596119364,24.64358542008272],[99.9089102768857,24.64358590688366],[99.90891122975414,24.643675952949252],[99.90896691406209,24.643675466148657],[99.90896596119364,24.64358542008272]]]]},"properties":{"id":"1489","kind":"new","heightM":11,"areaM2":56.1,"centerLongitude":99.908939,"centerLatitude":24.643631}},{"type":"Feature","id":"building-1490","geometry":{"type":"MultiPolygon","coordinates":[[[[99.90508936347553,24.635094201590377],[99.90502614806968,24.635077266059493],[99.90499894330787,24.6351611692664],[99.90506215871373,24.63517810478591],[99.90508936347553,24.635094201590377]]]]},"properties":{"id":"1490","kind":"old","heightM":10.7,"areaM2":64.5,"centerLongitude":99.905044,"centerLatitude":24.635128}}]}