"id","note_id","media_url","media_thumb","lat","lng","create_time"
"20fdd124-732b-4a3e-9722-178373dcc5f0","0129b035-0d34-4ac8-80ee-a0433ac40f22",https://sannongdata.cn/sn-minio/sn-ccp/public/picture/2022/202203/20220326/1648293177238_44255.jpg,https://sannongdata.cn/sn-minio/sn-ccp/public/picture/2022/202203/20220326/1648293177238_44255.jpg,"24.640405555555557","99.90585333333334",
"41b6f087-5f31-4bf6-aa18-06ce1cf23b32","0129b035-0d34-4ac8-80ee-a0433ac40f22",https://sannongdata.cn/sn-minio/sn-ccp/public/picture/2022/202203/20220326/1648293177235_24523.jpg,https://sannongdata.cn/sn-minio/sn-ccp/public/picture/2022/202203/20220326/1648293177235_24523.jpg,"24.641239166666665","99.90631861111112",
ab921c3a-6b4b-49a0-86d0-c130425649e7,"0129b035-0d34-4ac8-80ee-a0433ac40f22",https://sannongdata.cn/sn-minio/sn-ccp/public/picture/2022/202203/20220326/1648293177236_81268.jpg,https://sannongdata.cn/sn-minio/sn-ccp/public/picture/2022/202203/20220326/1648293177236_81268.jpg,"24.641239166666665","99.90631861111112",
abb1970c-443e-425e-93ef-4da684cca927,"0129b035-0d34-4ac8-80ee-a0433ac40f22",https://sannongdata.cn/sn-minio/sn-ccp/public/picture/2022/202203/20220326/1648293177233_59628.jpg,https://sannongdata.cn/sn-minio/sn-ccp/public/picture/2022/202203/20220326/1648293177233_59628.jpg,"24.641445277777777","99.90627277777779",
adc51db6-2b04-4d74-a390-5830a98677de,"0129b035-0d34-4ac8-80ee-a0433ac40f22",https://sannongdata.cn/sn-minio/sn-ccp/public/picture/2022/202203/20220326/1648293177234_96979.jpg,https://sannongdata.cn/sn-minio/sn-ccp/public/picture/2022/202203/20220326/1648293177234_96979.jpg,"24.63843333333333","99.90971361111112",
fbc4a8bf-06da-447c-9b6d-fcf2f5679083,"0129b035-0d34-4ac8-80ee-a0433ac40f22",https://sannongdata.cn/sn-minio/sn-ccp/public/picture/2022/202203/20220326/1648293177237_42187.jpg,https://sannongdata.cn/sn-minio/sn-ccp/public/picture/2022/202203/20220326/1648293177237_42187.jpg,"24.641036944444444","99.90625",
bfd153be-07a6-4e27-94e5-c1c23ac1aeed,"0142dafe-4e7a-4d64-8622-04fbf63a0cc1",https://sannongdata.cn/sn-minio/sn-ccp/public/picture/2022/202205/20220514/1652501433435_91265.jpg,https://sannongdata.cn/sn-minio/sn-ccp/public/picture/2022/202205/20220514/1652501433435_91265.jpg,"24.638313405165814","99.9097892060377",
"5ddea1d7-c6c3-42a9-9a44-b1d9b75bf41b","02659df7-b774-4d81-9078-ea40b00357dd",https://sannongdata.cn/sn-minio/sn-ccp/public/picture/2022/202205/20220517/1652770431904_28015.jpg,https://sannongdata.cn/sn-minio/sn-ccp/public/picture/2022/202205/20220517/1652770431904_28015.jpg,"24.63826111111111","99.91009444444445",
"8551e175-7f41-49b3-8499-4e6cf7b15faa","02c24ca5-0538-4568-a586-42cfbc4ee611",https://sannongdata.cn/sn-minio/sn-ccp/public/picture/2022/202205/20220517/1652774369599_65085.jpg,https://sannongdata.cn/sn-minio/sn-ccp/public/picture/2022/202205/20220517/1652774369599_65085.jpg,"24.637767424419135","99.91029698484112",
"597e9b77-3981-43f8-9135-7c2e0e51908a","02ddc27c-8ce8-4de6-9fee-ab6205d844ba",https://sannongdata.cn/sn-minio/sn-ccp/public/picture/2022/202205/20220517/1652770164153_11866.jpg,https://sannongdata.cn/sn-minio/sn-ccp/public/picture/2022/202205/20220517/1652770164153_11866.jpg,"24.638066666666667","99.91037777777778",
"4d25d4df-5699-4315-9a9e-1e7b92437390","031967e1-fbbb-4b0a-ab60-fdc17b174229",https://sannongdata.cn/sn-minio/sn-ccp/public/picture/2022/202205/20220514/1652501811376_51038.jpg,https://sannongdata.cn/sn-minio/sn-ccp/public/picture/2022/202205/20220514/1652501811376_51038.jpg,"24.6380706916603","99.90991768602294",
af44751a-224b-45eb-9e51-7c1cddb7e76a,"03e9f608-d654-4e24-b50d-be0ae8c1eb31",https://sannongdata.cn/sn-minio/sn-ccp/public/picture/2022/202207/20220724/1658624140105_11590.jpg,https://sannongdata.cn/sn-minio/sn-ccp/public/picture/2022/202207/20220724/1658624140105_11590.jpg,"","",
b076226b-f29c-47de-b995-9f865e0914d7,"03e9f608-d654-4e24-b50d-be0ae8c1eb31",https://sannongdata.cn/sn-minio/sn-ccp/public/picture/2022/202207/20220724/1658624140100_57550.jpg,https://sannongdata.cn/sn-minio/sn-ccp/public/picture/2022/202207/20220724/1658624140100_57550.jpg,"24.638004166666665","99.90910916666667",
c25517c8-225b-4b3f-8e60-b6fa4b5cf45e,"03e9f608-d654-4e24-b50d-be0ae8c1eb31",https://sannongdata.cn/sn-minio/sn-ccp/public/picture/2022/202207/20220724/1658624140103_84780.jpg,https://sannongdata.cn/sn-minio/sn-ccp/public/picture/2022/202207/20220724/1658624140103_84780.jpg,"24.638203333333333","99.90884000000001",
c9459f86-7276-475e-bab6-c15115e5cd7c,"03e9f608-d654-4e24-b50d-be0ae8c1eb31",https://sannongdata.cn/sn-minio/sn-ccp/public/picture/2022/202207/20220724/1658624140108_87236.jpg,https://sannongdata.cn/sn-minio/sn-ccp/public/picture/2022/202207/20220724/1658624140108_87236.jpg,"","",
c9c10a77-d266-4bc1-9eb3-ef175091da10,"03e9f608-d654-4e24-b50d-be0ae8c1eb31",https://sannongdata.cn/sn-minio/sn-ccp/public/picture/2022/202207/20220724/1658624140106_73424.jpg,https://sannongdata.cn/sn-minio/sn-ccp/public/picture/2022/202207/20220724/1658624140106_73424.jpg,"","",
f799facc-fc20-4f06-9892-5f95d7df91ab,"03e9f608-d654-4e24-b50d-be0ae8c1eb31",https://sannongdata.cn/sn-minio/sn-ccp/public/picture/2022/202207/20220724/1658624140109_9752.jpg,https://sannongdata.cn/sn-minio/sn-ccp/public/picture/2022/202207/20220724/1658624140109_9752.jpg,"","",
"4678c5b3-5e32-4398-a2a6-e80e9e1c65b3","054d0d70-aac3-4dcd-8239-73d051ae04de",https://sannongdata.cn/sn-minio/sn-ccp/public/picture/2022/202205/20220517/1652761551246_79661.jpg,https://sannongdata.cn/sn-minio/sn-ccp/public/picture/2022/202205/20220517/1652761551246_79661.jpg,"24.638298104265004","99.90978281326433",
"055fbc18-2c13-4e5a-b9ce-0ce9f7f41de4","06ac6f1b-4c17-471b-af2d-4e5df4ef9999",https://sannongdata.cn/sn-minio/sn-ccp/public/picture/2022/202205/20220517/1652772671437_78932.jpg,https://sannongdata.cn/sn-minio/sn-ccp/public/picture/2022/202205/20220517/1652772671437_78932.jpg,"24.637190715216164","99.90968686854434",
"258f6800-070c-4b28-9c7c-449dc4598cd6","071c5d48-fd4f-4010-927e-ac4ae9e3f25d",https://sannongdata.cn/sn-minio/sn-ccp/public/picture/2022/202208/20220824/1661355825215_47756.jpg,https://sannongdata.cn/sn-minio/sn-ccp/public/picture/2022/202208/20220824/1661355825215_47756.jpg,"","",
"4e77a481-373d-4ff8-b5f4-176f54ca0eba","071c5d48-fd4f-4010-927e-ac4ae9e3f25d",https://sannongdata.cn/sn-minio/sn-ccp/public/picture/2022/202208/20220824/1661355825192_44310.jpg,https://sannongdata.cn/sn-minio/sn-ccp/public/picture/2022/202208/20220824/1661355825192_44310.jpg,"","",
"7cbefb78-30ae-4444-a57f-3e46b2ca08ec","071c5d48-fd4f-4010-927e-ac4ae9e3f25d",https://sannongdata.cn/sn-minio/sn-ccp/public/picture/2022/202208/20220824/1661355825198_37711.jpg,https://sannongdata.cn/sn-minio/sn-ccp/public/picture/2022/202208/20220824/1661355825198_37711.jpg,"","",
"86a81f64-fc6f-4eb8-aa24-65ddc2b23225","071c5d48-fd4f-4010-927e-ac4ae9e3f25d",https://sannongdata.cn/sn-minio/sn-ccp/public/picture/2022/202208/20220824/1661355825187_83833.jpg,https://sannongdata.cn/sn-minio/sn-ccp/public/picture/2022/202208/20220824/1661355825187_83833.jpg,"","",
a94b1cb9-7e83-48f7-9ca1-cea8fa66ac49,"071c5d48-fd4f-4010-927e-ac4ae9e3f25d",https://sannongdata.cn/sn-minio/sn-ccp/public/picture/2022/202208/20220824/1661355825209_66748.jpg,https://sannongdata.cn/sn-minio/sn-ccp/public/picture/2022/202208/20220824/1661355825209_66748.jpg,"","",
ac56a700-69ef-4b98-9d72-3c5b92017e46,"071c5d48-fd4f-4010-927e-ac4ae9e3f25d",https://sannongdata.cn/sn-minio/sn-ccp/public/picture/2022/202208/20220824/1661355825203_3762.jpg,https://sannongdata.cn/sn-minio/sn-ccp/public/picture/2022/202208/20220824/1661355825203_3762.jpg,"","",
"19afb40a-e9d0-481c-928b-c025c086efa9","07d9b4b6-a12a-4f6c-9e5e-221e83fe97fe",https://sannongdata.cn/sn-minio/sn-ccp/public/picture/2022/202205/20220515/1652595982847_38929.jpg,https://sannongdata.cn/sn-minio/sn-ccp/public/picture/2022/202205/20220515/1652595982847_38929.jpg,"24.638255555555556","99.90981388888889",
"00126aef-8aff-4fcc-9725-d4082f8c7c2a","0e663f9c-5e22-46d7-9169-6f2ec41b08af",https://sannongdata.cn/sn-minio/sn-ccp/public/picture/2022/202205/20220514/1652501709730_59850.jpg,https://sannongdata.cn/sn-minio/sn-ccp/public/picture/2022/202205/20220514/1652501709730_59850.jpg,"24.638174978292685","99.90977355746156",
"8c4251bc-b133-417b-82ad-cf523e49eda7","0f11a6d2-f4f8-4f0f-a633-595b1eb7bfe2",https://sannongdata.cn/sn-minio/sn-ccp/public/picture/2022/202205/20220514/1652498663829_17352.jpg,https://sannongdata.cn/sn-minio/sn-ccp/public/picture/2022/202205/20220514/1652498663829_17352.jpg,"24.63684389083552","99.90772962940011",
"9f23d4dd-d5ad-4161-a170-a06a3cf8ac2b","0f11a6d2-f4f8-4f0f-a633-595b1eb7bfe2",https://sannongdata.cn/sn-minio/sn-ccp/public/picture/2022/202205/20220514/1652498663839_64136.jpg,https://sannongdata.cn/sn-minio/sn-ccp/public/picture/2022/202205/20220514/1652498663839_64136.jpg,"","",
bd26ec81-662c-4a54-8df5-5a90203e80a7,"0f11a6d2-f4f8-4f0f-a633-595b1eb7bfe2",https://sannongdata.cn/sn-minio/sn-ccp/public/picture/2022/202205/20220514/1652498663837_69566.jpg,https://sannongdata.cn/sn-minio/sn-ccp/public/picture/2022/202205/20220514/1652498663837_69566.jpg,"","",
"6524af7a-5378-4cbd-8ec1-1aac18163f4c","0f99b6da-88da-4a91-a0fa-ae7db7360ae0",https://sannongdata.cn/sn-minio/sn-ccp/public/picture/2022/202205/20220514/1652501947816_40628.jpg,https://sannongdata.cn/sn-minio/sn-ccp/public/picture/2022/202205/20220514/1652501947816_40628.jpg,"24.638168636180556","99.90971344546618",
"922dac76-6c03-41fd-82db-77ba678ce693","111b6cdf-f9ac-487a-b40a-4439d1a75f3d",https://sannongdata.cn/sn-minio/sn-ccp/public/picture/2022/202205/20220517/1652752635082_92921.jpg,https://sannongdata.cn/sn-minio/sn-ccp/public/picture/2022/202205/20220517/1652752635082_92921.jpg,"24.63799277777778","99.90989305555556",
d0c8d159-fb46-4fe7-9cad-83c19a8657e9,"116ecb33-0dae-4e19-98cc-000190365dee",https://sannongdata.cn/sn-minio/sn-ccp/public/picture/2022/202205/20220514/1652501371820_25239.jpg,https://sannongdata.cn/sn-minio/sn-ccp/public/picture/2022/202205/20220514/1652501371820_25239.jpg,"24.63842306841635","99.90991847311602",
"9d331d3e-7a05-4a8d-85c4-0ae1b1579e32","117e78d1-d396-4789-a8f4-c791ab922aea",https://sannongdata.cn/sn-minio/sn-ccp/public/picture/2022/202205/20220517/1652774341239_7151.jpg,https://sannongdata.cn/sn-minio/sn-ccp/public/picture/2022/202205/20220517/1652774341239_7151.jpg,"24.638039398424226","99.91007831568099",
"282a9bc06a5e4682b01251a7b2f5a15a","1184883561858072576",https://oss.sannongdata.cn/picture/2026/202606/20260610/1781106251475_99793?x-oss-process=style/thumb30&less=thumb20,https://oss.sannongdata.cn/picture/2026/202606/20260610/1781106251475_99793?x-oss-process=style/thumb30&less=thumb20,"24.637222829802377","99.90972129256993","2026-06-10 23:44:15"
"2c5bf109b4384ca9b0ea6cb5f5776c14","1184883561858072576",https://oss.sannongdata.cn/picture/2026/202606/20260610/1781106247803_25952?x-oss-process=style/thumb100&less=thumb90,https://oss.sannongdata.cn/picture/2026/202606/20260610/1781106247803_25952?x-oss-process=style/thumb100&less=thumb90,"24.637222829802377","99.90972129256993","2026-06-10 23:44:15"
"36c4818fc1124956a2e0692b99b33a5b","1184883561858072576",https://oss.sannongdata.cn/picture/2026/202606/20260610/1781106248574_28142?x-oss-process=style/thumb100&less=thumb90,https://oss.sannongdata.cn/picture/2026/202606/20260610/1781106248574_28142?x-oss-process=style/thumb100&less=thumb90,"24.637222829802377","99.90972129256993","2026-06-10 23:44:15"
"3cd09ec0c6fe4244a1cd542bfbdd2534","1184883561858072576",https://oss.sannongdata.cn/picture/2026/202606/20260610/1781106249388_20726?x-oss-process=style/thumb30&less=thumb20,https://oss.sannongdata.cn/picture/2026/202606/20260610/1781106249388_20726?x-oss-process=style/thumb30&less=thumb20,"24.637222829802377","99.90972129256993","2026-06-10 23:44:15"
a7f8048683e5466797c858f2791a0d8d,"1184883561858072576",https://oss.sannongdata.cn/picture/2026/202606/20260610/1781106246249_36638?x-oss-process=style/thumb100&less=thumb90,https://oss.sannongdata.cn/picture/2026/202606/20260610/1781106246249_36638?x-oss-process=style/thumb100&less=thumb90,"24.637222829802377","99.90972129256993","2026-06-10 23:44:15"
c125994a94544d459bb80d1fc39e4ff2,"1184883561858072576",https://oss.sannongdata.cn/picture/2026/202606/20260610/1781106247212_62095?x-oss-process=style/thumb100&less=thumb90,https://oss.sannongdata.cn/picture/2026/202606/20260610/1781106247212_62095?x-oss-process=style/thumb100&less=thumb90,"24.637222829802377","99.90972129256993","2026-06-10 23:44:15"
"19006d9f-a366-46e6-bf89-d980f0872c3e","1193e386-0594-4358-b4e3-d030eff379fd",https://sannongdata.cn/sn-minio/sn-ccp/public/picture/2022/202205/20220517/1652786419961_74048.jpg,https://sannongdata.cn/sn-minio/sn-ccp/public/picture/2022/202205/20220517/1652786419961_74048.jpg,"24.638247222222223","99.90970555555556",
"2e95cbdf-859f-4b0d-893e-775a63c502ff","1193e386-0594-4358-b4e3-d030eff379fd",https://sannongdata.cn/sn-minio/sn-ccp/public/picture/2022/202205/20220517/1652786419962_30000.jpg,https://sannongdata.cn/sn-minio/sn-ccp/public/picture/2022/202205/20220517/1652786419962_30000.jpg,"","",
"561a5727-d8b4-4fe0-bfa4-a579284865e7","1193e386-0594-4358-b4e3-d030eff379fd",https://sannongdata.cn/sn-minio/sn-ccp/public/picture/2022/202205/20220517/1652786419964_21006.jpg,https://sannongdata.cn/sn-minio/sn-ccp/public/picture/2022/202205/20220517/1652786419964_21006.jpg,"","",
"69543bc5-a6c6-4291-baa9-81eb852ef87a","1193e386-0594-4358-b4e3-d030eff379fd",https://sannongdata.cn/sn-minio/sn-ccp/public/picture/2022/202205/20220517/1652786419959_4048.jpg,https://sannongdata.cn/sn-minio/sn-ccp/public/picture/2022/202205/20220517/1652786419959_4048.jpg,"","",
"12b93c4e-7e9f-487a-928d-7394c113cca9","12cef30a-043b-47e7-bcbb-80a77f5dac72",https://sannongdata.cn/sn-minio/sn-ccp/public/picture/2022/202208/20220805/1659683399682_20522.jpg,https://sannongdata.cn/sn-minio/sn-ccp/public/picture/2022/202208/20220805/1659683399682_20522.jpg,"","",
"263296b9-6b73-4bf9-a695-ea5ce62182aa","12cef30a-043b-47e7-bcbb-80a77f5dac72",https://sannongdata.cn/sn-minio/sn-ccp/public/picture/2022/202208/20220805/1659683399676_12973.jpg,https://sannongdata.cn/sn-minio/sn-ccp/public/picture/2022/202208/20220805/1659683399676_12973.jpg,"","",
"898a6ac4-0af1-48a7-b7a6-6dfed78cb59c","12cef30a-043b-47e7-bcbb-80a77f5dac72",https://sannongdata.cn/sn-minio/sn-ccp/public/picture/2022/202208/20220805/1659683399681_28030.jpg,https://sannongdata.cn/sn-minio/sn-ccp/public/picture/2022/202208/20220805/1659683399681_28030.jpg,"","",
"950cba84-1bed-4fa1-83e1-ee1ebd6f8edf","12cef30a-043b-47e7-bcbb-80a77f5dac72",https://sannongdata.cn/sn-minio/sn-ccp/public/picture/2022/202208/20220805/1659683399679_69058.jpg,https://sannongdata.cn/sn-minio/sn-ccp/public/picture/2022/202208/20220805/1659683399679_69058.jpg,"","",
e1cca2ef-6051-42dc-91ca-9b6f699c4c02,"12cef30a-043b-47e7-bcbb-80a77f5dac72",https://sannongdata.cn/sn-minio/sn-ccp/public/picture/2022/202208/20220805/1659683399683_56535.jpg,https://sannongdata.cn/sn-minio/sn-ccp/public/picture/2022/202208/20220805/1659683399683_56535.jpg,"","",
ea4c305d-5089-408c-a7f1-f03057534d3a,"12cef30a-043b-47e7-bcbb-80a77f5dac72",https://sannongdata.cn/sn-minio/sn-ccp/public/picture/2022/202208/20220805/1659683399678_63870.jpg,https://sannongdata.cn/sn-minio/sn-ccp/public/picture/2022/202208/20220805/1659683399678_63870.jpg,"","",
"4f876adb-db2d-4ca3-ae98-fe1db116c434","13d97054-d423-464f-9171-53f29513a8f8",https://sannongdata.cn/sn-minio/sn-ccp/public/picture/2022/202205/20220517/1652752374106_16787.jpg,https://sannongdata.cn/sn-minio/sn-ccp/public/picture/2022/202205/20220517/1652752374106_16787.jpg,"24.638034722222223","99.9098838888889",
"30623647-bc87-4f46-bed6-efa9332385e4","1550ad80-fda3-4d10-b8bd-082b8086c1b0",https://sannongdata.cn/sn-minio/sn-ccp/public/picture/2021/202110/20211030/1635525966405_86527.jpg,https://sannongdata.cn/sn-minio/sn-ccp/public/picture/2021/202110/20211030/1635525966405_86527.jpg,"","",
"54b0a1ca-b9a3-4f9c-bc56-838a02a68002","1550ad80-fda3-4d10-b8bd-082b8086c1b0",https://sannongdata.cn/sn-minio/sn-ccp/public/picture/2021/202110/20211030/1635525966409_20800.jpg,https://sannongdata.cn/sn-minio/sn-ccp/public/picture/2021/202110/20211030/1635525966409_20800.jpg,"","",
"66e94adc-8f84-4f8a-b3d1-17e90ea554a4","1550ad80-fda3-4d10-b8bd-082b8086c1b0",https://sannongdata.cn/sn-minio/sn-ccp/public/picture/2021/202110/20211030/1635525966406_99549.jpg,https://sannongdata.cn/sn-minio/sn-ccp/public/picture/2021/202110/20211030/1635525966406_99549.jpg,"","",
"972c4889-7e8d-4032-9f61-40353ec085d9","1550ad80-fda3-4d10-b8bd-082b8086c1b0",https://sannongdata.cn/sn-minio/sn-ccp/public/picture/2021/202110/20211030/1635525966408_84109.jpg,https://sannongdata.cn/sn-minio/sn-ccp/public/picture/2021/202110/20211030/1635525966408_84109.jpg,"","",
bb023164-cff9-4be4-9b81-2c3e945e3921,"1550ad80-fda3-4d10-b8bd-082b8086c1b0",https://sannongdata.cn/sn-minio/sn-ccp/public/picture/2021/202110/20211030/1635525966403_1759.jpg,https://sannongdata.cn/sn-minio/sn-ccp/public/picture/2021/202110/20211030/1635525966403_1759.jpg,"24.6559","99.90319722222223",
cc76a429-e1e8-4384-8af3-666b23189bec,"1550ad80-fda3-4d10-b8bd-082b8086c1b0",https://sannongdata.cn/sn-minio/sn-ccp/public/picture/2021/202110/20211030/1635525966400_87531.jpg,https://sannongdata.cn/sn-minio/sn-ccp/public/picture/2021/202110/20211030/1635525966400_87531.jpg,"24.655905555555552","99.90322777777779",
fca2403d-60db-4bd7-8c23-5abf871df8b8,"165f36be-c884-4621-a38c-2c7e7a9c2472",https://sannongdata.cn/sn-minio/sn-ccp/public/picture/2022/202205/20220514/1652510828682_46878.jpg,https://sannongdata.cn/sn-minio/sn-ccp/public/picture/2022/202205/20220514/1652510828682_46878.jpg,"","",
cd5e35c7-980e-45ce-a9d0-fc278a5763cc,"16cbc4cd-6248-4cfe-8b86-e594ed6bdf21",https://sannongdata.cn/sn-minio/sn-ccp/public/picture/2022/202205/20220514/1652507695317_1922.jpg,https://sannongdata.cn/sn-minio/sn-ccp/public/picture/2022/202205/20220514/1652507695317_1922.jpg,"","",
"05fa2daa-d552-498f-99ad-57994c497a0c","177c278f-9e3f-4f03-9344-3645e066e66d",https://sannongdata.cn/sn-minio/sn-ccp/public/picture/2022/202205/20220515/1652596767617_25084.jpg,https://sannongdata.cn/sn-minio/sn-ccp/public/picture/2022/202205/20220515/1652596767617_25084.jpg,"","",
"4489397c-2a41-4546-bd48-d8e6e5b2392a","18e798d6-edf5-4009-9f8d-6ac97d28608b",https://sannongdata.cn/sn-minio/sn-ccp/public/picture/2022/202205/20220517/1652786259107_54833.jpg,https://sannongdata.cn/sn-minio/sn-ccp/public/picture/2022/202205/20220517/1652786259107_54833.jpg,"","",
"4e908600-7875-4d91-acda-6345f005d8f6","18e798d6-edf5-4009-9f8d-6ac97d28608b",https://sannongdata.cn/sn-minio/sn-ccp/public/picture/2022/202205/20220517/1652786259105_59965.jpg,https://sannongdata.cn/sn-minio/sn-ccp/public/picture/2022/202205/20220517/1652786259105_59965.jpg,"","",
"5249a872-92c6-4806-a992-491ce3d4a05b","19a933eb-68ea-402b-8123-e762edc08b6b",https://sannongdata.cn/sn-minio/sn-ccp/public/picture/2022/202205/20220518/1652844643175_91380.jpg,https://sannongdata.cn/sn-minio/sn-ccp/public/picture/2022/202205/20220518/1652844643175_91380.jpg,"24.637773055555556","99.91017111111111",
"4cd9972c-91f2-4759-a54b-8bebfc932c71","1a1182dd-a171-4ef2-962d-5da4615f41a7",https://sannongdata.cn/sn-minio/sn-ccp/public/picture/2022/202205/20220517/1652771439590_96539.jpg,https://sannongdata.cn/sn-minio/sn-ccp/public/picture/2022/202205/20220517/1652771439590_96539.jpg,"24.637346212245827","99.90990309407077",
b7f02fe6-e66f-42dc-9e5d-724d8a6ed5b2,"1e500837-a58b-4a81-a871-e0f722421b9f",https://sannongdata.cn/sn-minio/sn-ccp/public/picture/2022/202205/20220517/1652773302174_37183.jpg,https://sannongdata.cn/sn-minio/sn-ccp/public/picture/2022/202205/20220517/1652773302174_37183.jpg,"","",
"183ab81f-7c68-4488-bb02-bc0737990424","20a98715-1faa-4fb6-a407-9f24710d582f",https://sannongdata.cn/sn-minio/sn-ccp/public/picture/2021/202112/20211204/1638626748428_32023.jpg,https://sannongdata.cn/sn-minio/sn-ccp/public/picture/2021/202112/20211204/1638626748428_32023.jpg,"","",
"5064d9e8-238d-4b55-8858-697e565f75cf","20a98715-1faa-4fb6-a407-9f24710d582f",https://sannongdata.cn/sn-minio/sn-ccp/public/picture/2021/202112/20211204/1638626748430_86797.jpg,https://sannongdata.cn/sn-minio/sn-ccp/public/picture/2021/202112/20211204/1638626748430_86797.jpg,"","",
"6348844b-4f7f-4188-adcb-babc5f68e6c3","20a98715-1faa-4fb6-a407-9f24710d582f",https://sannongdata.cn/sn-minio/sn-ccp/public/picture/2021/202112/20211204/1638626748429_52982.jpg,https://sannongdata.cn/sn-minio/sn-ccp/public/picture/2021/202112/20211204/1638626748429_52982.jpg,"","",
"6c8b4f7d-f62c-4c11-820a-6e4b501d9fdf","20a98715-1faa-4fb6-a407-9f24710d582f",https://sannongdata.cn/sn-minio/sn-ccp/public/picture/2021/202112/20211204/1638626748426_70828.jpg,https://sannongdata.cn/sn-minio/sn-ccp/public/picture/2021/202112/20211204/1638626748426_70828.jpg,"","",
"916c3869-9ac0-4a37-bef8-4631e3e5d129","20a98715-1faa-4fb6-a407-9f24710d582f",https://sannongdata.cn/sn-minio/sn-ccp/public/picture/2021/202112/20211204/1638626748432_78969.jpg,https://sannongdata.cn/sn-minio/sn-ccp/public/picture/2021/202112/20211204/1638626748432_78969.jpg,"","",
b7121b3a-861d-4b30-a9ba-7b88418e3a61,"20a98715-1faa-4fb6-a407-9f24710d582f",https://sannongdata.cn/sn-minio/sn-ccp/public/picture/2021/202112/20211204/1638626748432_73479.jpg,https://sannongdata.cn/sn-minio/sn-ccp/public/picture/2021/202112/20211204/1638626748432_73479.jpg,"","",
a813a879-2ea9-4acf-a40c-a9c4acc5c377,"21267aaa-f2fe-4702-87f2-8445cebc4a84",https://sannongdata.cn/sn-minio/sn-ccp/public/picture/2022/202205/20220515/1652597590158_5260.jpg,https://sannongdata.cn/sn-minio/sn-ccp/public/picture/2022/202205/20220515/1652597590158_5260.jpg,"","",
f91e723b-97eb-4792-880c-7b3184d47892,"2162e457-79de-441f-90b8-3cc4ed7a8ae1",https://sannongdata.cn/sn-minio/sn-ccp/public/picture/2022/202205/20220514/1652501766282_90294.jpg,https://sannongdata.cn/sn-minio/sn-ccp/public/picture/2022/202205/20220514/1652501766282_90294.jpg,"24.638212908811873","99.90984118992021",
"00dda667-4959-440a-994a-7c02fc02e27c","2497bf2c-d978-4fd5-baaf-430ee312b9bc",https://sannongdata.cn/sn-minio/sn-ccp/public/picture/2022/202205/20220517/1652771353829_90470.jpg,https://sannongdata.cn/sn-minio/sn-ccp/public/picture/2022/202205/20220517/1652771353829_90470.jpg,"24.637677222222223","99.90973000000001",
a43b5cb7-34ac-4687-b3ae-a5201874c147,"24c79f89-fea9-4d8a-aef0-ccc237b31ad2",https://sannongdata.cn/sn-minio/sn-ccp/public/picture/2022/202205/20220515/1652596575541_59264.jpg,https://sannongdata.cn/sn-minio/sn-ccp/public/picture/2022/202205/20220515/1652596575541_59264.jpg,"","",
"08fb61e4-2037-4c53-8f34-7ed4d5a0244c","2500101e-97bf-43d4-86c0-1ad731b7e5d5",https://sannongdata.cn/sn-minio/sn-ccp/public/picture/2021/202110/20211029/1635443882687_13676.jpg,https://sannongdata.cn/sn-minio/sn-ccp/public/picture/2021/202110/20211029/1635443882687_13676.jpg,"24.65851222222222","99.88940416666668",
"16445b1d-a99e-4f9f-967a-5d9c5f3f75bd","2500101e-97bf-43d4-86c0-1ad731b7e5d5",https://sannongdata.cn/sn-minio/sn-ccp/public/picture/2021/202110/20211029/1635443882684_51079.jpg,https://sannongdata.cn/sn-minio/sn-ccp/public/picture/2021/202110/20211029/1635443882684_51079.jpg,"24.596443055555554","99.90641027777778",
"2cf7bbac-845a-4f50-84df-3b2dcb5226b9","2500101e-97bf-43d4-86c0-1ad731b7e5d5",https://sannongdata.cn/sn-minio/sn-ccp/public/picture/2021/202110/20211029/1635443882680_5172.jpg,https://sannongdata.cn/sn-minio/sn-ccp/public/picture/2021/202110/20211029/1635443882680_5172.jpg,"24.65013111111111","99.90522",
"7946066b-d1b4-4885-8c00-66280cc93333","2500101e-97bf-43d4-86c0-1ad731b7e5d5",https://sannongdata.cn/sn-minio/sn-ccp/public/picture/2021/202110/20211029/1635443882692_95033.jpg,https://sannongdata.cn/sn-minio/sn-ccp/public/picture/2021/202110/20211029/1635443882692_95033.jpg,"24.620344166666666","99.88850416666668",
"8e30a43f-71df-4768-8a04-0de91de8c256","2500101e-97bf-43d4-86c0-1ad731b7e5d5",https://sannongdata.cn/sn-minio/sn-ccp/public/picture/2021/202110/20211029/1635443882691_90578.jpg,https://sannongdata.cn/sn-minio/sn-ccp/public/picture/2021/202110/20211029/1635443882691_90578.jpg,"24.658815277777776","99.88929750000001",
"94971f13-e38b-4bc0-9386-7271d402f43e","2500101e-97bf-43d4-86c0-1ad731b7e5d5",https://sannongdata.cn/sn-minio/sn-ccp/public/picture/2021/202110/20211029/1635443882685_57011.jpg,https://sannongdata.cn/sn-minio/sn-ccp/public/picture/2021/202110/20211029/1635443882685_57011.jpg,"24.658258333333333","99.88936611111112",
a811b3e5-b339-44b3-bf63-9144ac73cc67,"2500101e-97bf-43d4-86c0-1ad731b7e5d5",https://sannongdata.cn/sn-minio/sn-ccp/public/picture/2021/202110/20211029/1635443882688_41899.jpg,https://sannongdata.cn/sn-minio/sn-ccp/public/picture/2021/202110/20211029/1635443882688_41899.jpg,"24.65856361111111","99.88945777777778",
d1f411a4-36ae-415b-a244-e92031ed46b1,"2500101e-97bf-43d4-86c0-1ad731b7e5d5",https://sannongdata.cn/sn-minio/sn-ccp/public/picture/2021/202110/20211029/1635443882678_44456.jpg,https://sannongdata.cn/sn-minio/sn-ccp/public/picture/2021/202110/20211029/1635443882678_44456.jpg,"24.629016944444444","99.9067",
dc3744a8-efe2-4012-b51a-8029f2d6b0b3,"2500101e-97bf-43d4-86c0-1ad731b7e5d5",https://sannongdata.cn/sn-minio/sn-ccp/public/picture/2021/202110/20211029/1635443882674_31725.jpg,https://sannongdata.cn/sn-minio/sn-ccp/public/picture/2021/202110/20211029/1635443882674_31725.jpg,"24.65650361111111","99.89403527777779",
e2b577a8-8ce4-4510-89e6-81de3c2f102e,"2500101e-97bf-43d4-86c0-1ad731b7e5d5",https://sannongdata.cn/sn-minio/sn-ccp/public/picture/2021/202110/20211029/1635443882692_65908.jpg,https://sannongdata.cn/sn-minio/sn-ccp/public/picture/2021/202110/20211029/1635443882692_65908.jpg,"24.60476888888889","99.9027863888889",
f09f95b2-4554-4036-94c3-62d6170c3dad,"2500101e-97bf-43d4-86c0-1ad731b7e5d5",https://sannongdata.cn/sn-minio/sn-ccp/public/picture/2021/202110/20211029/1635443882679_27108.jpg,https://sannongdata.cn/sn-minio/sn-ccp/public/picture/2021/202110/20211029/1635443882679_27108.jpg,"24.65013111111111","99.90522",
f71a222e-78bf-4b16-8b11-d0e6e84f99e2,"2500101e-97bf-43d4-86c0-1ad731b7e5d5",https://sannongdata.cn/sn-minio/sn-ccp/public/picture/2021/202110/20211029/1635443882681_62833.jpg,https://sannongdata.cn/sn-minio/sn-ccp/public/picture/2021/202110/20211029/1635443882681_62833.jpg,"24.62031361111111","99.91086583333333",
ae5be406-5619-4699-b72e-944ab22b4a90,"2aa30a9a-9801-4aed-a443-e422f823aa5d",https://sannongdata.cn/sn-minio/sn-ccp/public/picture/2022/202205/20220514/1652501485260_10618.jpg,https://sannongdata.cn/sn-minio/sn-ccp/public/picture/2022/202205/20220514/1652501485260_10618.jpg,"24.63850941803287","99.90985079795054",
"5acda102-ef8a-4f9c-a4af-f06997e839c3","2dae9c1a-70eb-4399-bfe0-ed8a32ca9ef8",https://sannongdata.cn/sn-minio/sn-ccp/public/picture/2022/202205/20220517/1652759181577_97741.jpg,https://sannongdata.cn/sn-minio/sn-ccp/public/picture/2022/202205/20220517/1652759181577_97741.jpg,"24.63790277777778","99.90950833333333",
"5c2890de-9620-463c-b06b-58ca6fee7fd6","33c1d94e-1422-4d3d-b5fe-ea238082aa2a",https://sannongdata.cn/sn-minio/sn-ccp/public/picture/2022/202205/20220514/1652501528748_51967.jpg,https://sannongdata.cn/sn-minio/sn-ccp/public/picture/2022/202205/20220514/1652501528748_51967.jpg,"24.638460132288838","99.9097574899411",
"2d61fc6d-a381-4e0c-89e7-3e18ecc627f6","39f36ee0-ff4b-456c-b61d-fe36cf08c824",https://sannongdata.cn/sn-minio/sn-ccp/public/picture/2022/202205/20220517/1652761762104_11939.jpg,https://sannongdata.cn/sn-minio/sn-ccp/public/picture/2022/202205/20220517/1652761762104_11939.jpg,"","",
d6471c74-b7fa-4efa-9973-a605d73b324f,"3a774cd2-86b5-46b1-aa81-8ebbaaa26ea9",https://sannongdata.cn/sn-minio/sn-ccp/public/picture/2022/202205/20220515/1652596911140_31233.jpg,https://sannongdata.cn/sn-minio/sn-ccp/public/picture/2022/202205/20220515/1652596911140_31233.jpg,"","",
"4feca908-a15b-4c28-af43-61ef46208acb","3bb0eadd-dd06-4904-adc0-9c03aec27836",https://sannongdata.cn/sn-minio/sn-ccp/public/picture/2022/202205/20220517/1652754345550_14987.jpg,https://sannongdata.cn/sn-minio/sn-ccp/public/picture/2022/202205/20220517/1652754345550_14987.jpg,"24.637821111111112","99.90976916666668",
"60faedbe-e61b-459d-a457-5fedb64b7b56","3bbefc67-8e7d-414b-a14a-394682710228",https://sannongdata.cn/sn-minio/sn-ccp/public/picture/2022/202203/20220326/1648293135881_97314.jpg,https://sannongdata.cn/sn-minio/sn-ccp/public/picture/2022/202203/20220326/1648293135881_97314.jpg,"24.642846944444443","99.90852361111112",
"7c8feb61-19c5-4c22-96a2-5f7969798778","3bbefc67-8e7d-414b-a14a-394682710228",https://sannongdata.cn/sn-minio/sn-ccp/public/picture/2022/202203/20220326/1648293135877_63614.jpg,https://sannongdata.cn/sn-minio/sn-ccp/public/picture/2022/202203/20220326/1648293135877_63614.jpg,"24.642820277777776","99.90855416666668",
"8c1dddc9-307f-4ad2-941b-1443548e8166","3bbefc67-8e7d-414b-a14a-394682710228",https://sannongdata.cn/sn-minio/sn-ccp/public/picture/2022/202203/20220326/1648293135882_8344.jpg,https://sannongdata.cn/sn-minio/sn-ccp/public/picture/2022/202203/20220326/1648293135882_8344.jpg,"24.638421944444445","99.90968333333333",
e59a1f6e-74e2-4c61-a65f-e60b3727fdd6,"3bbefc67-8e7d-414b-a14a-394682710228",https://sannongdata.cn/sn-minio/sn-ccp/public/picture/2022/202203/20220326/1648293135879_87037.jpg,https://sannongdata.cn/sn-minio/sn-ccp/public/picture/2022/202203/20220326/1648293135879_87037.jpg,"24.6429825","99.90843972222223",
"0a0e5c4d-e1f1-4969-b59b-46d3aefff962","43e1127a-3f6c-4d80-b0a5-48054169c03a",https://sannongdata.cn/sn-minio/sn-ccp/public/picture/2021/202112/20211204/1638627084617_88627.jpg,https://sannongdata.cn/sn-minio/sn-ccp/public/picture/2021/202112/20211204/1638627084617_88627.jpg,"","",
"21af2e41-da1c-470b-85d8-9fb0ecfa9e51","43e1127a-3f6c-4d80-b0a5-48054169c03a",https://sannongdata.cn/sn-minio/sn-ccp/public/picture/2021/202112/20211204/1638627052343_2993.jpg,https://sannongdata.cn/sn-minio/sn-ccp/public/picture/2021/202112/20211204/1638627052343_2993.jpg,"","",
"2541e249-5484-4dae-be9d-63864cff9564","43e1127a-3f6c-4d80-b0a5-48054169c03a",https://sannongdata.cn/sn-minio/sn-ccp/public/picture/2021/202112/20211204/1638627084623_99965.jpg,https://sannongdata.cn/sn-minio/sn-ccp/public/picture/2021/202112/20211204/1638627084623_99965.jpg,"","",
"5b9c856f-c373-4e6e-9802-475073ff1f8e","43e1127a-3f6c-4d80-b0a5-48054169c03a",https://sannongdata.cn/sn-minio/sn-ccp/public/picture/2021/202112/20211204/1638627052341_65772.jpg,https://sannongdata.cn/sn-minio/sn-ccp/public/picture/2021/202112/20211204/1638627052341_65772.jpg,"","",
"629d1955-13ca-4046-8356-cd4e07095cd8","43e1127a-3f6c-4d80-b0a5-48054169c03a",https://sannongdata.cn/sn-minio/sn-ccp/public/picture/2021/202112/20211204/1638627084607_37335.jpg,https://sannongdata.cn/sn-minio/sn-ccp/public/picture/2021/202112/20211204/1638627084607_37335.jpg,"","",
"914365ef-9385-454c-8c99-754388014587","43e1127a-3f6c-4d80-b0a5-48054169c03a",https://sannongdata.cn/sn-minio/sn-ccp/public/picture/2021/202112/20211204/1638627084613_74042.jpg,https://sannongdata.cn/sn-minio/sn-ccp/public/picture/2021/202112/20211204/1638627084613_74042.jpg,"","",
"9c707e37-32db-47ec-a05d-0e06c42af76d","43e1127a-3f6c-4d80-b0a5-48054169c03a",https://sannongdata.cn/sn-minio/sn-ccp/public/picture/2021/202112/20211204/1638627084605_33378.jpg,https://sannongdata.cn/sn-minio/sn-ccp/public/picture/2021/202112/20211204/1638627084605_33378.jpg,"","",
aea77fd4-7b9c-438f-bda6-45e76b5f0d12,"43e1127a-3f6c-4d80-b0a5-48054169c03a",https://sannongdata.cn/sn-minio/sn-ccp/public/picture/2021/202112/20211204/1638627084623_98885.jpg,https://sannongdata.cn/sn-minio/sn-ccp/public/picture/2021/202112/20211204/1638627084623_98885.jpg,"","",
b95af65c-66ac-4877-a34f-58b55b483f55,"43e1127a-3f6c-4d80-b0a5-48054169c03a",https://sannongdata.cn/sn-minio/sn-ccp/public/picture/2021/202112/20211204/1638627084610_64494.jpg,https://sannongdata.cn/sn-minio/sn-ccp/public/picture/2021/202112/20211204/1638627084610_64494.jpg,"","",
e772c281-fd38-423c-950b-2e0e57ccd50f,"43e1127a-3f6c-4d80-b0a5-48054169c03a",https://sannongdata.cn/sn-minio/sn-ccp/public/picture/2021/202112/20211204/1638627084611_7977.jpg,https://sannongdata.cn/sn-minio/sn-ccp/public/picture/2021/202112/20211204/1638627084611_7977.jpg,"","",
ea2c72ec-0450-434d-9118-4fd77db84aa2,"43e1127a-3f6c-4d80-b0a5-48054169c03a",https://sannongdata.cn/sn-minio/sn-ccp/public/picture/2021/202112/20211204/1638627084621_93840.jpg,https://sannongdata.cn/sn-minio/sn-ccp/public/picture/2021/202112/20211204/1638627084621_93840.jpg,"","",
fa0ec505-6172-45d8-ab91-b2cc63915456,"43e1127a-3f6c-4d80-b0a5-48054169c03a",https://sannongdata.cn/sn-minio/sn-ccp/public/picture/2021/202112/20211204/1638627084614_81465.jpg,https://sannongdata.cn/sn-minio/sn-ccp/public/picture/2021/202112/20211204/1638627084614_81465.jpg,"","",
"20b91e1a-3ffa-4c30-abd1-c4719fe0898b","45959779-cf5d-4806-8eee-ae6079509ae5",https://sannongdata.cn/sn-minio/sn-ccp/public/picture/2022/202208/20220824/1661354746635_62459.jpg,https://sannongdata.cn/sn-minio/sn-ccp/public/picture/2022/202208/20220824/1661354746635_62459.jpg,"","",
"4a8c3a10-6b39-4797-8421-d2739c63713e","45959779-cf5d-4806-8eee-ae6079509ae5",https://sannongdata.cn/sn-minio/sn-ccp/public/picture/2022/202208/20220824/1661354746629_18553.jpg,https://sannongdata.cn/sn-minio/sn-ccp/public/picture/2022/202208/20220824/1661354746629_18553.jpg,"","",
"4c53ea53-b441-4430-a6cf-b507a4910074","45959779-cf5d-4806-8eee-ae6079509ae5",https://sannongdata.cn/sn-minio/sn-ccp/public/picture/2022/202208/20220824/1661354746625_41049.jpg,https://sannongdata.cn/sn-minio/sn-ccp/public/picture/2022/202208/20220824/1661354746625_41049.jpg,"","",
"77119a01-dff8-430c-b643-5147c0f83f00","45959779-cf5d-4806-8eee-ae6079509ae5",https://sannongdata.cn/sn-minio/sn-ccp/public/picture/2022/202208/20220824/1661354746638_92728.jpg,https://sannongdata.cn/sn-minio/sn-ccp/public/picture/2022/202208/20220824/1661354746638_92728.jpg,"","",
a7ddf9b4-e1f0-4a69-922a-cc0c408c64aa,"45959779-cf5d-4806-8eee-ae6079509ae5",https://sannongdata.cn/sn-minio/sn-ccp/public/picture/2022/202208/20220824/1661354746632_805.jpg,https://sannongdata.cn/sn-minio/sn-ccp/public/picture/2022/202208/20220824/1661354746632_805.jpg,"","",
d92c3c6c-d9e5-46dc-8c50-c44829f94bba,"45959779-cf5d-4806-8eee-ae6079509ae5",https://sannongdata.cn/sn-minio/sn-ccp/public/picture/2022/202208/20220824/1661354746641_83856.jpg,https://sannongdata.cn/sn-minio/sn-ccp/public/picture/2022/202208/20220824/1661354746641_83856.jpg,"","",
a167c277-adef-4bd4-9ca3-4496295d5a54,"4609dafe-abc1-4c42-99fb-f2067c321639",https://sannongdata.cn/sn-minio/sn-ccp/public/picture/2022/202205/20220517/1652756132195_93528.jpg,https://sannongdata.cn/sn-minio/sn-ccp/public/picture/2022/202205/20220517/1652756132195_93528.jpg,"24.640461362694918","99.90985081496198",
e1b24d0e-be13-4568-bb3b-72fcf9226de7,"46c662dc-03d9-452d-ad4c-d9f682989d93",https://sannongdata.cn/sn-minio/sn-ccp/public/picture/2022/202205/20220515/1652596996486_84207.jpg,https://sannongdata.cn/sn-minio/sn-ccp/public/picture/2022/202205/20220515/1652596996486_84207.jpg,"","",
"4caaa84a-d31b-4158-b615-f9fc420141d1","46d19f4c-f0d1-4070-83e9-cacbcc1e54c9",https://sannongdata.cn/sn-minio/sn-ccp/public/picture/2022/202205/20220514/1652507650583_89103.jpg,https://sannongdata.cn/sn-minio/sn-ccp/public/picture/2022/202205/20220514/1652507650583_89103.jpg,"","",
"3ea787fc-e1cc-40db-8f1b-da17048fb50b","48a9cf20-9e9d-4462-bb9c-403aede76a6c",https://sannongdata.cn/sn-minio/sn-ccp/public/picture/2022/202205/20220514/1652510214027_31034.jpg,https://sannongdata.cn/sn-minio/sn-ccp/public/picture/2022/202205/20220514/1652510214027_31034.jpg,"","",
"4839a618-8e46-4701-8777-431ffe9047cf","4ba70e5a-ae50-417f-8c1c-a09058166443",https://sannongdata.cn/sn-minio/sn-ccp/public/picture/2022/202205/20220518/1652841183306_20723.jpg,https://sannongdata.cn/sn-minio/sn-ccp/public/picture/2022/202205/20220518/1652841183306_20723.jpg,"24.637653888888888","99.90996194444445",
"904fa4d0-bdb5-49b5-a615-8ad53f0089f1","4c9d424d-ddef-4ebf-ae8b-e16d15f37485",https://sannongdata.cn/sn-minio/sn-ccp/public/picture/2022/202205/20220515/1652597138108_51977.jpg,https://sannongdata.cn/sn-minio/sn-ccp/public/picture/2022/202205/20220515/1652597138108_51977.jpg,"","",
"1691c70d-085f-419a-a734-29bc34104338","4d6a6c2c-9747-4ba2-9fd5-a42537142d04",https://sannongdata.cn/sn-minio/sn-ccp/public/picture/2022/202205/20220517/1652771984393_91589.jpg,https://sannongdata.cn/sn-minio/sn-ccp/public/picture/2022/202205/20220517/1652771984393_91589.jpg,"24.637294525340792","99.90987166520968",
d843ac22-8bc6-41bf-a7a8-eb89ddb2054d,"4de03303-f5fd-41af-970a-5d708747eb40",https://sannongdata.cn/sn-minio/sn-ccp/public/picture/2022/202205/20220515/1652597499428_71707.jpg,https://sannongdata.cn/sn-minio/sn-ccp/public/picture/2022/202205/20220515/1652597499428_71707.jpg,"","",
a9673437-0dde-484c-b625-dd6612e9b363,"512db7af-4b27-47fc-9537-8b32d8d191fb",https://sannongdata.cn/sn-minio/sn-ccp/public/picture/2022/202205/20220514/1652501277207_12569.jpg,https://sannongdata.cn/sn-minio/sn-ccp/public/picture/2022/202205/20220514/1652501277207_12569.jpg,"24.63827213053059","99.90981914889727",
"945c3882-a347-44a1-b7a4-ce7c764bf748","57de0642-f659-4990-9f48-d6c8d6a2a8a1",https://sannongdata.cn/sn-minio/sn-ccp/public/picture/2022/202205/20220517/1652773233024_7605.jpg,https://sannongdata.cn/sn-minio/sn-ccp/public/picture/2022/202205/20220517/1652773233024_7605.jpg,"24.637525","99.9109638888889",
d6ef503d-94cd-4fbe-a1a9-64781855eb11,"58f07ec7-cffe-4ac7-92eb-c5fedcd51c25",https://sannongdata.cn/sn-minio/sn-ccp/public/picture/2022/202205/20220517/1652755369313_98987.jpg,https://sannongdata.cn/sn-minio/sn-ccp/public/picture/2022/202205/20220517/1652755369313_98987.jpg,"24.6380725","99.90968666666667",
"7c31e6da-8293-4099-a0a0-21282a870651","59582196-af98-4156-a7cf-91ddb3066497",https://sannongdata.cn/sn-minio/sn-ccp/public/picture/2022/202205/20220517/1652773790334_47467.jpg,https://sannongdata.cn/sn-minio/sn-ccp/public/picture/2022/202205/20220517/1652773790334_47467.jpg,"24.63747777777778","99.91085833333334",
f6eefe19-2306-4778-b054-062a68d2c722,"5dd89368-f517-4d87-b419-5553656dde76",https://sannongdata.cn/sn-minio/sn-ccp/public/picture/2022/202205/20220517/1652761676668_13385.jpg,https://sannongdata.cn/sn-minio/sn-ccp/public/picture/2022/202205/20220517/1652761676668_13385.jpg,"","",
"01dac821-203d-4e14-95ca-076ee100a7c5","5f031fc3-a1e3-43e9-bcff-5483b682a6e5",https://sannongdata.cn/sn-minio/sn-ccp/public/picture/2022/202208/20220824/1661355652851_61017.jpg,https://sannongdata.cn/sn-minio/sn-ccp/public/picture/2022/202208/20220824/1661355652851_61017.jpg,"","",
"385ab60e-178d-465a-b457-d66275b62ecb","5f031fc3-a1e3-43e9-bcff-5483b682a6e5",https://sannongdata.cn/sn-minio/sn-ccp/public/picture/2022/202208/20220824/1661355652856_18161.jpg,https://sannongdata.cn/sn-minio/sn-ccp/public/picture/2022/202208/20220824/1661355652856_18161.jpg,"","",
"79fe1e0d-d160-466d-9b11-e4b40caa3edf","5f031fc3-a1e3-43e9-bcff-5483b682a6e5",https://sannongdata.cn/sn-minio/sn-ccp/public/picture/2022/202208/20220824/1661355652844_7202.jpg,https://sannongdata.cn/sn-minio/sn-ccp/public/picture/2022/202208/20220824/1661355652844_7202.jpg,"","",
"7d71c180-8c85-44d7-8e9d-b85bb8c588cb","5f031fc3-a1e3-43e9-bcff-5483b682a6e5",https://sannongdata.cn/sn-minio/sn-ccp/public/picture/2022/202208/20220824/1661355652822_42701.jpg,https://sannongdata.cn/sn-minio/sn-ccp/public/picture/2022/202208/20220824/1661355652822_42701.jpg,"","",
c6f9207d-4a18-4a8b-9589-0d441574ebc2,"5f031fc3-a1e3-43e9-bcff-5483b682a6e5",https://sannongdata.cn/sn-minio/sn-ccp/public/picture/2022/202208/20220824/1661355652832_98462.jpg,https://sannongdata.cn/sn-minio/sn-ccp/public/picture/2022/202208/20220824/1661355652832_98462.jpg,"","",
d3f4c5bf-d2c9-4654-a42e-f8476c4e52d8,"5f031fc3-a1e3-43e9-bcff-5483b682a6e5",https://sannongdata.cn/sn-minio/sn-ccp/public/picture/2022/202208/20220824/1661355652839_21311.jpg,https://sannongdata.cn/sn-minio/sn-ccp/public/picture/2022/202208/20220824/1661355652839_21311.jpg,"","",
"0a81443c-3942-4f10-87ff-eb0abd5b816a","66304c7e-6308-4bae-94d0-6176c4c7151a",https://sannongdata.cn/sn-minio/sn-ccp/public/picture/2022/202203/20220326/1648293081623_48199.jpg,https://sannongdata.cn/sn-minio/sn-ccp/public/picture/2022/202203/20220326/1648293081623_48199.jpg,"24.638153055555556","99.90943138888889",
"3ca7f39e-b18c-4f4d-aff6-92731b612ec7","66304c7e-6308-4bae-94d0-6176c4c7151a",https://sannongdata.cn/sn-minio/sn-ccp/public/picture/2022/202203/20220326/1648293081617_36493.jpg,https://sannongdata.cn/sn-minio/sn-ccp/public/picture/2022/202203/20220326/1648293081617_36493.jpg,"24.638073055555555","99.90940861111112",
"759961b9-ee26-4b0d-9a54-0a8628d59c3c","66304c7e-6308-4bae-94d0-6176c4c7151a",https://sannongdata.cn/sn-minio/sn-ccp/public/picture/2022/202203/20220326/1648293081619_82430.jpg,https://sannongdata.cn/sn-minio/sn-ccp/public/picture/2022/202203/20220326/1648293081619_82430.jpg,"24.638073055555555","99.90940861111112",
"8bd03376-efa9-4bad-ac64-a11b82ec82d6","66304c7e-6308-4bae-94d0-6176c4c7151a",https://sannongdata.cn/sn-minio/sn-ccp/public/picture/2022/202203/20220326/1648293081622_29632.jpg,https://sannongdata.cn/sn-minio/sn-ccp/public/picture/2022/202203/20220326/1648293081622_29632.jpg,"24.638231388888887","99.90947722222222",
be3657c3-f0b0-4529-bf0a-50009d893b21,"66304c7e-6308-4bae-94d0-6176c4c7151a",https://sannongdata.cn/sn-minio/sn-ccp/public/picture/2022/202203/20220326/1648293081620_29634.jpg,https://sannongdata.cn/sn-minio/sn-ccp/public/picture/2022/202203/20220326/1648293081620_29634.jpg,"24.638174166666666","99.9094238888889",
e4c225ce-eeee-478e-bb00-e91ad96a93fb,"66304c7e-6308-4bae-94d0-6176c4c7151a",https://sannongdata.cn/sn-minio/sn-ccp/public/picture/2022/202203/20220326/1648293081621_9064.jpg,https://sannongdata.cn/sn-minio/sn-ccp/public/picture/2022/202203/20220326/1648293081621_9064.jpg,"24.638174166666666","99.9094238888889",
f9931f4b-9abc-4ac4-9a73-c22cd807b831,"69b00f13-83b6-4031-9f09-273b6357596d",https://sannongdata.cn/sn-minio/sn-ccp/public/picture/2022/202205/20220514/1652510249230_16489.jpg,https://sannongdata.cn/sn-minio/sn-ccp/public/picture/2022/202205/20220514/1652510249230_16489.jpg,"","",
"01d27bc9-473b-4e52-8512-064a883a1797","6aa31f5f-3bf5-49d2-bdb2-f1cb4b14b72e",https://sannongdata.cn/sn-minio/sn-ccp/public/picture/2022/202205/20220518/1652840134595_14951.jpg,https://sannongdata.cn/sn-minio/sn-ccp/public/picture/2022/202205/20220518/1652840134595_14951.jpg,"24.637059999999998","99.90835583333335",
"16bd4a75-89c3-4b95-92a5-89088c8842b4","6c7972c5-091f-496f-a47e-b080c1bb55d4",https://sannongdata.cn/sn-minio/sn-ccp/public/picture/2021/202110/20211029/1635443604028_16865.jpg,https://sannongdata.cn/sn-minio/sn-ccp/public/picture/2021/202110/20211029/1635443604028_16865.jpg,"24.640506666666667","99.90641777777779",
"53a0d0ad-04ab-4534-b2af-048293db4d4a","6c7972c5-091f-496f-a47e-b080c1bb55d4",https://sannongdata.cn/sn-minio/sn-ccp/public/picture/2021/202110/20211029/1635443604032_7079.jpg,https://sannongdata.cn/sn-minio/sn-ccp/public/picture/2021/202110/20211029/1635443604032_7079.jpg,"","",
"6271d47c-f7c0-4771-8fe5-56577d629d63","6c7972c5-091f-496f-a47e-b080c1bb55d4",https://sannongdata.cn/sn-minio/sn-ccp/public/picture/2021/202110/20211029/1635443604031_76467.jpg,https://sannongdata.cn/sn-minio/sn-ccp/public/picture/2021/202110/20211029/1635443604031_76467.jpg,"24.640184444444444","99.90637972222223",
"96e6dbcb-0077-4bcc-bc2a-8f28aff058af","6c7972c5-091f-496f-a47e-b080c1bb55d4",https://sannongdata.cn/sn-minio/sn-ccp/public/picture/2021/202110/20211029/1635443604026_80428.jpg,https://sannongdata.cn/sn-minio/sn-ccp/public/picture/2021/202110/20211029/1635443604026_80428.jpg,"24.640506666666667","99.90641777777779",
d5eccae9-3237-4c43-8602-56586c4a4d37,"6c7972c5-091f-496f-a47e-b080c1bb55d4",https://sannongdata.cn/sn-minio/sn-ccp/public/picture/2021/202110/20211029/1635443604033_92889.jpg,https://sannongdata.cn/sn-minio/sn-ccp/public/picture/2021/202110/20211029/1635443604033_92889.jpg,"","",
f5991a0f-5807-4404-bc37-0a6983b68b31,"6c7972c5-091f-496f-a47e-b080c1bb55d4",https://sannongdata.cn/sn-minio/sn-ccp/public/picture/2021/202110/20211029/1635443604029_30086.jpg,https://sannongdata.cn/sn-minio/sn-ccp/public/picture/2021/202110/20211029/1635443604029_30086.jpg,"24.640184444444444","99.90637972222223",
d36a94a4-6243-488f-9443-b74f5698b164,"6d06db52-9575-4d2c-8437-0cef8f77c0d0",https://sannongdata.cn/sn-minio/sn-ccp/public/picture/2022/202205/20220515/1652596845259_42767.jpg,https://sannongdata.cn/sn-minio/sn-ccp/public/picture/2022/202205/20220515/1652596845259_42767.jpg,"","",
"024d496c-221a-4f80-b9e7-6d48fcfc77ea","6f3e82ef-c7db-47f9-a830-72918a51a990",https://sannongdata.cn/sn-minio/sn-ccp/public/picture/2022/202203/20220326/1648293355023_5577.jpg,https://sannongdata.cn/sn-minio/sn-ccp/public/picture/2022/202203/20220326/1648293355023_5577.jpg,"24.66779888888889","99.913475",
"3ac50b1c-ce8c-4e38-8c28-53fbfaa6eb78","6f3e82ef-c7db-47f9-a830-72918a51a990",https://sannongdata.cn/sn-minio/sn-ccp/public/picture/2022/202203/20220326/1648293355028_42241.jpg,https://sannongdata.cn/sn-minio/sn-ccp/public/picture/2022/202203/20220326/1648293355028_42241.jpg,"24.668518055555555","99.9136963888889",
"73d03e98-b4fb-4aa1-92ee-302361a83445","6f3e82ef-c7db-47f9-a830-72918a51a990",https://sannongdata.cn/sn-minio/sn-ccp/public/picture/2022/202203/20220326/1648293355025_8100.jpg,https://sannongdata.cn/sn-minio/sn-ccp/public/picture/2022/202203/20220326/1648293355025_8100.jpg,"24.66990861111111","99.91336833333334",
"88f9870e-2bf4-46a5-8868-7fe43e625765","6f3e82ef-c7db-47f9-a830-72918a51a990",https://sannongdata.cn/sn-minio/sn-ccp/public/picture/2022/202203/20220326/1648293355029_17758.jpg,https://sannongdata.cn/sn-minio/sn-ccp/public/picture/2022/202203/20220326/1648293355029_17758.jpg,"24.67031666666667","99.91345222222223",
a380e2ae-a5c0-4aed-a590-7ac4b4c863fb,"6f3e82ef-c7db-47f9-a830-72918a51a990",https://sannongdata.cn/sn-minio/sn-ccp/public/picture/2022/202203/20220326/1648293355027_87844.jpg,https://sannongdata.cn/sn-minio/sn-ccp/public/picture/2022/202203/20220326/1648293355027_87844.jpg,"24.67117888888889","99.91231527777778",
cd659a41-4a0a-4f9f-9dc6-407810ebb4bc,"6f3e82ef-c7db-47f9-a830-72918a51a990",https://sannongdata.cn/sn-minio/sn-ccp/public/picture/2022/202203/20220326/1648293355026_24004.jpg,https://sannongdata.cn/sn-minio/sn-ccp/public/picture/2022/202203/20220326/1648293355026_24004.jpg,"24.67091361111111","99.91284944444445",
"46781409-77cb-4f2f-873b-416e8c8840b0","6fa376fa-9384-4841-abf0-64c5750cfdae",https://sannongdata.cn/sn-minio/sn-ccp/public/picture/2022/202208/20220827/1661565418149_76104.jpg,https://sannongdata.cn/sn-minio/sn-ccp/public/picture/2022/202208/20220827/1661565418149_76104.jpg,"24.65095138888889","99.90484611111111",
e868621e-a09f-4cdb-9409-7aed1bac3b4a,"6fa376fa-9384-4841-abf0-64c5750cfdae",https://sannongdata.cn/sn-minio/sn-ccp/public/picture/2022/202208/20220827/1661565418142_88902.jpg,https://sannongdata.cn/sn-minio/sn-ccp/public/picture/2022/202208/20220827/1661565418142_88902.jpg,"24.655582499999998","99.89198305555556",
ee8fbb7d-a5fc-4df3-b7de-6c4571ff4926,"6fa376fa-9384-4841-abf0-64c5750cfdae",https://sannongdata.cn/sn-minio/sn-ccp/public/picture/2022/202208/20220827/1661565418154_56929.jpg,https://sannongdata.cn/sn-minio/sn-ccp/public/picture/2022/202208/20220827/1661565418154_56929.jpg,"","",
"22f3f025-2756-447e-a8c9-6a8db6c6013b","72e96fa1-11db-47d0-a229-1abad2153c85",https://sannongdata.cn/sn-minio/sn-ccp/public/picture/2022/202205/20220514/1652510616010_92493.jpg,https://sannongdata.cn/sn-minio/sn-ccp/public/picture/2022/202205/20220514/1652510616010_92493.jpg,"","",
"6dc1c4eb-a5fe-4488-b4e3-5dcc202f012f","752896f0-d621-4b51-9e5b-f54d4dcbee6e",https://sannongdata.cn/sn-minio/sn-ccp/public/picture/2022/202205/20220517/1652770211834_1856.jpg,https://sannongdata.cn/sn-minio/sn-ccp/public/picture/2022/202205/20220517/1652770211834_1856.jpg,"","",
"8d9d3f1d-be0f-4178-aa71-c1053489222b","7985e0ea-b539-40b6-8078-95ddc6191c32",https://sannongdata.cn/sn-minio/sn-ccp/public/picture/2022/202205/20220514/1652510086961_50934.jpg,https://sannongdata.cn/sn-minio/sn-ccp/public/picture/2022/202205/20220514/1652510086961_50934.jpg,"","",
"69159c58-ad67-48f7-a6fa-0bc933f9cb7b","7c0aebf8-f3ad-43d3-8b80-792e15144de4",https://sannongdata.cn/sn-minio/sn-ccp/public/picture/2022/202205/20220518/1652838432656_85845.jpg,https://sannongdata.cn/sn-minio/sn-ccp/public/picture/2022/202205/20220518/1652838432656_85845.jpg,"24.640553055555554","99.90904194444445",
"8cc8e16d-202d-4d53-9cb9-efc9a51a3a06","7f7118ac-122f-4aed-95a2-c7b9205036ca",https://sannongdata.cn/sn-minio/sn-ccp/public/picture/2022/202205/20220515/1652596404728_1027.jpg,https://sannongdata.cn/sn-minio/sn-ccp/public/picture/2022/202205/20220515/1652596404728_1027.jpg,"","",
"9cf1a358-ce5e-4cba-880c-75c28a50f491","81317b5d-3666-4702-907a-c8a0047bf5a4",https://sannongdata.cn/sn-minio/sn-ccp/public/picture/2022/202205/20220517/1652757414810_62360.jpg,https://sannongdata.cn/sn-minio/sn-ccp/public/picture/2022/202205/20220517/1652757414810_62360.jpg,"24.640183858596384","99.90974709400898",
"7be696d4-d0f2-41e5-be71-4eab1adad1d7","821e5496-1d70-4eb3-a7f3-5b33cf61a90e",https://sannongdata.cn/sn-minio/sn-ccp/public/picture/2022/202205/20220517/1652775876211_22140.jpg,https://sannongdata.cn/sn-minio/sn-ccp/public/picture/2022/202205/20220517/1652775876211_22140.jpg,"24.63747777777778","99.91085833333334",
"54070eb0-5491-486e-85c9-de1a9ded2634","837185339096301568",https://oss.urdlab.com/picture/2023/202310/20231025/1698208537882_45013?x-oss-process=style/thumb80,https://oss.urdlab.com/picture/2023/202310/20231025/1698208537882_45013?x-oss-process=style/thumb100,,,
"9e66a763-5405-41b7-807a-607c91a15e87","837185339096301568",https://oss.urdlab.com/picture/2023/202310/20231025/1698208537134_20190?x-oss-process=style/thumb80,https://oss.urdlab.com/picture/2023/202310/20231025/1698208537134_20190?x-oss-process=style/thumb100,,,
"3f84ff5f-90fe-4faa-8fb4-88275b2003b0","851f86d8-c511-458b-a5a7-291c4465fecb",https://sannongdata.cn/sn-minio/sn-ccp/public/picture/2022/202208/20220827/1661555260717_19961.jpg,https://sannongdata.cn/sn-minio/sn-ccp/public/picture/2022/202208/20220827/1661555260717_19961.jpg,"24.655424166666666","99.89122",
"796c5ca0-4673-4a0c-a107-c8b572e4d4a1","851f86d8-c511-458b-a5a7-291c4465fecb",https://sannongdata.cn/sn-minio/sn-ccp/public/picture/2022/202208/20220827/1661555260708_76114.jpg,https://sannongdata.cn/sn-minio/sn-ccp/public/picture/2022/202208/20220827/1661555260708_76114.jpg,"","",
"8b2c5031-88dd-4021-9b0b-f4221d9df1ae","851f86d8-c511-458b-a5a7-291c4465fecb",https://sannongdata.cn/sn-minio/sn-ccp/public/picture/2022/202208/20220827/1661555260716_90208.jpg,https://sannongdata.cn/sn-minio/sn-ccp/public/picture/2022/202208/20220827/1661555260716_90208.jpg,"24.65512861111111","99.89147194444445",
beff537c-ded2-47a0-8da0-5415f6b3abbf,"851f86d8-c511-458b-a5a7-291c4465fecb",https://sannongdata.cn/sn-minio/sn-ccp/public/picture/2022/202208/20220827/1661555260719_19212.jpg,https://sannongdata.cn/sn-minio/sn-ccp/public/picture/2022/202208/20220827/1661555260719_19212.jpg,"24.641035","99.89015194444445",
"6a5350d2-10de-4007-bd64-87233cacb693","85269018-3fa8-4d9b-9ec1-a1e24bd58659",https://sannongdata.cn/sn-minio/sn-ccp/public/picture/2021/202112/20211204/1638626848268_64065.jpg,https://sannongdata.cn/sn-minio/sn-ccp/public/picture/2021/202112/20211204/1638626848268_64065.jpg,"","",
"8887e5f7-b1b9-4df3-a28f-ab93251b7298","85269018-3fa8-4d9b-9ec1-a1e24bd58659",https://sannongdata.cn/sn-minio/sn-ccp/public/picture/2021/202112/20211204/1638626848275_47798.jpg,https://sannongdata.cn/sn-minio/sn-ccp/public/picture/2021/202112/20211204/1638626848275_47798.jpg,"","",
"8b96fb72-8539-47d7-9035-7d91bc245c85","85269018-3fa8-4d9b-9ec1-a1e24bd58659",https://sannongdata.cn/sn-minio/sn-ccp/public/picture/2021/202112/20211204/1638626848274_42394.jpg,https://sannongdata.cn/sn-minio/sn-ccp/public/picture/2021/202112/20211204/1638626848274_42394.jpg,"","",
a4d757b5-6751-4dba-a469-00ad0c5cac8f,"85269018-3fa8-4d9b-9ec1-a1e24bd58659",https://sannongdata.cn/sn-minio/sn-ccp/public/picture/2021/202112/20211204/1638626848271_84870.jpg,https://sannongdata.cn/sn-minio/sn-ccp/public/picture/2021/202112/20211204/1638626848271_84870.jpg,"","",
ba748fa1-ab1b-454f-bfad-d8481e3a1cd0,"85269018-3fa8-4d9b-9ec1-a1e24bd58659",https://sannongdata.cn/sn-minio/sn-ccp/public/picture/2021/202112/20211204/1638626848272_95343.jpg,https://sannongdata.cn/sn-minio/sn-ccp/public/picture/2021/202112/20211204/1638626848272_95343.jpg,"","",
e1a055f6-365e-4950-be87-07524ace096b,"85269018-3fa8-4d9b-9ec1-a1e24bd58659",https://sannongdata.cn/sn-minio/sn-ccp/public/picture/2021/202112/20211204/1638626848270_23896.jpg,https://sannongdata.cn/sn-minio/sn-ccp/public/picture/2021/202112/20211204/1638626848270_23896.jpg,"","",
"4bc4e10f-61b7-4233-a120-b8afb4b7ed8b","859410d3-637e-4e32-a469-6feeb07eb5b2",https://sannongdata.cn/sn-minio/sn-ccp/public/picture/2022/202205/20220514/1652501859190_7796.jpg,https://sannongdata.cn/sn-minio/sn-ccp/public/picture/2022/202205/20220514/1652501859190_7796.jpg,"24.638036068773566","99.90974377450031",
"0b119df5-4dc3-4dbd-8da5-72915919743e","8638844d-df77-4552-bdef-6f6c784557a5",https://sannongdata.cn/sn-minio/sn-ccp/public/picture/2022/202205/20220517/1652761591200_22190.jpg,https://sannongdata.cn/sn-minio/sn-ccp/public/picture/2022/202205/20220517/1652761591200_22190.jpg,"","",
"51cd98b3-ada7-48e5-b1e9-fd852bfbff48","879ab516-ef64-4af9-81fd-3036c98bd87a",https://sannongdata.cn/sn-minio/sn-ccp/public/picture/2022/202205/20220515/1652603539869_71181.jpg,https://sannongdata.cn/sn-minio/sn-ccp/public/picture/2022/202205/20220515/1652603539869_71181.jpg,"24.637486111111112","99.9079888888889",
"902a1a48-b994-4bbf-b9f0-01a0c8127ca4","88119ec7-93ca-41e3-b9c9-d3bfc4dace2c",https://sannongdata.cn/sn-minio/sn-ccp/public/picture/2022/202205/20220517/1652776530446_50946.jpg,https://sannongdata.cn/sn-minio/sn-ccp/public/picture/2022/202205/20220517/1652776530446_50946.jpg,"","",
"9806f521-9e93-407e-bde3-cf15c4b85ed1","88119ec7-93ca-41e3-b9c9-d3bfc4dace2c",https://sannongdata.cn/sn-minio/sn-ccp/public/picture/2022/202205/20220517/1652776530442_86050.jpg,https://sannongdata.cn/sn-minio/sn-ccp/public/picture/2022/202205/20220517/1652776530442_86050.jpg,"","",
"1ed9d2ae-2c8f-49a3-8798-5767b84bcaef","88355a14-ff4f-4108-a429-7f610db117d1",https://sannongdata.cn/sn-minio/sn-ccp/public/picture/2022/202205/20220518/1652844231901_69907.jpg,https://sannongdata.cn/sn-minio/sn-ccp/public/picture/2022/202205/20220518/1652844231901_69907.jpg,"24.638006944444445","99.91030888888889",
c79ccf42-f89e-444a-af52-fc1d091d1352,"88962ed4-bbf4-4feb-9968-65297f5d4338",https://sannongdata.cn/sn-minio/sn-ccp/public/picture/2022/202205/20220518/1652842376828_84572.jpg,https://sannongdata.cn/sn-minio/sn-ccp/public/picture/2022/202205/20220518/1652842376828_84572.jpg,"24.640069999999998","99.90921805555556",
"0c04f247-8267-4f50-9705-e7c47d040a30","8ae44444-2784-40c7-b966-3d1560b0a8f0",https://sannongdata.cn/sn-minio/sn-ccp/public/picture/2022/202208/20220824/1661355011578_21951.jpg,https://sannongdata.cn/sn-minio/sn-ccp/public/picture/2022/202208/20220824/1661355011578_21951.jpg,"","",
"2a0ff73f-5aa4-49a5-bf1c-fed3936f1c84","8ae44444-2784-40c7-b966-3d1560b0a8f0",https://sannongdata.cn/sn-minio/sn-ccp/public/picture/2022/202208/20220824/1661355011603_11757.jpg,https://sannongdata.cn/sn-minio/sn-ccp/public/picture/2022/202208/20220824/1661355011603_11757.jpg,"","",
"36aa648d-7da5-4499-8dfb-96ac4b890f63","8ae44444-2784-40c7-b966-3d1560b0a8f0",https://sannongdata.cn/sn-minio/sn-ccp/public/picture/2022/202208/20220824/1661355011590_38690.jpg,https://sannongdata.cn/sn-minio/sn-ccp/public/picture/2022/202208/20220824/1661355011590_38690.jpg,"","",
a1ad3b8e-1fc6-4ad2-a53e-c448afd9ebe4,"8ae44444-2784-40c7-b966-3d1560b0a8f0",https://sannongdata.cn/sn-minio/sn-ccp/public/picture/2022/202208/20220824/1661355011596_63148.jpg,https://sannongdata.cn/sn-minio/sn-ccp/public/picture/2022/202208/20220824/1661355011596_63148.jpg,"","",
cc6ae5a6-1bc6-4c7c-9518-b3c981222c71,"8ae44444-2784-40c7-b966-3d1560b0a8f0",https://sannongdata.cn/sn-minio/sn-ccp/public/picture/2022/202208/20220824/1661355011583_20572.jpg,https://sannongdata.cn/sn-minio/sn-ccp/public/picture/2022/202208/20220824/1661355011583_20572.jpg,"","",
f525b797-c1d5-4bf8-819e-185b7b6a14c3,"8ae44444-2784-40c7-b966-3d1560b0a8f0",https://sannongdata.cn/sn-minio/sn-ccp/public/picture/2022/202208/20220824/1661355011569_4199.jpg,https://sannongdata.cn/sn-minio/sn-ccp/public/picture/2022/202208/20220824/1661355011569_4199.jpg,"","",
a8816309-10de-47bc-a010-fd1efbde1300,"8b1bfdb7-fe72-44b2-98f8-75432b954e40",https://sannongdata.cn/sn-minio/sn-ccp/public/picture/2022/202205/20220514/1652501919529_30557.jpg,https://sannongdata.cn/sn-minio/sn-ccp/public/picture/2022/202205/20220514/1652501919529_30557.jpg,"24.637893571128608","99.90953953154987",
"1de58efe-7df0-4e5e-8e70-9e15c320eb29","8bcf3e9b-ff4f-418c-807e-5b895dec23fc",https://sannongdata.cn/sn-minio/sn-ccp/public/picture/2022/202205/20220517/1652754297550_85275.jpg,https://sannongdata.cn/sn-minio/sn-ccp/public/picture/2022/202205/20220517/1652754297550_85275.jpg,"24.637843333333333","99.90985833333333",
"257815f7-2089-48b6-85c1-06b5509eab8d","8d271f47-dc2a-4e35-a2ef-b26ff61e4217",https://sannongdata.cn/sn-minio/sn-ccp/public/picture/2022/202205/20220514/1652510037704_10130.jpg,https://sannongdata.cn/sn-minio/sn-ccp/public/picture/2022/202205/20220514/1652510037704_10130.jpg,"","",
bc8997a6-2c6b-41b7-87cb-174e678dfb86,"8d271f47-dc2a-4e35-a2ef-b26ff61e4217",https://sannongdata.cn/sn-minio/sn-ccp/public/picture/2022/202205/20220514/1652510037710_70553.jpg,https://sannongdata.cn/sn-minio/sn-ccp/public/picture/2022/202205/20220514/1652510037710_70553.jpg,"","",
"0797c58d-8ded-4dd6-8bbc-fcadb64b4b1a","8db57e95-57b0-480f-a6c7-de9a4dee0f8f",https://sannongdata.cn/sn-minio/sn-ccp/public/picture/2021/202110/20211029/1635444100376_5360.jpg,https://sannongdata.cn/sn-minio/sn-ccp/public/picture/2021/202110/20211029/1635444100376_5360.jpg,"24.65870861111111","99.89417277777778",
"3b6eff1b-3b37-4fe3-a347-752d2b6f6bac","8db57e95-57b0-480f-a6c7-de9a4dee0f8f",https://sannongdata.cn/sn-minio/sn-ccp/public/picture/2021/202110/20211029/1635444100378_62283.jpg,https://sannongdata.cn/sn-minio/sn-ccp/public/picture/2021/202110/20211029/1635444100378_62283.jpg,"24.65870861111111","99.89417277777778",
"3f3508a3-bd34-44ff-bcaa-b101c7c665fb","8db57e95-57b0-480f-a6c7-de9a4dee0f8f",https://sannongdata.cn/sn-minio/sn-ccp/public/picture/2021/202110/20211029/1635444100375_26399.jpg,https://sannongdata.cn/sn-minio/sn-ccp/public/picture/2021/202110/20211029/1635444100375_26399.jpg,"24.655494722222222","99.90599833333334",
"86ff98e9-48b6-4435-8550-64b87a72beb7","8db57e95-57b0-480f-a6c7-de9a4dee0f8f",https://sannongdata.cn/sn-minio/sn-ccp/public/picture/2021/202110/20211029/1635444100374_55277.jpg,https://sannongdata.cn/sn-minio/sn-ccp/public/picture/2021/202110/20211029/1635444100374_55277.jpg,"24.655761666666667","99.89535527777778",
"9dd60a75-8f88-49d3-9cc2-247041566bf4","8db57e95-57b0-480f-a6c7-de9a4dee0f8f",https://sannongdata.cn/sn-minio/sn-ccp/public/picture/2021/202110/20211029/1635444100371_79377.jpg,https://sannongdata.cn/sn-minio/sn-ccp/public/picture/2021/202110/20211029/1635444100371_79377.jpg,"24.65887083333333","99.89022055555556",
b4a224f7-c9de-4d22-940c-bb2eedfdcc19,"8db57e95-57b0-480f-a6c7-de9a4dee0f8f",https://sannongdata.cn/sn-minio/sn-ccp/public/picture/2021/202110/20211029/1635444100379_89374.jpg,https://sannongdata.cn/sn-minio/sn-ccp/public/picture/2021/202110/20211029/1635444100379_89374.jpg,"24.655902777777776","99.89272305555556",
"004d131c-ce06-4e21-aceb-d9c931b6e8c8","916a023d-91ec-4836-add7-c600a4956383",https://sannongdata.cn/sn-minio/sn-ccp/public/picture/2022/202205/20220515/1652596615711_17976.jpg,https://sannongdata.cn/sn-minio/sn-ccp/public/picture/2022/202205/20220515/1652596615711_17976.jpg,"","",
"264404f4-fd8f-49a9-acf2-f0edc8d6830b","93acff55-178a-4f26-ac5b-2f59e2ba047a",https://sannongdata.cn/sn-minio/sn-ccp/public/picture/2022/202205/20220514/1652510423195_490.jpg,https://sannongdata.cn/sn-minio/sn-ccp/public/picture/2022/202205/20220514/1652510423195_490.jpg,"","",
a027ce7c-c4be-4691-b042-05f63be6472b,"93dc7599-2ad2-448b-86f1-21421e3f9145",https://sannongdata.cn/sn-minio/sn-ccp/public/picture/2022/202205/20220514/1652510321085_67896.jpg,https://sannongdata.cn/sn-minio/sn-ccp/public/picture/2022/202205/20220514/1652510321085_67896.jpg,"","",
b0975b1e-8693-4345-bf9a-36d7d51bf80e,"974a84ee-747d-44b2-8a6e-3d1110bbad78",https://sannongdata.cn/sn-minio/sn-ccp/public/picture/2022/202205/20220514/1652501620080_44333.jpg,https://sannongdata.cn/sn-minio/sn-ccp/public/picture/2022/202205/20220514/1652501620080_44333.jpg,"24.63824095317517","99.90971471914642",
"10d02ae103bc42e995abe087e4986806","978691740976283648",https://oss.sannongdata.cn/picture/2024/202411/20241119/1731946290939_56544?x-oss-process=style/thumb20&less=thumb10,https://oss.sannongdata.cn/picture/2024/202411/20241119/1731946290939_56544?x-oss-process=style/thumb20&less=thumb10,"24.65839","99.910591","2024-11-19 00:11:34"
"3eb89414ae5c4eb8a3cfe8038a068e33","978691740976283648",https://oss.sannongdata.cn/picture/2024/202411/20241119/1731946286195_15175?x-oss-process=style/thumb30&less=thumb20,https://oss.sannongdata.cn/picture/2024/202411/20241119/1731946286195_15175?x-oss-process=style/thumb30&less=thumb20,"24.65839","99.910591","2024-11-19 00:11:34"
"4b38a064458d4ef587c915769a3a945b","978691740976283648",https://oss.sannongdata.cn/picture/2024/202411/20241119/1731946288980_79237?x-oss-process=style/thumb30&less=thumb20,https://oss.sannongdata.cn/picture/2024/202411/20241119/1731946288980_79237?x-oss-process=style/thumb30&less=thumb20,"24.65839","99.910591","2024-11-19 00:11:34"
"4f6d914002a245d8b86b0d1a15a4217c","978691740976283648",https://oss.sannongdata.cn/picture/2024/202411/20241119/1731946288585_62499?x-oss-process=style/thumb100&less=thumb90,https://oss.sannongdata.cn/picture/2024/202411/20241119/1731946288585_62499?x-oss-process=style/thumb100&less=thumb90,"24.65839","99.910591","2024-11-19 00:11:34"
"52b247579b0c41faaaff0297dba49c5d","978691740976283648",https://oss.sannongdata.cn/picture/2024/202411/20241119/1731946293340_88298?x-oss-process=style/thumb100&less=thumb90,https://oss.sannongdata.cn/picture/2024/202411/20241119/1731946293340_88298?x-oss-process=style/thumb100&less=thumb90,"24.65839","99.910591","2024-11-19 00:11:34"
dda607abe104461c9badca7a9cc945ac,"978691740976283648",https://oss.sannongdata.cn/picture/2024/202411/20241119/1731946292982_16329?x-oss-process=style/thumb100&less=thumb90,https://oss.sannongdata.cn/picture/2024/202411/20241119/1731946292982_16329?x-oss-process=style/thumb100&less=thumb90,"24.65839","99.910591","2024-11-19 00:11:34"
a01a0231d72347c3b9f32a9e0cbc4191,"978838358258089984",https://oss.sannongdata.cn/picture/2024/202411/20241119/1731985339667_37229?x-oss-process=style/thumb100&less=thumb90,https://oss.sannongdata.cn/picture/2024/202411/20241119/1731985339667_37229?x-oss-process=style/thumb100&less=thumb90,"24.65839","99.910591","2024-11-19 11:02:22"
"08a6a6c9407a482b816ea506a442be10","978958531631775744",https://oss.sannongdata.cn/picture/2024/202411/20241119/1732009901128_96007?x-oss-process=style/thumb100&less=thumb90,https://oss.sannongdata.cn/picture/2024/202411/20241119/1732009901128_96007?x-oss-process=style/thumb100&less=thumb90,"24.65839","99.910591","2024-11-19 17:51:42"
"098a1e415c1d49cdb48e4e7b24c0dce7","978958531631775744",https://oss.sannongdata.cn/picture/2024/202411/20241119/1732009899309_72124?x-oss-process=style/thumb100&less=thumb90,https://oss.sannongdata.cn/picture/2024/202411/20241119/1732009899309_72124?x-oss-process=style/thumb100&less=thumb90,"24.65839","99.910591","2024-11-19 17:51:42"
"8caa22c0671c45848a50454c622d3df6","978958531631775744",https://oss.sannongdata.cn/picture/2024/202411/20241119/1732009900548_23176?x-oss-process=style/thumb100&less=thumb90,https://oss.sannongdata.cn/picture/2024/202411/20241119/1732009900548_23176?x-oss-process=style/thumb100&less=thumb90,"24.65839","99.910591","2024-11-19 17:51:42"
"26f0f1f62f904fcca81284d8416fab38","979646831510159360",https://oss.sannongdata.cn/picture/2024/202411/20241121/1732174002184_45780?x-oss-process=style/thumb30&less=thumb20,https://oss.sannongdata.cn/picture/2024/202411/20241121/1732174002184_45780?x-oss-process=style/thumb30&less=thumb20,"","","2024-11-21 15:26:46"
"2b4ac8e31b724c319036752f203b8725","979646831510159360",https://oss.sannongdata.cn/picture/2024/202411/20241121/1732174000479_66160?x-oss-process=style/thumb30&less=thumb20,https://oss.sannongdata.cn/picture/2024/202411/20241121/1732174000479_66160?x-oss-process=style/thumb30&less=thumb20,"","","2024-11-21 15:26:46"
"32b44cbba50447b3b37fe54333273fbb","979646831510159360",https://oss.sannongdata.cn/picture/2024/202411/20241121/1732173998750_45461?x-oss-process=style/thumb30&less=thumb20,https://oss.sannongdata.cn/picture/2024/202411/20241121/1732173998750_45461?x-oss-process=style/thumb30&less=thumb20,"","","2024-11-21 15:26:46"
"6c90160542d04186bbc5dbac4d8d5e26","979646831510159360",https://oss.sannongdata.cn/picture/2024/202411/20241121/1732173997720_89657?x-oss-process=style/thumb70&less=thumb40,https://oss.sannongdata.cn/picture/2024/202411/20241121/1732173997720_89657?x-oss-process=style/thumb70&less=thumb40,"","","2024-11-21 15:26:46"
f4db23817a7f4311b5648e9da3fd0d78,"979646831510159360",https://oss.sannongdata.cn/picture/2024/202411/20241121/1732174003763_72683?x-oss-process=style/thumb30&less=thumb20,https://oss.sannongdata.cn/picture/2024/202411/20241121/1732174003763_72683?x-oss-process=style/thumb30&less=thumb20,"","","2024-11-21 15:26:46"
"52f7897c368248009ef1fcdfb453b9db","979647995903475712",https://oss.sannongdata.cn/picture/2024/202411/20241121/1732174277754_74216?x-oss-process=style/thumb40&less=thumb30,https://oss.sannongdata.cn/picture/2024/202411/20241121/1732174277754_74216?x-oss-process=style/thumb40&less=thumb30,"","","2024-11-21 15:31:23"
"9570f5159f954f34816efad82a05f4cd","979647995903475712",https://oss.sannongdata.cn/picture/2024/202411/20241121/1732174280608_20611?x-oss-process=style/thumb70&less=thumb50,https://oss.sannongdata.cn/picture/2024/202411/20241121/1732174280608_20611?x-oss-process=style/thumb70&less=thumb50,"","","2024-11-21 15:31:23"
c7e8417213fe402989f2de1c73c86c5f,"979647995903475712",https://oss.sannongdata.cn/picture/2024/202411/20241121/1732174279382_58349?x-oss-process=style/thumb30&less=thumb20,https://oss.sannongdata.cn/picture/2024/202411/20241121/1732174279382_58349?x-oss-process=style/thumb30&less=thumb20,"","","2024-11-21 15:31:23"
f0790af31a804ab1b4285cab72fbdce6,"979647995903475712",https://oss.sannongdata.cn/picture/2024/202411/20241121/1732174281874_45299?x-oss-process=style/thumb30&less=thumb20,https://oss.sannongdata.cn/picture/2024/202411/20241121/1732174281874_45299?x-oss-process=style/thumb30&less=thumb20,"","","2024-11-21 15:31:23"
f943636ba0f34c8daaaa318a2414c082,"979647995903475712",https://oss.sannongdata.cn/picture/2024/202411/20241121/1732174281229_88665?x-oss-process=style/thumb70&less=thumb40,https://oss.sannongdata.cn/picture/2024/202411/20241121/1732174281229_88665?x-oss-process=style/thumb70&less=thumb40,"","","2024-11-21 15:31:23"
"1b02dd575c02428184a67cac03e3573f","979649824150257664",https://oss.sannongdata.cn/picture/2024/202411/20241121/1732174718432_11247?x-oss-process=style/thumb70&less=thumb50,https://oss.sannongdata.cn/picture/2024/202411/20241121/1732174718432_11247?x-oss-process=style/thumb70&less=thumb50,"24.65839","99.910591","2024-11-21 15:38:39"
"33ae4bdc984d494f97d8aa8f96620dff","979649824150257664",https://oss.sannongdata.cn/picture/2024/202411/20241121/1732174713802_92259?x-oss-process=style/thumb50&less=thumb30,https://oss.sannongdata.cn/picture/2024/202411/20241121/1732174713802_92259?x-oss-process=style/thumb50&less=thumb30,"24.65839","99.910591","2024-11-21 15:38:39"
"7857b87ccd8c4c0c9aa4d480cd021c69","979649824150257664",https://oss.sannongdata.cn/picture/2024/202411/20241121/1732174717716_285?x-oss-process=style/thumb30&less=thumb20,https://oss.sannongdata.cn/picture/2024/202411/20241121/1732174717716_285?x-oss-process=style/thumb30&less=thumb20,"24.65839","99.910591","2024-11-21 15:38:39"
"9995202361e248e8970b84f749dda3cc","979649824150257664",https://oss.sannongdata.cn/picture/2024/202411/20241121/1732174716800_57885?x-oss-process=style/thumb30&less=thumb20,https://oss.sannongdata.cn/picture/2024/202411/20241121/1732174716800_57885?x-oss-process=style/thumb30&less=thumb20,"24.65839","99.910591","2024-11-21 15:38:39"
e48d027a1f7a4b6d8741bf363ab18ed1,"979649824150257664",https://oss.sannongdata.cn/picture/2024/202411/20241121/1732174715788_44327?x-oss-process=style/thumb30&less=thumb20,https://oss.sannongdata.cn/picture/2024/202411/20241121/1732174715788_44327?x-oss-process=style/thumb30&less=thumb20,"24.65839","99.910591","2024-11-21 15:38:39"
e5994881485749db80e13c0f1a200a13,"979649824150257664",https://oss.sannongdata.cn/picture/2024/202411/20241121/1732174712780_48887?x-oss-process=style/thumb30&less=thumb20,https://oss.sannongdata.cn/picture/2024/202411/20241121/1732174712780_48887?x-oss-process=style/thumb30&less=thumb20,"24.65839","99.910591","2024-11-21 15:38:39"
"12458210f45445d89fb816c44075360a","979650933006794752",https://oss.sannongdata.cn/picture/2024/202411/20241121/1732174970032_49459?x-oss-process=style/thumb30&less=thumb20,https://oss.sannongdata.cn/picture/2024/202411/20241121/1732174970032_49459?x-oss-process=style/thumb30&less=thumb20,"","","2024-11-21 15:43:03"
"387308af6c0f4de8b5b0f04b1a892e09","979650933006794752",https://oss.sannongdata.cn/picture/2024/202411/20241121/1732174959183_97959?x-oss-process=style/thumb30&less=thumb20,https://oss.sannongdata.cn/picture/2024/202411/20241121/1732174959183_97959?x-oss-process=style/thumb30&less=thumb20,"","","2024-11-21 15:43:03"
"65273e7828d4472ea27c18993a6d3667","979650933006794752",https://oss.sannongdata.cn/picture/2024/202411/20241121/1732174976616_87582?x-oss-process=style/thumb30&less=thumb20,https://oss.sannongdata.cn/picture/2024/202411/20241121/1732174976616_87582?x-oss-process=style/thumb30&less=thumb20,"","","2024-11-21 15:43:03"
"687c395eb06e4d59aa07c83c41b3265d","979650933006794752",https://oss.sannongdata.cn/picture/2024/202411/20241121/1732174980394_25984?x-oss-process=style/thumb50&less=thumb30,https://oss.sannongdata.cn/picture/2024/202411/20241121/1732174980394_25984?x-oss-process=style/thumb50&less=thumb30,"","","2024-11-21 15:43:03"
dc7784052d934537b038fd5ae5becc8e,"979650933006794752",https://oss.sannongdata.cn/picture/2024/202411/20241121/1732174978524_40477?x-oss-process=style/thumb30&less=thumb20,https://oss.sannongdata.cn/picture/2024/202411/20241121/1732174978524_40477?x-oss-process=style/thumb30&less=thumb20,"","","2024-11-21 15:43:03"
f7514010038f4cdab690cbf6404ec6ec,"979650933006794752",https://oss.sannongdata.cn/picture/2024/202411/20241121/1732174964481_59677?x-oss-process=style/thumb30&less=thumb20,https://oss.sannongdata.cn/picture/2024/202411/20241121/1732174964481_59677?x-oss-process=style/thumb30&less=thumb20,"","","2024-11-21 15:43:03"
"3fd79dbfd4d54f2e9219b566070ee507","979662947850649600",https://oss.sannongdata.cn/picture/2024/202411/20241121/1732177847083_47897?x-oss-process=style/thumb30&less=thumb20,https://oss.sannongdata.cn/picture/2024/202411/20241121/1732177847083_47897?x-oss-process=style/thumb30&less=thumb20,"","","2024-11-21 16:30:48"
"731bd7b5cd054a4bacb964877e853923","979662947850649600",https://oss.sannongdata.cn/picture/2024/202411/20241121/1732177846025_99919?x-oss-process=style/thumb30&less=thumb20,https://oss.sannongdata.cn/picture/2024/202411/20241121/1732177846025_99919?x-oss-process=style/thumb30&less=thumb20,"","","2024-11-21 16:30:48"
"59303cc7bc41485483e80d401a6b104a","979664383497994240",https://oss.sannongdata.cn/picture/2024/202411/20241121/1732178189204_14536?x-oss-process=style/thumb30&less=thumb20,https://oss.sannongdata.cn/picture/2024/202411/20241121/1732178189204_14536?x-oss-process=style/thumb30&less=thumb20,"","","2024-11-21 16:36:30"
"7e2393f4a7204b588b72843726a6c7e3","979664383497994240",https://oss.sannongdata.cn/picture/2024/202411/20241121/1732178188369_58412?x-oss-process=style/thumb30&less=thumb20,https://oss.sannongdata.cn/picture/2024/202411/20241121/1732178188369_58412?x-oss-process=style/thumb30&less=thumb20,"","","2024-11-21 16:36:30"
"0a611b7e841043e58e1a9959cf87a1e1","979664815783936000",https://oss.sannongdata.cn/picture/2024/202411/20241121/1732178289246_99816?x-oss-process=style/thumb30&less=thumb20,https://oss.sannongdata.cn/picture/2024/202411/20241121/1732178289246_99816?x-oss-process=style/thumb30&less=thumb20,"","","2024-11-21 16:38:13"
"284ad4b777a648399935a3145a6fabda","979664815783936000",https://oss.sannongdata.cn/picture/2024/202411/20241121/1732178292220_70403?x-oss-process=style/thumb30&less=thumb20,https://oss.sannongdata.cn/picture/2024/202411/20241121/1732178292220_70403?x-oss-process=style/thumb30&less=thumb20,"","","2024-11-21 16:38:13"
"63b9acf26c154cefbcc78fa563c66944","979664815783936000",https://oss.sannongdata.cn/picture/2024/202411/20241121/1732178289969_81272?x-oss-process=style/thumb30&less=thumb20,https://oss.sannongdata.cn/picture/2024/202411/20241121/1732178289969_81272?x-oss-process=style/thumb30&less=thumb20,"","","2024-11-21 16:38:13"
"68ccd699dea3439488a0fad1ccc1037d","979664815783936000",https://oss.sannongdata.cn/picture/2024/202411/20241121/1732178290685_83586?x-oss-process=style/thumb30&less=thumb20,https://oss.sannongdata.cn/picture/2024/202411/20241121/1732178290685_83586?x-oss-process=style/thumb30&less=thumb20,"","","2024-11-21 16:38:13"
"76f23c7762f041a59a1c5c458706477c","979664815783936000",https://oss.sannongdata.cn/picture/2024/202411/20241121/1732178291497_93649?x-oss-process=style/thumb30&less=thumb20,https://oss.sannongdata.cn/picture/2024/202411/20241121/1732178291497_93649?x-oss-process=style/thumb30&less=thumb20,"","","2024-11-21 16:38:13"
"8c04de0db338413d9746d1b337474948","979664815783936000",https://oss.sannongdata.cn/picture/2024/202411/20241121/1732178288350_72993?x-oss-process=style/thumb30&less=thumb20,https://oss.sannongdata.cn/picture/2024/202411/20241121/1732178288350_72993?x-oss-process=style/thumb30&less=thumb20,"","","2024-11-21 16:38:13"
"198bf956d5b1484889c0bd7f696870b3","979667030229647360",https://oss.sannongdata.cn/picture/2024/202411/20241121/1732178820207_14417?x-oss-process=style/thumb30&less=thumb20,https://oss.sannongdata.cn/picture/2024/202411/20241121/1732178820207_14417?x-oss-process=style/thumb30&less=thumb20,"","","2024-11-21 16:47:01"
"7fb66bfea8aa4fa399218ada5a96694c","979667030229647360",https://oss.sannongdata.cn/picture/2024/202411/20241121/1732178819232_74313?x-oss-process=style/thumb30&less=thumb20,https://oss.sannongdata.cn/picture/2024/202411/20241121/1732178819232_74313?x-oss-process=style/thumb30&less=thumb20,"","","2024-11-21 16:47:01"
"688fa06d3a2c44908084c54229ed83c0","979671692651528192",https://oss.sannongdata.cn/picture/2024/202411/20241121/1732179930392_60695?x-oss-process=style/thumb30&less=thumb20,https://oss.sannongdata.cn/picture/2024/202411/20241121/1732179930392_60695?x-oss-process=style/thumb30&less=thumb20,"","","2024-11-21 17:05:33"
"77c8609cf46243beafafdf2781b8d0a8","979671692651528192",https://oss.sannongdata.cn/picture/2024/202411/20241121/1732179931364_74607?x-oss-process=style/thumb20&less=thumb20,https://oss.sannongdata.cn/picture/2024/202411/20241121/1732179931364_74607?x-oss-process=style/thumb20&less=thumb20,"","","2024-11-21 17:05:33"
f2e2a9f0538d4982b2d5ff597a09381c,"979671692651528192",https://oss.sannongdata.cn/picture/2024/202411/20241121/1732179932083_98171?x-oss-process=style/thumb30&less=thumb20,https://oss.sannongdata.cn/picture/2024/202411/20241121/1732179932083_98171?x-oss-process=style/thumb30&less=thumb20,"","","2024-11-21 17:05:33"
"2724098801fb450ea5d101429d2bfb6f","979974689298317312",https://oss.sannongdata.cn/picture/2024/202411/20241122/1732252166649_23058?x-oss-process=style/thumb30&less=thumb20,https://oss.sannongdata.cn/picture/2024/202411/20241122/1732252166649_23058?x-oss-process=style/thumb30&less=thumb20,"24.65839","99.910591","2024-11-22 13:09:33"
"3b295ca095554772b137ec55f1578340","979974689298317312",https://oss.sannongdata.cn/picture/2024/202411/20241122/1732252171140_20657?x-oss-process=style/thumb30&less=thumb20,https://oss.sannongdata.cn/picture/2024/202411/20241122/1732252171140_20657?x-oss-process=style/thumb30&less=thumb20,"24.65839","99.910591","2024-11-22 13:09:33"
"4d7c78b07f1c46e6b41e1b30c8385f7b","979974689298317312",https://oss.sannongdata.cn/picture/2024/202411/20241122/1732252168759_81649?x-oss-process=style/thumb30&less=thumb20,https://oss.sannongdata.cn/picture/2024/202411/20241122/1732252168759_81649?x-oss-process=style/thumb30&less=thumb20,"24.65839","99.910591","2024-11-22 13:09:33"
bda000c2350d461683a3ee5bd5b7ca4c,"979974689298317312",https://oss.sannongdata.cn/picture/2024/202411/20241122/1732252167783_19559?x-oss-process=style/thumb30&less=thumb20,https://oss.sannongdata.cn/picture/2024/202411/20241122/1732252167783_19559?x-oss-process=style/thumb30&less=thumb20,"24.65839","99.910591","2024-11-22 13:09:33"
c1e5f90b8e7f45e9864555e53e52e627,"979974689298317312",https://oss.sannongdata.cn/picture/2024/202411/20241122/1732252169456_92705?x-oss-process=style/thumb30&less=thumb20,https://oss.sannongdata.cn/picture/2024/202411/20241122/1732252169456_92705?x-oss-process=style/thumb30&less=thumb20,"24.65839","99.910591","2024-11-22 13:09:33"
d4dc9cea211943c1b8ffb50a4304e819,"979974689298317312",https://oss.sannongdata.cn/picture/2024/202411/20241122/1732252163790_33301?x-oss-process=style/thumb30&less=thumb20,https://oss.sannongdata.cn/picture/2024/202411/20241122/1732252163790_33301?x-oss-process=style/thumb30&less=thumb20,"24.65839","99.910591","2024-11-22 13:09:33"
"18e4bf812aee4ef5921cc58e4b6c83ba","980314002267570176",https://oss.sannongdata.cn/picture/2024/202411/20241123/1732333066968_4335?x-oss-process=style/thumb100&less=thumb80,https://oss.sannongdata.cn/picture/2024/202411/20241123/1732333066968_4335?x-oss-process=style/thumb100&less=thumb80,,,"2024-11-23 11:37:51"
"2d3666db499c411a9e7bdfb80e1b6a7e","980314002267570176",https://oss.sannongdata.cn/picture/2024/202411/20241123/1732333069451_3635?x-oss-process=style/thumb100&less=thumb80,https://oss.sannongdata.cn/picture/2024/202411/20241123/1732333069451_3635?x-oss-process=style/thumb100&less=thumb80,,,"2024-11-23 11:37:51"
"487f44f93274453c9b70c8fe23cf7661","980314002267570176",https://oss.sannongdata.cn/picture/2024/202411/20241123/1732333068263_65583?x-oss-process=style/thumb100&less=thumb80,https://oss.sannongdata.cn/picture/2024/202411/20241123/1732333068263_65583?x-oss-process=style/thumb100&less=thumb80,,,"2024-11-23 11:37:51"
"9c1d651a3dc04944b3cff0930783cc0f","980314002267570176",https://oss.sannongdata.cn/picture/2024/202411/20241123/1732333069870_3266?x-oss-process=style/thumb100&less=thumb80,https://oss.sannongdata.cn/picture/2024/202411/20241123/1732333069870_3266?x-oss-process=style/thumb100&less=thumb80,,,"2024-11-23 11:37:51"
a6055c4ab5f44ba4b7a4bc8835776f09,"980314002267570176",https://oss.sannongdata.cn/picture/2024/202411/20241123/1732333068968_36673?x-oss-process=style/thumb100&less=thumb80,https://oss.sannongdata.cn/picture/2024/202411/20241123/1732333068968_36673?x-oss-process=style/thumb100&less=thumb80,,,"2024-11-23 11:37:51"
abde18fcfa0a482fa1d5912132e2af6d,"980314002267570176",https://oss.sannongdata.cn/picture/2024/202411/20241123/1732333070427_4006?x-oss-process=style/thumb100&less=thumb80,https://oss.sannongdata.cn/picture/2024/202411/20241123/1732333070427_4006?x-oss-process=style/thumb100&less=thumb80,,,"2024-11-23 11:37:51"
"0b6d5674068940dc991c5845ec679de2","981177911400726528",https://oss.sannongdata.cn/picture/2024/202411/20241125/1732539030640_3728?x-oss-process=style/thumb20&less=thumb20,https://oss.sannongdata.cn/picture/2024/202411/20241125/1732539030640_3728?x-oss-process=style/thumb20&less=thumb20,"","","2024-11-25 20:50:43"
"22fecfee28f944f5a76046d2e0ea7e3e","981177911400726528",https://oss.sannongdata.cn/picture/2024/202411/20241125/1732539039320_97460?x-oss-process=style/thumb20&less=thumb20,https://oss.sannongdata.cn/picture/2024/202411/20241125/1732539039320_97460?x-oss-process=style/thumb20&less=thumb20,"","","2024-11-25 20:50:43"
"649063d028894cee8d000b4692479d7a","981177911400726528",https://oss.sannongdata.cn/picture/2024/202411/20241125/1732539019109_55213?x-oss-process=style/thumb20&less=thumb20,https://oss.sannongdata.cn/picture/2024/202411/20241125/1732539019109_55213?x-oss-process=style/thumb20&less=thumb20,"","","2024-11-25 20:50:43"
"666ded43686645fd91fafc407661c8ab","981177911400726528",https://oss.sannongdata.cn/picture/2024/202411/20241125/1732539009817_57742?x-oss-process=style/thumb20&less=thumb20,https://oss.sannongdata.cn/picture/2024/202411/20241125/1732539009817_57742?x-oss-process=style/thumb20&less=thumb20,"","","2024-11-25 20:50:43"
"736593dc3204416eb94bdc4e3b4c39f7","981177911400726528",https://oss.sannongdata.cn/picture/2024/202411/20241125/1732539035125_27289?x-oss-process=style/thumb20&less=thumb20,https://oss.sannongdata.cn/picture/2024/202411/20241125/1732539035125_27289?x-oss-process=style/thumb20&less=thumb20,"","","2024-11-25 20:50:43"
"82910363fec44cb589d24d54651120fa","981177911400726528",https://oss.sannongdata.cn/picture/2024/202411/20241125/1732539025504_6521?x-oss-process=style/thumb20&less=thumb20,https://oss.sannongdata.cn/picture/2024/202411/20241125/1732539025504_6521?x-oss-process=style/thumb20&less=thumb20,"","","2024-11-25 20:50:43"
"179f7fe506474e078aa14fe240bc4a3c","981178034826510336",https://oss.sannongdata.cn/picture/2024/202411/20241125/1732539064734_22735?x-oss-process=style/thumb20&less=thumb20,https://oss.sannongdata.cn/picture/2024/202411/20241125/1732539064734_22735?x-oss-process=style/thumb20&less=thumb20,"","","2024-11-25 20:51:13"
"886e6996-b9fb-4159-aa53-ecdacf34d73a","993b0d4b-0fab-4d3a-95ae-24cc161f7864",https://sannongdata.cn/sn-minio/sn-ccp/public/picture/2022/202205/20220514/1652501892236_73710.jpg,https://sannongdata.cn/sn-minio/sn-ccp/public/picture/2022/202205/20220514/1652501892236_73710.jpg,"24.637935578546948","99.90959490742956",
"6dd60b2a-a8a5-47b8-ad79-82f0aaf295f9","99fac84a-58a1-4121-bcc7-c9f57a2f622e",https://sannongdata.cn/sn-minio/sn-ccp/public/picture/2022/202205/20220518/1652838285880_42019.jpg,https://sannongdata.cn/sn-minio/sn-ccp/public/picture/2022/202205/20220518/1652838285880_42019.jpg,"24.640446944444445","99.90881805555556",
d094385d-6e6e-4608-917f-56dad44e3623,a1d92a8b-d5d3-4aa6-b2e4-b645bffe6713,https://sannongdata.cn/sn-minio/sn-ccp/public/picture/2022/202205/20220517/1652757484886_50632.jpg,https://sannongdata.cn/sn-minio/sn-ccp/public/picture/2022/202205/20220517/1652757484886_50632.jpg,"24.640128207889585","99.90968958093087",
"7c49d9db-f2bd-43a8-b02f-80a383ef731c",a2200e47-a995-4c76-bf66-1fa154e19e40,https://sannongdata.cn/sn-minio/sn-ccp/public/picture/2022/202205/20220514/1652507798881_39416.jpg,https://sannongdata.cn/sn-minio/sn-ccp/public/picture/2022/202205/20220514/1652507798881_39416.jpg,"","",
e6094664-16d3-45bf-8070-efd35aae78e1,a518f76f-ba60-430b-be79-7f776ac0be83,https://sannongdata.cn/sn-minio/sn-ccp/public/picture/2022/202205/20220517/1652772668640_65221.jpg,https://sannongdata.cn/sn-minio/sn-ccp/public/picture/2022/202205/20220517/1652772668640_65221.jpg,"","",
"3444d1f7-2acb-49e9-a462-d29d1b7bf271",a72377f6-bd1f-4ebd-a0b2-f856d9a10a06,https://sannongdata.cn/sn-minio/sn-ccp/public/picture/2022/202205/20220517/1652770015074_32310.jpg,https://sannongdata.cn/sn-minio/sn-ccp/public/picture/2022/202205/20220517/1652770015074_32310.jpg,"24.63856388888889","99.90985277777779",
d82336eb-96d8-4641-96e2-6bd5de59567a,a97f3f1a-790d-4988-9d32-e3f8cfeb3591,https://sannongdata.cn/sn-minio/sn-ccp/public/picture/2022/202205/20220517/1652756943709_2948.jpg,https://sannongdata.cn/sn-minio/sn-ccp/public/picture/2022/202205/20220517/1652756943709_2948.jpg,"24.638102777777778","99.90947",
"7d8c9887-9c50-483c-b2bd-007fab8bde44",ac68a40a-c6f9-483b-aacc-a3a7c77515fe,https://sannongdata.cn/sn-minio/sn-ccp/public/picture/2022/202205/20220517/1652775913465_81976.jpg,https://sannongdata.cn/sn-minio/sn-ccp/public/picture/2022/202205/20220517/1652775913465_81976.jpg,"24.638355555555556","99.91023333333334",
caae6c2f-dd74-40fc-9165-a4614498e5cd,ac68a40a-c6f9-483b-aacc-a3a7c77515fe,https://sannongdata.cn/sn-minio/sn-ccp/public/picture/2022/202205/20220517/1652775913462_91001.jpg,https://sannongdata.cn/sn-minio/sn-ccp/public/picture/2022/202205/20220517/1652775913462_91001.jpg,"24.638283333333334","99.91011944444445",
"78f9f95c-805d-43f6-9dc4-2e31bc5ee8e6",afd836ac-6f74-485f-ac04-9a7946552cf5,https://sannongdata.cn/sn-minio/sn-ccp/public/picture/2022/202205/20220514/1652510778779_62935.jpg,https://sannongdata.cn/sn-minio/sn-ccp/public/picture/2022/202205/20220514/1652510778779_62935.jpg,"","",
"73321b0f-fb75-485e-b874-52d195a11cd2",b08b4afd-8872-4bf1-95dc-3d203a8c55ee,https://sannongdata.cn/sn-minio/sn-ccp/public/picture/2022/202205/20220518/1652838448701_21748.jpg,https://sannongdata.cn/sn-minio/sn-ccp/public/picture/2022/202205/20220518/1652838448701_21748.jpg,"24.640620833333333","99.90923000000001",
"1671a851-be45-41c2-b73f-ea6d7995d98d",b2720220-a2d5-4e50-9899-5becbafe0a8f,https://sannongdata.cn/sn-minio/sn-ccp/public/picture/2021/202112/20211205/1638636160702_80992.jpg,https://sannongdata.cn/sn-minio/sn-ccp/public/picture/2021/202112/20211205/1638636160702_80992.jpg,"","",
"91f39931-c552-414b-836b-b8f39f083d7f",b2720220-a2d5-4e50-9899-5becbafe0a8f,https://sannongdata.cn/sn-minio/sn-ccp/public/picture/2021/202112/20211205/1638636160695_19969.jpg,https://sannongdata.cn/sn-minio/sn-ccp/public/picture/2021/202112/20211205/1638636160695_19969.jpg,"","",
"9e23f4f4-1486-43cf-b231-c1d8039c505e",b2720220-a2d5-4e50-9899-5becbafe0a8f,https://sannongdata.cn/sn-minio/sn-ccp/public/picture/2021/202112/20211205/1638636160692_84842.jpg,https://sannongdata.cn/sn-minio/sn-ccp/public/picture/2021/202112/20211205/1638636160692_84842.jpg,"","",
be4f893f-f8e9-4050-b7f6-6ed7d6ddbc98,b2720220-a2d5-4e50-9899-5becbafe0a8f,https://sannongdata.cn/sn-minio/sn-ccp/public/picture/2021/202112/20211205/1638636160700_800.jpg,https://sannongdata.cn/sn-minio/sn-ccp/public/picture/2021/202112/20211205/1638636160700_800.jpg,"","",
c0f9bb2c-2357-466c-982c-b84ae0c198ea,b2720220-a2d5-4e50-9899-5becbafe0a8f,https://sannongdata.cn/sn-minio/sn-ccp/public/picture/2021/202112/20211205/1638636160697_56650.jpg,https://sannongdata.cn/sn-minio/sn-ccp/public/picture/2021/202112/20211205/1638636160697_56650.jpg,"","",
e3311661-3f07-4b7a-8ab0-55dc1596d3f3,b2720220-a2d5-4e50-9899-5becbafe0a8f,https://sannongdata.cn/sn-minio/sn-ccp/public/picture/2021/202112/20211205/1638636160699_80840.jpg,https://sannongdata.cn/sn-minio/sn-ccp/public/picture/2021/202112/20211205/1638636160699_80840.jpg,"","",
"12b609b1-f3f3-4540-b7fc-5cc8d53f6a03",b7594537-9227-4191-8ddb-1047aa29dd0f,https://sannongdata.cn/sn-minio/sn-ccp/public/picture/2021/202110/20211029/1635443249067_43911.jpg,https://sannongdata.cn/sn-minio/sn-ccp/public/picture/2021/202110/20211029/1635443249067_43911.jpg,"24.637424444444445","99.90895083333334",
"1981a0e5-9505-478c-ac4a-11e3bb9ccd61",b7594537-9227-4191-8ddb-1047aa29dd0f,https://sannongdata.cn/sn-minio/sn-ccp/public/picture/2021/202110/20211029/1635443249060_51631.jpg,https://sannongdata.cn/sn-minio/sn-ccp/public/picture/2021/202110/20211029/1635443249060_51631.jpg,"24.640865277777777","99.90613555555557",
"3fcf55ce-5759-4879-886f-120c0fe706b1",b7594537-9227-4191-8ddb-1047aa29dd0f,https://sannongdata.cn/sn-minio/sn-ccp/public/picture/2021/202110/20211029/1635443249054_91528.jpg,https://sannongdata.cn/sn-minio/sn-ccp/public/picture/2021/202110/20211029/1635443249054_91528.jpg,"24.641754166666665","99.90647138888889",
"7598b5fb-f227-4880-bd7e-310198dc8e60",b7594537-9227-4191-8ddb-1047aa29dd0f,https://sannongdata.cn/sn-minio/sn-ccp/public/picture/2021/202110/20211029/1635443249057_817.jpg,https://sannongdata.cn/sn-minio/sn-ccp/public/picture/2021/202110/20211029/1635443249057_817.jpg,"24.641794166666667","99.9065475",
"9afb16e2-3d4b-4d70-8a77-b9ac0c6b6a33",b7594537-9227-4191-8ddb-1047aa29dd0f,https://sannongdata.cn/sn-minio/sn-ccp/public/picture/2021/202110/20211029/1635443249066_80732.jpg,https://sannongdata.cn/sn-minio/sn-ccp/public/picture/2021/202110/20211029/1635443249066_80732.jpg,"24.637424444444445","99.90895083333334",
"9da1c38c-f782-4923-9cb1-933ac6f5e3fe",b7594537-9227-4191-8ddb-1047aa29dd0f,https://sannongdata.cn/sn-minio/sn-ccp/public/picture/2021/202110/20211029/1635443249062_99460.jpg,https://sannongdata.cn/sn-minio/sn-ccp/public/picture/2021/202110/20211029/1635443249062_99460.jpg,"24.6376475","99.90808111111112",
bb06071a-8e3d-49cc-839c-f7c375f07d7c,b7594537-9227-4191-8ddb-1047aa29dd0f,https://sannongdata.cn/sn-minio/sn-ccp/public/picture/2021/202110/20211029/1635443249058_24332.jpg,https://sannongdata.cn/sn-minio/sn-ccp/public/picture/2021/202110/20211029/1635443249058_24332.jpg,"24.640691666666665","99.90611277777778",
db80ff98-1a4e-4e08-b27a-84c4fbe662c8,b7594537-9227-4191-8ddb-1047aa29dd0f,https://sannongdata.cn/sn-minio/sn-ccp/public/picture/2021/202110/20211029/1635443249064_15908.jpg,https://sannongdata.cn/sn-minio/sn-ccp/public/picture/2021/202110/20211029/1635443249064_15908.jpg,"24.63749888888889","99.90831750000001",
db85879b-1182-40b7-af73-7421b2ed7588,b7594537-9227-4191-8ddb-1047aa29dd0f,https://sannongdata.cn/sn-minio/sn-ccp/public/picture/2021/202110/20211029/1635443249061_78275.jpg,https://sannongdata.cn/sn-minio/sn-ccp/public/picture/2021/202110/20211029/1635443249061_78275.jpg,"24.640691666666665","99.90611277777778",
dc28370a-716e-4de3-9c3c-53e55d2fbe37,b7594537-9227-4191-8ddb-1047aa29dd0f,https://sannongdata.cn/sn-minio/sn-ccp/public/picture/2021/202110/20211029/1635443249065_55938.jpg,https://sannongdata.cn/sn-minio/sn-ccp/public/picture/2021/202110/20211029/1635443249065_55938.jpg,"24.63749888888889","99.90831750000001",
e186275c-e74a-4bda-a95b-665d89d28dc8,b7594537-9227-4191-8ddb-1047aa29dd0f,https://sannongdata.cn/sn-minio/sn-ccp/public/picture/2021/202110/20211029/1635443249068_15601.jpg,https://sannongdata.cn/sn-minio/sn-ccp/public/picture/2021/202110/20211029/1635443249068_15601.jpg,"24.636930555555555","99.90801250000001",
eca586a7-e215-46a7-b462-003d8c49a64d,b7594537-9227-4191-8ddb-1047aa29dd0f,https://sannongdata.cn/sn-minio/sn-ccp/public/picture/2021/202110/20211029/1635443249068_59020.jpg,https://sannongdata.cn/sn-minio/sn-ccp/public/picture/2021/202110/20211029/1635443249068_59020.jpg,"24.636930555555555","99.90801250000001",
"17d8edaa-851c-4f10-bad0-664c5c78e525",b95f92a4-9e5a-4d13-abc8-f925b38c75b3,https://sannongdata.cn/sn-minio/sn-ccp/public/picture/2022/202205/20220517/1652786342888_80924.jpg,https://sannongdata.cn/sn-minio/sn-ccp/public/picture/2022/202205/20220517/1652786342888_80924.jpg,"24.640233333333335","99.91000277777778",
b7547dd8-ec1c-4344-af05-4609d632e661,b95f92a4-9e5a-4d13-abc8-f925b38c75b3,https://sannongdata.cn/sn-minio/sn-ccp/public/picture/2022/202205/20220517/1652786342889_30244.jpg,https://sannongdata.cn/sn-minio/sn-ccp/public/picture/2022/202205/20220517/1652786342889_30244.jpg,"","",
bb43bee3-9e52-4e34-8af1-6e421451689a,b95f92a4-9e5a-4d13-abc8-f925b38c75b3,https://sannongdata.cn/sn-minio/sn-ccp/public/picture/2022/202205/20220517/1652786342885_30777.jpg,https://sannongdata.cn/sn-minio/sn-ccp/public/picture/2022/202205/20220517/1652786342885_30777.jpg,"24.63898888888889","99.910325",
f6fe1541-e709-4304-9c75-b50df14dbe14,b95f92a4-9e5a-4d13-abc8-f925b38c75b3,https://sannongdata.cn/sn-minio/sn-ccp/public/picture/2022/202205/20220517/1652786342889_54881.jpg,https://sannongdata.cn/sn-minio/sn-ccp/public/picture/2022/202205/20220517/1652786342889_54881.jpg,"24.640219444444444","99.90976666666667",
"0862058d-a349-4e0a-abc7-b29bf243d401",bad96594-ad2c-4a4e-a43d-277aa38608c7,https://sannongdata.cn/sn-minio/sn-ccp/public/picture/2022/202205/20220514/1652501314695_66863.jpg,https://sannongdata.cn/sn-minio/sn-ccp/public/picture/2022/202205/20220514/1652501314695_66863.jpg,"24.638278178373213","99.90988464573535",
"3432abb7-307f-4db2-a50f-fa689d11f0a6",bb48464b-fa67-448f-8e37-8fa3d00ba367,https://sannongdata.cn/sn-minio/sn-ccp/public/picture/2022/202208/20220827/1661566772283_94270.jpg,https://sannongdata.cn/sn-minio/sn-ccp/public/picture/2022/202208/20220827/1661566772283_94270.jpg,"","",
"63ee5ccf-ab19-4fa0-92c7-419b148489b2",bb48464b-fa67-448f-8e37-8fa3d00ba367,https://sannongdata.cn/sn-minio/sn-ccp/public/picture/2022/202208/20220827/1661566772281_95089.jpg,https://sannongdata.cn/sn-minio/sn-ccp/public/picture/2022/202208/20220827/1661566772281_95089.jpg,"","",
aa5afae6-8604-4842-af3c-da9c94804430,bb48464b-fa67-448f-8e37-8fa3d00ba367,https://sannongdata.cn/sn-minio/sn-ccp/public/picture/2022/202208/20220827/1661566772279_13258.jpg,https://sannongdata.cn/sn-minio/sn-ccp/public/picture/2022/202208/20220827/1661566772279_13258.jpg,"","",
bb354f85-c251-4e2c-a57c-0b9c99c8c283,bb48464b-fa67-448f-8e37-8fa3d00ba367,https://sannongdata.cn/sn-minio/sn-ccp/public/picture/2022/202208/20220827/1661566772274_76843.jpg,https://sannongdata.cn/sn-minio/sn-ccp/public/picture/2022/202208/20220827/1661566772274_76843.jpg,"24.642038333333332","99.90676111111112",
cc87f3c6-6c1f-4c4e-a9fc-f5cd30a4a6da,bb48464b-fa67-448f-8e37-8fa3d00ba367,https://sannongdata.cn/sn-minio/sn-ccp/public/picture/2022/202208/20220827/1661566772278_99803.jpg,https://sannongdata.cn/sn-minio/sn-ccp/public/picture/2022/202208/20220827/1661566772278_99803.jpg,"","",
fa29839a-c415-4755-bb25-cd1885aab7f9,bb48464b-fa67-448f-8e37-8fa3d00ba367,https://sannongdata.cn/sn-minio/sn-ccp/public/picture/2022/202208/20220827/1661566772277_84017.jpg,https://sannongdata.cn/sn-minio/sn-ccp/public/picture/2022/202208/20220827/1661566772277_84017.jpg,"","",
"59e1d166-d6f8-42d5-884b-69fb30e1ec3c",be392d27-46bd-4dfa-8af5-4a15f09ea4c1,https://sannongdata.cn/sn-minio/sn-ccp/public/picture/2022/202208/20220805/1659671356541_68952.jpg,https://sannongdata.cn/sn-minio/sn-ccp/public/picture/2022/202208/20220805/1659671356541_68952.jpg,"","",
"60d11e59-ad1d-4a6a-9d90-137b945fdbd0",be392d27-46bd-4dfa-8af5-4a15f09ea4c1,https://sannongdata.cn/sn-minio/sn-ccp/public/picture/2022/202208/20220805/1659671356542_97951.jpg,https://sannongdata.cn/sn-minio/sn-ccp/public/picture/2022/202208/20220805/1659671356542_97951.jpg,"","",
"788b38df-7588-45b5-8a8a-1ffb62d98c3b",be392d27-46bd-4dfa-8af5-4a15f09ea4c1,https://sannongdata.cn/sn-minio/sn-ccp/public/picture/2022/202208/20220805/1659671356542_8855.jpg,https://sannongdata.cn/sn-minio/sn-ccp/public/picture/2022/202208/20220805/1659671356542_8855.jpg,"","",
a8a2dd05-2892-4203-94e6-bb7612764a29,be392d27-46bd-4dfa-8af5-4a15f09ea4c1,https://sannongdata.cn/sn-minio/sn-ccp/public/picture/2022/202208/20220805/1659671356544_28976.jpg,https://sannongdata.cn/sn-minio/sn-ccp/public/picture/2022/202208/20220805/1659671356544_28976.jpg,"","",
c5faa9ee-0624-470e-acd5-8973c8267c1b,be392d27-46bd-4dfa-8af5-4a15f09ea4c1,https://sannongdata.cn/sn-minio/sn-ccp/public/picture/2022/202208/20220805/1659671356537_1976.jpg,https://sannongdata.cn/sn-minio/sn-ccp/public/picture/2022/202208/20220805/1659671356537_1976.jpg,"","",
d4fb869c-5e55-4b58-adcb-3a0dfead5746,be392d27-46bd-4dfa-8af5-4a15f09ea4c1,https://sannongdata.cn/sn-minio/sn-ccp/public/picture/2022/202208/20220805/1659671356539_71049.jpg,https://sannongdata.cn/sn-minio/sn-ccp/public/picture/2022/202208/20220805/1659671356539_71049.jpg,"","",
"1ac03b56-56d3-4ba1-a0d0-fc869f54e3e3",c01c3d21-f280-45ea-94b2-bac9ce705620,https://sannongdata.cn/sn-minio/sn-ccp/public/picture/2022/202205/20220518/1652839015298_55006.jpg,https://sannongdata.cn/sn-minio/sn-ccp/public/picture/2022/202205/20220518/1652839015298_55006.jpg,"24.63932388888889","99.9090288888889",
"4bdd5566-08ab-43d2-ae3c-2c47f7be054c",c0cbcf8f-f642-441a-96c2-ef532c2d66e0,https://sannongdata.cn/sn-minio/sn-ccp/public/picture/2022/202205/20220514/1652511135110_63332.jpg,https://sannongdata.cn/sn-minio/sn-ccp/public/picture/2022/202205/20220514/1652511135110_63332.jpg,"","",
ef9ce2ff-295e-46ff-84f4-6a5a26dbec5c,c0d01888-82c9-4e9d-b538-478430af8458,https://sannongdata.cn/sn-minio/sn-ccp/public/picture/2022/202205/20220514/1652510474147_25426.jpg,https://sannongdata.cn/sn-minio/sn-ccp/public/picture/2022/202205/20220514/1652510474147_25426.jpg,"","",
"0bce94b0-fa9b-4fb3-94bd-cab7f4250607",c1593579-2a72-4d5d-8784-15e343d0552a,https://sannongdata.cn/sn-minio/sn-ccp/public/picture/2021/202110/20211030/1635525759968_17497.jpg,https://sannongdata.cn/sn-minio/sn-ccp/public/picture/2021/202110/20211030/1635525759968_17497.jpg,"24.670119444444445","99.9133",
"186a20e2-0903-4f66-824f-5fe9d9902e2b",c1593579-2a72-4d5d-8784-15e343d0552a,https://sannongdata.cn/sn-minio/sn-ccp/public/picture/2021/202110/20211030/1635525759963_58139.jpg,https://sannongdata.cn/sn-minio/sn-ccp/public/picture/2021/202110/20211030/1635525759963_58139.jpg,"24.669180555555556","99.91258333333334",
"869af37f-4e19-4b9c-9e95-b6e25ef5eb06",c1593579-2a72-4d5d-8784-15e343d0552a,https://sannongdata.cn/sn-minio/sn-ccp/public/picture/2021/202110/20211030/1635525759966_65210.jpg,https://sannongdata.cn/sn-minio/sn-ccp/public/picture/2021/202110/20211030/1635525759966_65210.jpg,"","",
b0a8489c-4352-4fa2-adc6-efabb5bb7d71,c1593579-2a72-4d5d-8784-15e343d0552a,https://sannongdata.cn/sn-minio/sn-ccp/public/picture/2021/202110/20211030/1635525759961_84899.jpg,https://sannongdata.cn/sn-minio/sn-ccp/public/picture/2021/202110/20211030/1635525759961_84899.jpg,"24.669641666666667","99.91298611111111",
cfce36a1-7e79-4089-9c9e-ebc2b9888f07,c1593579-2a72-4d5d-8784-15e343d0552a,https://sannongdata.cn/sn-minio/sn-ccp/public/picture/2021/202110/20211030/1635525759964_95086.jpg,https://sannongdata.cn/sn-minio/sn-ccp/public/picture/2021/202110/20211030/1635525759964_95086.jpg,"24.669552777777778","99.91285833333333",
e8f019a3-a901-49af-a408-9ce9a490da46,c1593579-2a72-4d5d-8784-15e343d0552a,https://sannongdata.cn/sn-minio/sn-ccp/public/picture/2021/202110/20211030/1635525759959_37316.jpg,https://sannongdata.cn/sn-minio/sn-ccp/public/picture/2021/202110/20211030/1635525759959_37316.jpg,"","",
"28022ef0-2d7b-4eda-aa38-b60b1add944f",c160e5f2-97f4-461c-8a23-e92d38054abb,https://sannongdata.cn/sn-minio/sn-ccp/public/picture/2022/202204/20220402/1648868087361_11970.jpg,https://sannongdata.cn/sn-minio/sn-ccp/public/picture/2022/202204/20220402/1648868087361_11970.jpg,"24.65584361111111","99.90312944444445",
"4c09eba5-cd13-4e8e-979b-efb70e7765bb",c160e5f2-97f4-461c-8a23-e92d38054abb,https://sannongdata.cn/sn-minio/sn-ccp/public/picture/2022/202204/20220402/1648868087365_13096.jpg,https://sannongdata.cn/sn-minio/sn-ccp/public/picture/2022/202204/20220402/1648868087365_13096.jpg,"24.667241944444445","99.91508472222223",
"57de57c0-c6ab-436c-95a0-da4574715e08",c160e5f2-97f4-461c-8a23-e92d38054abb,https://sannongdata.cn/sn-minio/sn-ccp/public/picture/2022/202204/20220402/1648868087363_73670.jpg,https://sannongdata.cn/sn-minio/sn-ccp/public/picture/2022/202204/20220402/1648868087363_73670.jpg,"24.66843027777778","99.91394805555557",
"8f488f3e-1304-4d1c-8389-cff4aa13cc8d",c160e5f2-97f4-461c-8a23-e92d38054abb,https://sannongdata.cn/sn-minio/sn-ccp/public/picture/2022/202204/20220402/1648868087360_13019.jpg,https://sannongdata.cn/sn-minio/sn-ccp/public/picture/2022/202204/20220402/1648868087360_13019.jpg,"24.655935277777775","99.90312944444445",
"9a1012f7-ba72-4764-ae79-6a6cb633bc21",c160e5f2-97f4-461c-8a23-e92d38054abb,https://sannongdata.cn/sn-minio/sn-ccp/public/picture/2022/202204/20220402/1648868087358_45385.jpg,https://sannongdata.cn/sn-minio/sn-ccp/public/picture/2022/202204/20220402/1648868087358_45385.jpg,"24.655935277777775","99.90312944444445",
e09657d1-8d01-488c-a512-0710b4d6cd12,c160e5f2-97f4-461c-8a23-e92d38054abb,https://sannongdata.cn/sn-minio/sn-ccp/public/picture/2022/202204/20220402/1648868087356_87050.jpg,https://sannongdata.cn/sn-minio/sn-ccp/public/picture/2022/202204/20220402/1648868087356_87050.jpg,"24.655935277777775","99.90312944444445",
"697ec283-aaea-401f-a12b-5cb19c353434",c5d1a32b-1a1a-4375-bcfb-ba2ddbc3acd6,https://sannongdata.cn/sn-minio/sn-ccp/public/picture/2022/202205/20220514/1652510538063_73553.jpg,https://sannongdata.cn/sn-minio/sn-ccp/public/picture/2022/202205/20220514/1652510538063_73553.jpg,"","",
e3814c44-14b2-41e3-af99-7b1a71aab7de,c6da674c-46b6-486a-89ce-2cb4b04db56b,https://sannongdata.cn/sn-minio/sn-ccp/public/picture/2022/202205/20220514/1652501462232_24836.jpg,https://sannongdata.cn/sn-minio/sn-ccp/public/picture/2022/202205/20220514/1652501462232_24836.jpg,"24.63846027008968","99.90986326537383",
ff805aea-70d7-4e29-85e6-2f129772e859,c7b6b618-693a-4417-aca7-140815cc4e27,https://sannongdata.cn/sn-minio/sn-ccp/public/picture/2022/202205/20220514/1652501997502_71921.jpg,https://sannongdata.cn/sn-minio/sn-ccp/public/picture/2022/202205/20220514/1652501997502_71921.jpg,"24.638140241312808","99.9097975677212",
"451def8d-678a-441b-b4a4-06927bb99159",c8131d69-e113-48e5-b3d4-edaf96135acb,https://sannongdata.cn/sn-minio/sn-ccp/public/picture/2022/202205/20220517/1652756105115_32132.jpg,https://sannongdata.cn/sn-minio/sn-ccp/public/picture/2022/202205/20220517/1652756105115_32132.jpg,"","",
"25a28811-9f91-4a4d-97bc-5e198cb3fd9e",c82c4ea6-7e9c-487d-b86d-51902db89f0c,https://sannongdata.cn/sn-minio/sn-ccp/public/picture/2022/202205/20220515/1652605832680_24334.jpg,https://sannongdata.cn/sn-minio/sn-ccp/public/picture/2022/202205/20220515/1652605832680_24334.jpg,"","",
"1ea88194-8a43-4e34-a22f-9ff747b3aa55",c9d4cb96-be1d-4202-a9cf-692cc13fa6dc,https://sannongdata.cn/sn-minio/sn-ccp/public/picture/2022/202205/20220518/1652839966506_98101.jpg,https://sannongdata.cn/sn-minio/sn-ccp/public/picture/2022/202205/20220518/1652839966506_98101.jpg,"24.63733388888889","99.90880694444445",
"60eacd85-609f-4ca8-b42d-550db6e11e35",cad0317c-07f6-4104-9009-fb6397feb3fc,https://sannongdata.cn/sn-minio/sn-ccp/public/picture/2022/202205/20220518/1652844534250_73491.jpg,https://sannongdata.cn/sn-minio/sn-ccp/public/picture/2022/202205/20220518/1652844534250_73491.jpg,"24.637691944444445","99.90999388888889",
"1068aa4a-08c6-40f3-aff4-5ed772049858",cfdaa98a-789a-468a-8d94-c356b5769b22,https://sannongdata.cn/sn-minio/sn-ccp/public/picture/2022/202205/20220514/1652510369124_82029.jpg,https://sannongdata.cn/sn-minio/sn-ccp/public/picture/2022/202205/20220514/1652510369124_82029.jpg,"","",
"4be041b5-e39c-4224-b70f-7802096fc394",d1d7da4a-8231-45df-bc7e-8dc2a7fc7b3f,https://sannongdata.cn/sn-minio/sn-ccp/public/picture/2021/202110/20211030/1635525667686_53353.jpg,https://sannongdata.cn/sn-minio/sn-ccp/public/picture/2021/202110/20211030/1635525667686_53353.jpg,"","",
"5764a769-9c89-4e82-8214-b53ea9d6a354",d1d7da4a-8231-45df-bc7e-8dc2a7fc7b3f,https://sannongdata.cn/sn-minio/sn-ccp/public/picture/2021/202110/20211030/1635525667697_76845.jpg,https://sannongdata.cn/sn-minio/sn-ccp/public/picture/2021/202110/20211030/1635525667697_76845.jpg,"","",
b55bbb4f-127e-419d-a9e1-f99b7fa897e1,d1d7da4a-8231-45df-bc7e-8dc2a7fc7b3f,https://sannongdata.cn/sn-minio/sn-ccp/public/picture/2021/202110/20211030/1635525667691_44367.jpg,https://sannongdata.cn/sn-minio/sn-ccp/public/picture/2021/202110/20211030/1635525667691_44367.jpg,"24.65597861111111","99.90312277777778",
c1903c0f-923a-4c60-8430-1a25713a7469,d1d7da4a-8231-45df-bc7e-8dc2a7fc7b3f,https://sannongdata.cn/sn-minio/sn-ccp/public/picture/2021/202110/20211030/1635525667689_86637.jpg,https://sannongdata.cn/sn-minio/sn-ccp/public/picture/2021/202110/20211030/1635525667689_86637.jpg,"","",
df0e0d35-5707-4dbb-bc48-8c50a8d4f9f3,d1d7da4a-8231-45df-bc7e-8dc2a7fc7b3f,https://sannongdata.cn/sn-minio/sn-ccp/public/picture/2021/202110/20211030/1635525667695_58904.jpg,https://sannongdata.cn/sn-minio/sn-ccp/public/picture/2021/202110/20211030/1635525667695_58904.jpg,"","",
eb6ba26a-d519-4579-a91f-8af40172ac5f,d1d7da4a-8231-45df-bc7e-8dc2a7fc7b3f,https://sannongdata.cn/sn-minio/sn-ccp/public/picture/2021/202110/20211030/1635525667693_43272.jpg,https://sannongdata.cn/sn-minio/sn-ccp/public/picture/2021/202110/20211030/1635525667693_43272.jpg,"","",
c6293fbe-b086-4f4a-ad88-9e4447adc71d,d417dae2-7241-4aa6-ba51-4dadc1f95b11,https://sannongdata.cn/sn-minio/sn-ccp/public/picture/2022/202205/20220514/1652501217698_57773.jpg,https://sannongdata.cn/sn-minio/sn-ccp/public/picture/2022/202205/20220514/1652501217698_57773.jpg,"24.638241335302524","99.90988275828798",
"773a89c4-5458-4eb4-9d9f-b8737a0467e0",d540d629-1b75-47fb-9840-386dc295725d,https://sannongdata.cn/sn-minio/sn-ccp/public/picture/2021/202110/20211030/1635525383892_90281.jpg,https://sannongdata.cn/sn-minio/sn-ccp/public/picture/2021/202110/20211030/1635525383892_90281.jpg,"24.650063888888887","99.90541944444445",
"7eed1a46-d36a-4e2c-9cb8-4f52f4d400e0",d540d629-1b75-47fb-9840-386dc295725d,https://sannongdata.cn/sn-minio/sn-ccp/public/picture/2021/202110/20211030/1635525383885_88938.jpg,https://sannongdata.cn/sn-minio/sn-ccp/public/picture/2021/202110/20211030/1635525383885_88938.jpg,"24.653916666666664","99.90876111111112",
"84d1df09-1e11-498e-bec8-3564bf7a8974",d540d629-1b75-47fb-9840-386dc295725d,https://sannongdata.cn/sn-minio/sn-ccp/public/picture/2021/202110/20211030/1635525383888_4285.jpg,https://sannongdata.cn/sn-minio/sn-ccp/public/picture/2021/202110/20211030/1635525383888_4285.jpg,"24.651338888888887","99.90212222222223",
f93d5603-f52d-41dd-adde-1445410ed0b3,d540d629-1b75-47fb-9840-386dc295725d,https://sannongdata.cn/sn-minio/sn-ccp/public/picture/2021/202110/20211030/1635525383889_25062.jpg,https://sannongdata.cn/sn-minio/sn-ccp/public/picture/2021/202110/20211030/1635525383889_25062.jpg,"24.651319444444443","99.90213055555556",
"10b6ac62-1101-41d0-b3ae-e5e09a882ff0",d6393654-95d4-4198-bd50-2974931fc30f,https://sannongdata.cn/sn-minio/sn-ccp/public/picture/2022/202205/20220517/1652760538775_47283.jpg,https://sannongdata.cn/sn-minio/sn-ccp/public/picture/2022/202205/20220517/1652760538775_47283.jpg,"","",
"0d3cf7ad-eb6f-40ec-8a2a-b2265ea41412",d6fce7c9-9cce-4577-b1fd-88e5334044ad,https://sannongdata.cn/sn-minio/sn-ccp/public/picture/2022/202205/20220517/1652773288693_91586.jpg,https://sannongdata.cn/sn-minio/sn-ccp/public/picture/2022/202205/20220517/1652773288693_91586.jpg,"24.637675113059583","99.91095517771309",
a5a0b55c-c072-404c-9268-76cd1f2166d5,d8e24feb-8a23-45dc-9634-fa59d425eed6,https://sannongdata.cn/sn-minio/sn-ccp/public/picture/2022/202205/20220514/1652510699461_40846.jpg,https://sannongdata.cn/sn-minio/sn-ccp/public/picture/2022/202205/20220514/1652510699461_40846.jpg,"","",
"0ba72622-2600-4cb8-a233-68050721a384",dcb76f0f-8559-4d52-b81c-968798991ce4,https://sannongdata.cn/sn-minio/sn-ccp/public/picture/2021/202110/20211030/1635525838841_23735.jpg,https://sannongdata.cn/sn-minio/sn-ccp/public/picture/2021/202110/20211030/1635525838841_23735.jpg,"","",
"63a8126f-e8c9-4542-9084-7bbe4cd0055b",dcb76f0f-8559-4d52-b81c-968798991ce4,https://sannongdata.cn/sn-minio/sn-ccp/public/picture/2021/202110/20211030/1635525838833_65591.jpg,https://sannongdata.cn/sn-minio/sn-ccp/public/picture/2021/202110/20211030/1635525838833_65591.jpg,"","",
"80f724ba-1967-4fff-900b-03b537e2b90c",dcb76f0f-8559-4d52-b81c-968798991ce4,https://sannongdata.cn/sn-minio/sn-ccp/public/picture/2021/202110/20211030/1635525838839_68478.jpg,https://sannongdata.cn/sn-minio/sn-ccp/public/picture/2021/202110/20211030/1635525838839_68478.jpg,"","",
"84e2dd14-6143-4d38-9945-52abfb8d5933",dcb76f0f-8559-4d52-b81c-968798991ce4,https://sannongdata.cn/sn-minio/sn-ccp/public/picture/2021/202110/20211030/1635525838843_9705.jpg,https://sannongdata.cn/sn-minio/sn-ccp/public/picture/2021/202110/20211030/1635525838843_9705.jpg,"","",
"935e2749-8573-4f5d-99d9-450e05a4295a",dcb76f0f-8559-4d52-b81c-968798991ce4,https://sannongdata.cn/sn-minio/sn-ccp/public/picture/2021/202110/20211030/1635525838842_18848.jpg,https://sannongdata.cn/sn-minio/sn-ccp/public/picture/2021/202110/20211030/1635525838842_18848.jpg,"","",
e596e419-3e8c-45d9-aa24-ee8817ff40ef,dcb76f0f-8559-4d52-b81c-968798991ce4,https://sannongdata.cn/sn-minio/sn-ccp/public/picture/2021/202110/20211030/1635525838837_96497.jpg,https://sannongdata.cn/sn-minio/sn-ccp/public/picture/2021/202110/20211030/1635525838837_96497.jpg,"","",
"23ee8167-90de-41b8-ac89-2ffba5f0d902",dd9debf8-adbf-47ff-bfaf-14b6eb6b8a4d,https://sannongdata.cn/sn-minio/sn-ccp/public/picture/2022/202205/20220515/1652597709124_21002.jpg,https://sannongdata.cn/sn-minio/sn-ccp/public/picture/2022/202205/20220515/1652597709124_21002.jpg,"","",
"2fcc2bdd-c37d-4112-912d-0aad6944bc7d",de79c824-2f6b-4fb1-9fa3-2c771bf86224,https://sannongdata.cn/sn-minio/sn-ccp/public/picture/2022/202205/20220517/1652786298688_27417.jpg,https://sannongdata.cn/sn-minio/sn-ccp/public/picture/2022/202205/20220517/1652786298688_27417.jpg,"24.638066666666667","99.91037777777778",
"55da0064-3945-4643-8634-628ab6c2a072",de79c824-2f6b-4fb1-9fa3-2c771bf86224,https://sannongdata.cn/sn-minio/sn-ccp/public/picture/2022/202205/20220517/1652786298691_69386.jpg,https://sannongdata.cn/sn-minio/sn-ccp/public/picture/2022/202205/20220517/1652786298691_69386.jpg,"","",
"69789e9c-b6de-44b9-b395-f730df0e1e21",de79c824-2f6b-4fb1-9fa3-2c771bf86224,https://sannongdata.cn/sn-minio/sn-ccp/public/picture/2022/202205/20220517/1652786298690_81889.jpg,https://sannongdata.cn/sn-minio/sn-ccp/public/picture/2022/202205/20220517/1652786298690_81889.jpg,"","",
e60812be-7bde-438f-b7c7-df6a73da3b19,de79c824-2f6b-4fb1-9fa3-2c771bf86224,https://sannongdata.cn/sn-minio/sn-ccp/public/picture/2022/202205/20220517/1652786298690_96659.jpg,https://sannongdata.cn/sn-minio/sn-ccp/public/picture/2022/202205/20220517/1652786298690_96659.jpg,"24.637916666666666","99.9102388888889",
"075e3781-b00a-4008-8322-df7eb3f93e27",df2323b2-ebbc-4be5-9db0-46e0e08ae516,https://sannongdata.cn/sn-minio/sn-ccp/public/picture/2021/202110/20211029/1635443452400_66771.jpg,https://sannongdata.cn/sn-minio/sn-ccp/public/picture/2021/202110/20211029/1635443452400_66771.jpg,"24.642707777777776","99.9086913888889",
"208ed816-b407-4b78-86fb-1cbb3ac90f86",df2323b2-ebbc-4be5-9db0-46e0e08ae516,https://sannongdata.cn/sn-minio/sn-ccp/public/picture/2021/202110/20211029/1635443452394_95441.jpg,https://sannongdata.cn/sn-minio/sn-ccp/public/picture/2021/202110/20211029/1635443452394_95441.jpg,"24.63914861111111","99.9100875",
"5a205bcd-ef05-4b96-a9d1-3ad12ce63c0a",df2323b2-ebbc-4be5-9db0-46e0e08ae516,https://sannongdata.cn/sn-minio/sn-ccp/public/picture/2021/202110/20211029/1635443452390_33249.jpg,https://sannongdata.cn/sn-minio/sn-ccp/public/picture/2021/202110/20211029/1635443452390_33249.jpg,"24.635698333333334","99.90818777777778",
"5b71ae35-4330-4fa9-832f-51092ae9e99c",df2323b2-ebbc-4be5-9db0-46e0e08ae516,https://sannongdata.cn/sn-minio/sn-ccp/public/picture/2021/202110/20211029/1635443452391_65172.jpg,https://sannongdata.cn/sn-minio/sn-ccp/public/picture/2021/202110/20211029/1635443452391_65172.jpg,"24.635698333333334","99.90818777777778",
"6ee3679a-4792-4f58-b306-e33523238b2a",df2323b2-ebbc-4be5-9db0-46e0e08ae516,https://sannongdata.cn/sn-minio/sn-ccp/public/picture/2021/202110/20211029/1635443452399_37625.jpg,https://sannongdata.cn/sn-minio/sn-ccp/public/picture/2021/202110/20211029/1635443452399_37625.jpg,"24.642288333333333","99.90900416666668",
"9da04461-f37b-4396-8a44-94e66fe9c00d",df2323b2-ebbc-4be5-9db0-46e0e08ae516,https://sannongdata.cn/sn-minio/sn-ccp/public/picture/2021/202110/20211029/1635443452400_20865.jpg,https://sannongdata.cn/sn-minio/sn-ccp/public/picture/2021/202110/20211029/1635443452400_20865.jpg,"24.642116666666666","99.90721888888889",
bb501242-f50d-4867-89b2-48a5f71caf8e,df2323b2-ebbc-4be5-9db0-46e0e08ae516,https://sannongdata.cn/sn-minio/sn-ccp/public/picture/2021/202110/20211029/1635443452392_86342.jpg,https://sannongdata.cn/sn-minio/sn-ccp/public/picture/2021/202110/20211029/1635443452392_86342.jpg,"24.637474166666667","99.90965277777778",
beec9f8f-c074-4e5e-a7fe-15cc95f831ac,df2323b2-ebbc-4be5-9db0-46e0e08ae516,https://sannongdata.cn/sn-minio/sn-ccp/public/picture/2021/202110/20211029/1635443452396_34604.jpg,https://sannongdata.cn/sn-minio/sn-ccp/public/picture/2021/202110/20211029/1635443452396_34604.jpg,"24.642288333333333","99.90900416666668",
c9baf338-d7ad-404c-8f83-8d5545fcb6e8,df2323b2-ebbc-4be5-9db0-46e0e08ae516,https://sannongdata.cn/sn-minio/sn-ccp/public/picture/2021/202110/20211029/1635443452398_49083.jpg,https://sannongdata.cn/sn-minio/sn-ccp/public/picture/2021/202110/20211029/1635443452398_49083.jpg,"24.6417675","99.90988166666668",
df95c98c-c161-4c1c-b229-0229bc766734,df2323b2-ebbc-4be5-9db0-46e0e08ae516,https://sannongdata.cn/sn-minio/sn-ccp/public/picture/2021/202110/20211029/1635443452393_20868.jpg,https://sannongdata.cn/sn-minio/sn-ccp/public/picture/2021/202110/20211029/1635443452393_20868.jpg,"24.63914861111111","99.9100875",
f3139a90-43b3-43cc-8433-4f91caf89161,df2323b2-ebbc-4be5-9db0-46e0e08ae516,https://sannongdata.cn/sn-minio/sn-ccp/public/picture/2021/202110/20211029/1635443452395_66873.jpg,https://sannongdata.cn/sn-minio/sn-ccp/public/picture/2021/202110/20211029/1635443452395_66873.jpg,"24.64108277777778","99.910385",
feca7a8e-32af-4542-ae44-a2a7413e9e69,df2323b2-ebbc-4be5-9db0-46e0e08ae516,https://sannongdata.cn/sn-minio/sn-ccp/public/picture/2021/202110/20211029/1635443452397_37717.jpg,https://sannongdata.cn/sn-minio/sn-ccp/public/picture/2021/202110/20211029/1635443452397_37717.jpg,"24.642288333333333","99.90900416666668",
fd624dd5-5a7b-462e-bd6f-d6344d5ac01b,e15fa007-d13e-4dce-a903-bb052929ba6c,https://sannongdata.cn/sn-minio/sn-ccp/public/picture/2022/202205/20220518/1652842942453_52936.jpg,https://sannongdata.cn/sn-minio/sn-ccp/public/picture/2022/202205/20220518/1652842942453_52936.jpg,"24.640196944444444","99.909715",
"369587a5-dd78-4ee4-a484-bc10363746c2",e62db00e-8cda-47c1-8b94-f0b25b6ca65e,https://sannongdata.cn/sn-minio/sn-ccp/public/picture/2022/202208/20220827/1661566689103_23080.jpg,https://sannongdata.cn/sn-minio/sn-ccp/public/picture/2022/202208/20220827/1661566689103_23080.jpg,"","",
"6c9b7aa2-0385-4ac5-90b8-233dfbfa46f4",e62db00e-8cda-47c1-8b94-f0b25b6ca65e,https://sannongdata.cn/sn-minio/sn-ccp/public/picture/2022/202208/20220827/1661566689112_88980.jpg,https://sannongdata.cn/sn-minio/sn-ccp/public/picture/2022/202208/20220827/1661566689112_88980.jpg,"","",
"8c66a9ba-d934-40f8-83fa-de341d26e281",e62db00e-8cda-47c1-8b94-f0b25b6ca65e,https://sannongdata.cn/sn-minio/sn-ccp/public/picture/2022/202208/20220827/1661566689110_34308.jpg,https://sannongdata.cn/sn-minio/sn-ccp/public/picture/2022/202208/20220827/1661566689110_34308.jpg,"","",
a529d5a2-c101-49fc-9391-a023c02a1a7c,e62db00e-8cda-47c1-8b94-f0b25b6ca65e,https://sannongdata.cn/sn-minio/sn-ccp/public/picture/2022/202208/20220827/1661566689106_71009.jpg,https://sannongdata.cn/sn-minio/sn-ccp/public/picture/2022/202208/20220827/1661566689106_71009.jpg,"","",
dc19bb87-4aaa-4481-a099-163cc6b8f7cf,e62db00e-8cda-47c1-8b94-f0b25b6ca65e,https://sannongdata.cn/sn-minio/sn-ccp/public/picture/2022/202208/20220827/1661566689113_88548.jpg,https://sannongdata.cn/sn-minio/sn-ccp/public/picture/2022/202208/20220827/1661566689113_88548.jpg,"","",
fb7b090f-1a5f-4304-b888-d9972d7e9d05,e62db00e-8cda-47c1-8b94-f0b25b6ca65e,https://sannongdata.cn/sn-minio/sn-ccp/public/picture/2022/202208/20220827/1661566689108_18176.jpg,https://sannongdata.cn/sn-minio/sn-ccp/public/picture/2022/202208/20220827/1661566689108_18176.jpg,"","",
"0cee8d22-2918-4791-97c1-a18b7803cc5d",e7a04134-d2eb-4a39-8d28-d1237cd3e11d,https://sannongdata.cn/sn-minio/sn-ccp/public/picture/2022/202209/20220925/1664115276402_31820.jpg,https://sannongdata.cn/sn-minio/sn-ccp/public/picture/2022/202209/20220925/1664115276402_31820.jpg,"","",
"0ecb3d70-8394-4613-b3fe-896bcb0ea8f5",e7a04134-d2eb-4a39-8d28-d1237cd3e11d,https://sannongdata.cn/sn-minio/sn-ccp/public/picture/2022/202209/20220925/1664115276401_45263.jpg,https://sannongdata.cn/sn-minio/sn-ccp/public/picture/2022/202209/20220925/1664115276401_45263.jpg,"","",
"70110c30-4705-4362-be4b-a9947e923f85",e7a04134-d2eb-4a39-8d28-d1237cd3e11d,https://sannongdata.cn/sn-minio/sn-ccp/public/picture/2022/202209/20220925/1664115276404_25629.jpg,https://sannongdata.cn/sn-minio/sn-ccp/public/picture/2022/202209/20220925/1664115276404_25629.jpg,"","",
"8607af5f-75c3-4396-97f3-0372238b0701",e7a04134-d2eb-4a39-8d28-d1237cd3e11d,https://sannongdata.cn/sn-minio/sn-ccp/public/picture/2022/202209/20220925/1664115276399_39527.jpg,https://sannongdata.cn/sn-minio/sn-ccp/public/picture/2022/202209/20220925/1664115276399_39527.jpg,"","",
"88ebb906-9936-42da-a51e-e3e7ae40cc59",e7a04134-d2eb-4a39-8d28-d1237cd3e11d,https://sannongdata.cn/sn-minio/sn-ccp/public/picture/2022/202209/20220925/1664115276405_79288.jpg,https://sannongdata.cn/sn-minio/sn-ccp/public/picture/2022/202209/20220925/1664115276405_79288.jpg,"","",
da408d04-3c0a-4066-8e08-81b6d74ae026,e7a04134-d2eb-4a39-8d28-d1237cd3e11d,https://sannongdata.cn/sn-minio/sn-ccp/public/picture/2022/202209/20220925/1664115276395_72335.jpg,https://sannongdata.cn/sn-minio/sn-ccp/public/picture/2022/202209/20220925/1664115276395_72335.jpg,"","",
"51a826fc-cc8e-4d98-a922-fd6c86581d4c",e7d9f065-bdd1-44b6-8b27-dc6598159f94,https://sannongdata.cn/sn-minio/sn-ccp/public/picture/2022/202205/20220518/1652842624181_88945.jpg,https://sannongdata.cn/sn-minio/sn-ccp/public/picture/2022/202205/20220518/1652842624181_88945.jpg,"24.640450833333333","99.90896111111111",
f26c865e-eb31-4d05-baeb-d909b4b6a9d8,e862be80-5067-4bc3-a679-f9fa8d136bf3,https://sannongdata.cn/sn-minio/sn-ccp/public/picture/2022/202205/20220518/1652840969376_56571.jpg,https://sannongdata.cn/sn-minio/sn-ccp/public/picture/2022/202205/20220518/1652840969376_56571.jpg,"24.63748111111111","99.90958888888889",
"63339afd-6560-4372-b225-ebcaae30bf6c",ebc7d0fe-a06a-4325-a95b-07bab9ea4157,https://sannongdata.cn/sn-minio/sn-ccp/public/picture/2022/202205/20220515/1652597320634_73840.jpg,https://sannongdata.cn/sn-minio/sn-ccp/public/picture/2022/202205/20220515/1652597320634_73840.jpg,"","",
"4f75482d-46b3-4095-833e-053b17cac8e6",ec0f49e8-a567-4664-a954-cf2770c02517,https://sannongdata.cn/sn-minio/sn-ccp/public/picture/2022/202205/20220518/1652843765934_78943.jpg,https://sannongdata.cn/sn-minio/sn-ccp/public/picture/2022/202205/20220518/1652843765934_78943.jpg,"24.639143055555554","99.9094238888889",
d67a8385-1836-4b3f-9aef-e0d8ced574d3,ecba5f97-422b-4022-8b72-932a670dad20,https://sannongdata.cn/sn-minio/sn-ccp/public/picture/2022/202205/20220517/1652760456524_17082.jpg,https://sannongdata.cn/sn-minio/sn-ccp/public/picture/2022/202205/20220517/1652760456524_17082.jpg,"","",
"4c3a8862-36f0-4ac2-b1ae-bf62834f31b2",ed287dbd-5349-4f9d-aa6e-67c6dd787cfd,https://sannongdata.cn/sn-minio/sn-ccp/public/picture/2022/202205/20220514/1652501130692_83163.jpg,https://sannongdata.cn/sn-minio/sn-ccp/public/picture/2022/202205/20220514/1652501130692_83163.jpg,"","",
"6313af34-6e54-4c28-af5f-77c4c85d39c8",ed287dbd-5349-4f9d-aa6e-67c6dd787cfd,https://sannongdata.cn/sn-minio/sn-ccp/public/picture/2022/202205/20220514/1652501130690_63356.jpg,https://sannongdata.cn/sn-minio/sn-ccp/public/picture/2022/202205/20220514/1652501130690_63356.jpg,"24.638283277647837","99.9098497779239",
"4af30209-9d30-4ee7-8aab-f70ca23c0c4c",edf7aa00-14aa-4a80-a373-f59153731f1b,https://sannongdata.cn/sn-minio/sn-ccp/public/picture/2022/202205/20220517/1652774320754_47548.jpg,https://sannongdata.cn/sn-minio/sn-ccp/public/picture/2022/202205/20220517/1652774320754_47548.jpg,"24.637734886812165","99.91013031955725",
"698d7037-4e11-4e99-96c8-a9ec39437a57",eebbc471-cfee-42c9-bff0-e3c2b06bfbb8,https://sannongdata.cn/sn-minio/sn-ccp/public/picture/2022/202205/20220517/1652757027692_27502.jpg,https://sannongdata.cn/sn-minio/sn-ccp/public/picture/2022/202205/20220517/1652757027692_27502.jpg,"24.63798611111111","99.90925250000001",
d724716d-44a1-4ef0-ac48-032ab2c7825e,f1c32704-fffb-4544-b9b3-5ddb482d7f43,https://sannongdata.cn/sn-minio/sn-ccp/public/picture/2022/202205/20220517/1652770746926_30742.jpg,https://sannongdata.cn/sn-minio/sn-ccp/public/picture/2022/202205/20220517/1652770746926_30742.jpg,"24.638022222222222","99.91024722222222",
"38efbf7b-ca7f-4f5f-8c6a-338d9f4b0c1f",f4198a7d-4b89-4ccd-919e-c761d4ba21b6,https://sannongdata.cn/sn-minio/sn-ccp/public/picture/2022/202205/20220515/1652597213839_9128.jpg,https://sannongdata.cn/sn-minio/sn-ccp/public/picture/2022/202205/20220515/1652597213839_9128.jpg,"","",
"2a8c8a2d-61f8-497c-8034-9c12fca8b7e6",f55c3765-2446-454d-94a0-6651f81cab94,https://sannongdata.cn/sn-minio/sn-ccp/public/picture/2021/202112/20211201/1638372767995_21656.jpg,https://sannongdata.cn/sn-minio/sn-ccp/public/picture/2021/202112/20211201/1638372767995_21656.jpg,"","",
"775d45d1-f637-4ce6-bde8-89f431cca7af",f55c3765-2446-454d-94a0-6651f81cab94,https://sannongdata.cn/sn-minio/sn-ccp/public/picture/2021/202112/20211201/1638372767997_57764.jpg,https://sannongdata.cn/sn-minio/sn-ccp/public/picture/2021/202112/20211201/1638372767997_57764.jpg,"","",
"874f3efa-0006-464c-a63e-8409b07cc402",f55c3765-2446-454d-94a0-6651f81cab94,https://sannongdata.cn/sn-minio/sn-ccp/public/picture/2021/202112/20211201/1638372767992_44395.jpg,https://sannongdata.cn/sn-minio/sn-ccp/public/picture/2021/202112/20211201/1638372767992_44395.jpg,"","",
"8c55bf4a-12f4-49b9-8584-409afa625cda",f55c3765-2446-454d-94a0-6651f81cab94,https://sannongdata.cn/sn-minio/sn-ccp/public/picture/2021/202112/20211201/1638372767997_11042.jpg,https://sannongdata.cn/sn-minio/sn-ccp/public/picture/2021/202112/20211201/1638372767997_11042.jpg,"","",
a50b21b5-46f4-4dd7-803b-2d2b9617e950,f55c3765-2446-454d-94a0-6651f81cab94,https://sannongdata.cn/sn-minio/sn-ccp/public/picture/2021/202112/20211201/1638372767993_65730.jpg,https://sannongdata.cn/sn-minio/sn-ccp/public/picture/2021/202112/20211201/1638372767993_65730.jpg,"","",
adeb2f08-7ad3-40cc-b39a-97d91f8173fa,f55c3765-2446-454d-94a0-6651f81cab94,https://sannongdata.cn/sn-minio/sn-ccp/public/picture/2021/202112/20211201/1638372767994_59386.jpg,https://sannongdata.cn/sn-minio/sn-ccp/public/picture/2021/202112/20211201/1638372767994_59386.jpg,"","",
c8710d7d-46e3-4b79-9aa0-63397658a384,f5a8dca8-7f3b-4d6b-b8e1-72c7f4a7062c,https://sannongdata.cn/sn-minio/sn-ccp/public/picture/2022/202205/20220514/1652501657544_53001.jpg,https://sannongdata.cn/sn-minio/sn-ccp/public/picture/2022/202205/20220514/1652501657544_53001.jpg,"24.638181835049703","99.90982356302648",
"344cdbfa-27b8-4169-b6d5-3b3e23e3e9bc",f6b5bf02-8c0f-4d83-818e-7e9c07b700bc,https://sannongdata.cn/sn-minio/sn-ccp/public/picture/2022/202205/20220515/1652597389963_26922.jpg,https://sannongdata.cn/sn-minio/sn-ccp/public/picture/2022/202205/20220515/1652597389963_26922.jpg,"","",
"93b0045a-caa4-4a9d-8fdd-fe9fd418f1dc",f7d6a8b5-371a-44e8-9007-b7e17be34033,https://sannongdata.cn/sn-minio/sn-ccp/public/picture/2022/202205/20220517/1652759475886_57210.jpg,https://sannongdata.cn/sn-minio/sn-ccp/public/picture/2022/202205/20220517/1652759475886_57210.jpg,"24.64038438274626","99.90949184065357",
"307c08a6-8ba1-45f1-84a6-fb92cdfb2b28",fb25c130-a4fc-4f3d-adc6-8c2e54440795,https://sannongdata.cn/sn-minio/sn-ccp/public/picture/2021/202110/20211030/1635525451636_60932.png,https://sannongdata.cn/sn-minio/sn-ccp/public/picture/2021/202110/20211030/1635525451636_60932.png,"","",
"45e3068a-b498-4b7c-b946-af17f38f3be6",fb25c130-a4fc-4f3d-adc6-8c2e54440795,https://sannongdata.cn/sn-minio/sn-ccp/public/picture/2021/202110/20211030/1635525451639_14319.png,https://sannongdata.cn/sn-minio/sn-ccp/public/picture/2021/202110/20211030/1635525451639_14319.png,"","",
"77ee1c4c-c417-49ad-abc3-fd5fbf28ffe6",fb25c130-a4fc-4f3d-adc6-8c2e54440795,https://sannongdata.cn/sn-minio/sn-ccp/public/picture/2021/202110/20211030/1635525451638_36496.png,https://sannongdata.cn/sn-minio/sn-ccp/public/picture/2021/202110/20211030/1635525451638_36496.png,"","",
a0b26af5-1f6d-4c0e-9253-72818dc60c64,fb25c130-a4fc-4f3d-adc6-8c2e54440795,https://sannongdata.cn/sn-minio/sn-ccp/public/picture/2021/202110/20211030/1635525451637_45690.png,https://sannongdata.cn/sn-minio/sn-ccp/public/picture/2021/202110/20211030/1635525451637_45690.png,"","",
d97e9f56-821b-41a0-bf27-0c8df22b1b49,fb25c130-a4fc-4f3d-adc6-8c2e54440795,https://sannongdata.cn/sn-minio/sn-ccp/public/picture/2021/202110/20211030/1635525451635_38014.png,https://sannongdata.cn/sn-minio/sn-ccp/public/picture/2021/202110/20211030/1635525451635_38014.png,"","",
ec490546-9cdc-427f-8208-505ddd136aa8,fb25c130-a4fc-4f3d-adc6-8c2e54440795,https://sannongdata.cn/sn-minio/sn-ccp/public/picture/2021/202110/20211030/1635525451638_75311.png,https://sannongdata.cn/sn-minio/sn-ccp/public/picture/2021/202110/20211030/1635525451638_75311.png,"","",
b4f83bd3-77ca-4c55-bc59-2a03ceb48fa9,fb4e9b21-8194-4a85-83af-3ea76f374cb3,https://sannongdata.cn/sn-minio/sn-ccp/public/picture/2022/202205/20220514/1652507911325_58210.jpg,https://sannongdata.cn/sn-minio/sn-ccp/public/picture/2022/202205/20220514/1652507911325_58210.jpg,"","",
ec053c74-bcf3-45e6-94fa-4d43286ef531,fb7b603d-2aad-4d33-a42e-d70abd9d7a1a,https://sannongdata.cn/sn-minio/sn-ccp/public/picture/2022/202208/20220805/1659682794424_75906.jpg,https://sannongdata.cn/sn-minio/sn-ccp/public/picture/2022/202208/20220805/1659682794424_75906.jpg,"","",
"390b7462-8c1f-4cea-a3e1-6835b40dcf8b",fbcb4e73-9425-4200-afcb-657646e173b4,https://sannongdata.cn/sn-minio/sn-ccp/public/picture/2022/202205/20220515/1652605661589_42886.jpg,https://sannongdata.cn/sn-minio/sn-ccp/public/picture/2022/202205/20220515/1652605661589_42886.jpg,"","",
"319c3c87-da5d-4df7-a34b-5849e5f86618",fe6eabe2-78e9-453c-8a78-38ebc4cd88ae,https://sannongdata.cn/sn-minio/sn-ccp/public/picture/2022/202201/20220117/1642394129626_7782.jpg,https://sannongdata.cn/sn-minio/sn-ccp/public/picture/2022/202201/20220117/1642394129626_7782.jpg,"","",
"37221d24-d237-4ba0-b22f-9d045f3fc1ac",fe6eabe2-78e9-453c-8a78-38ebc4cd88ae,https://sannongdata.cn/sn-minio/sn-ccp/public/picture/2022/202201/20220117/1642394129623_12037.jpg,https://sannongdata.cn/sn-minio/sn-ccp/public/picture/2022/202201/20220117/1642394129623_12037.jpg,"","",
"6ca2c56f-f90b-4ce4-bf47-061fef68ac16",fe6eabe2-78e9-453c-8a78-38ebc4cd88ae,https://sannongdata.cn/sn-minio/sn-ccp/public/picture/2022/202201/20220117/1642394129628_1326.jpg,https://sannongdata.cn/sn-minio/sn-ccp/public/picture/2022/202201/20220117/1642394129628_1326.jpg,"","",
"86d9719b-3fb2-4252-8bee-cae304836709",fe6eabe2-78e9-453c-8a78-38ebc4cd88ae,https://sannongdata.cn/sn-minio/sn-ccp/public/picture/2022/202201/20220117/1642394129630_66039.jpg,https://sannongdata.cn/sn-minio/sn-ccp/public/picture/2022/202201/20220117/1642394129630_66039.jpg,"","",
a51b3721-8104-4a55-9ff5-6a62091b4639,fe6eabe2-78e9-453c-8a78-38ebc4cd88ae,https://sannongdata.cn/sn-minio/sn-ccp/public/picture/2022/202201/20220117/1642394129631_35145.jpg,https://sannongdata.cn/sn-minio/sn-ccp/public/picture/2022/202201/20220117/1642394129631_35145.jpg,"","",
da8a46e7-9833-433b-bc15-e4847961eeff,fe6eabe2-78e9-453c-8a78-38ebc4cd88ae,https://sannongdata.cn/sn-minio/sn-ccp/public/picture/2022/202201/20220117/1642394129632_94047.jpg,https://sannongdata.cn/sn-minio/sn-ccp/public/picture/2022/202201/20220117/1642394129632_94047.jpg,"","",
"6adbd7bb-1050-4d08-954c-b9d306efaf3f",ff98dacd-beaf-42ff-b77b-b5f0f0d4b4e8,https://sannongdata.cn/sn-minio/sn-ccp/public/picture/2022/202205/20220517/1652770844116_15073.jpg,https://sannongdata.cn/sn-minio/sn-ccp/public/picture/2022/202205/20220517/1652770844116_15073.jpg,"","",
"5f91026d-bb0b-46c4-8d9d-dab3ee27dc12",ffae77b7-a95d-417b-a854-4de93427231f,https://sannongdata.cn/sn-minio/sn-ccp/public/picture/2022/202205/20220515/1652596463191_8856.jpg,https://sannongdata.cn/sn-minio/sn-ccp/public/picture/2022/202205/20220515/1652596463191_8856.jpg,"","",
"79fc81e0-a55c-4d83-90f8-3054a0cdb2a4",ffb7435c-fa7e-46f7-aa51-8f03daad2eb6,https://sannongdata.cn/sn-minio/sn-ccp/public/picture/2022/202205/20220515/1652605764190_97003.jpg,https://sannongdata.cn/sn-minio/sn-ccp/public/picture/2022/202205/20220515/1652605764190_97003.jpg,"","",
